{"type": "FeatureCollection", "features": [{"type": "Feature", "geometry": {"type": "LineString", "coordinates": [[12.564894, 55.672755], [12.565448, 55.672199], [12.56592, 55.671619], [12.566311, 55.671023], [12.566441, 55.670705], [12.566541, 55.670225], [12.566529, 55.669749], [12.566406, 55.669267], [12.566157, 55.668807], [12.565939, 55.668507], [12.56569, 55.668218], [12.565208, 55.667818], [12.564835, 55.667568], [12.562396, 55.666291], [12.559909, 55.665005], [12.55951, 55.664819], [12.559511, 55.664828], [12.559164, 55.664685], [12.558804, 55.66457], [12.558429, 55.664473], [12.558024, 55.664394], [12.5477, 55.663165], [12.547051, 55.663022], [12.546065, 55.662844], [12.545389, 55.662764], [12.544539, 55.662681], [12.544377, 55.66265], [12.54359, 55.662394], [12.542944, 55.662116], [12.542343, 55.661791], [12.541817, 55.661429], [12.541383, 55.661028], [12.541134, 55.660738], [12.53992, 55.65875], [12.53929, 55.657411], [12.538906, 55.656145], [12.538576, 55.65566], [12.53831, 55.655362], [12.537997, 55.655065], [12.537482, 55.654648], [12.536557, 55.654082], [12.535749, 55.653763], [12.529576, 55.651972], [12.528437, 55.65169], [12.527341, 55.651524], [12.523831, 55.65122], [12.522845, 55.651222], [12.522196, 55.651249], [12.52122, 55.651358], [12.52028, 55.65152], [12.517843, 55.652183], [12.517389, 55.652268], [12.516918, 55.652327], [12.516443, 55.652359], [12.515967, 55.652363], [12.515503, 55.652331], [12.514955, 55.652257], [12.514438, 55.652164], [12.513918, 55.652035], [12.513442, 55.651878], [12.512981, 55.651702], [12.512351, 55.651406], [12.511964, 55.651174], [12.511624, 55.650923], [12.508406, 55.648021], [12.505956, 55.64587], [12.504546, 55.644328], [12.503428, 55.642849], [12.501936, 55.641453], [12.49999, 55.639953], [12.499649, 55.639693], [12.495383, 55.636075], [12.494193, 55.634841], [12.492718, 55.633094], [12.491382, 55.632017], [12.489502, 55.631072], [12.487374, 55.630377], [12.48463, 55.629718], [12.482352, 55.629127], [12.478222, 55.628075], [12.475036, 55.627455], [12.471667, 55.627092], [12.465002, 55.62684], [12.46233, 55.626637], [12.454604, 55.625524], [12.4541, 55.625395], [12.45212, 55.624929], [12.43934, 55.62144], [12.436961, 55.620949], [12.434662, 55.620636], [12.431182, 55.620455], [12.427773, 55.620541], [12.422664, 55.620981], [12.422332, 55.621008], [12.418228, 55.621131], [12.414784, 55.621362], [12.412287, 55.621693], [12.406566, 55.622787], [12.403074, 55.623379], [12.399624, 55.623726], [12.396642, 55.623791], [12.393695, 55.623702], [12.390984, 55.623588], [12.388414, 55.623452], [12.387472, 55.623397], [12.38253, 55.623219], [12.377398, 55.622848], [12.374908, 55.622539], [12.372098, 55.622005], [12.369459, 55.62125], [12.366912, 55.620268], [12.365204, 55.619434], [12.363627, 55.618462], [12.362113, 55.617298], [12.360166, 55.615526], [12.357887, 55.613395], [12.355749, 55.611431], [12.352959, 55.609259], [12.350084, 55.607594], [12.337971, 55.600938], [12.335923, 55.599636], [12.333188, 55.597526]]}, "properties": {"shape_id": "2414", "route_id": "16448_109", "route_short_name": "A", "agency_id": "318"}}, {"type": "Feature", "geometry": {"type": "LineString", "coordinates": [[12.310865, 55.926925], [12.30947, 55.92316], [12.309605, 55.921358], [12.310623, 55.919029], [12.313765, 55.912705], [12.315235, 55.910229], [12.314379, 55.911079], [12.315235, 55.910229], [12.316462, 55.908298], [12.318333, 55.906594], [12.320253, 55.905463], [12.325095, 55.903318], [12.327283, 55.902324], [12.329953, 55.900616], [12.332252, 55.898315], [12.333742, 55.896656], [12.335257, 55.894925], [12.338559, 55.891275], [12.355866, 55.872148], [12.356995, 55.870966], [12.357246, 55.870717], [12.359186, 55.869108], [12.361532, 55.867767], [12.363708, 55.867042], [12.366885, 55.866245], [12.36933, 55.865315], [12.371443, 55.863864], [12.373977, 55.860827], [12.375999, 55.858892], [12.380991, 55.855626], [12.387242, 55.851597], [12.389023, 55.850577], [12.391058, 55.849541], [12.39294, 55.848761], [12.395349, 55.847975], [12.41285, 55.843256], [12.416896, 55.842199], [12.423912, 55.840394], [12.429628, 55.838886], [12.432529, 55.837726], [12.442571, 55.831493], [12.444393, 55.830417], [12.448829, 55.828018], [12.450374, 55.827067], [12.451856, 55.825946], [12.453211, 55.824658], [12.454326, 55.823359], [12.459571, 55.816963], [12.462049, 55.815194], [12.465961, 55.813932], [12.468222, 55.812601], [12.469252, 55.81072], [12.468842, 55.808276], [12.468662, 55.807688], [12.468095, 55.805978], [12.468058, 55.804666], [12.468705, 55.802966], [12.469782, 55.801434], [12.470808, 55.800057], [12.472022, 55.798089], [12.473268, 55.795591], [12.476463, 55.788829], [12.478088, 55.785573], [12.479509, 55.783797], [12.481215, 55.782526], [12.48304, 55.78153], [12.483577, 55.78129], [12.487164, 55.779651], [12.489552, 55.778342], [12.491039, 55.777131], [12.495486, 55.771924], [12.496992, 55.770757], [12.499114, 55.76969], [12.50317, 55.768145], [12.504589, 55.76761], [12.513594, 55.764349], [12.516221, 55.763411], [12.518918, 55.762551], [12.521613, 55.761665], [12.527111, 55.759511], [12.535844, 55.755923], [12.541637, 55.753518], [12.544897, 55.752192], [12.548514, 55.750595], [12.55117, 55.748944], [12.55305, 55.747361], [12.554539, 55.746023], [12.555724, 55.744856], [12.557572, 55.743094], [12.558159, 55.742717], [12.558812, 55.742366], [12.5607, 55.741565], [12.561592, 55.741215], [12.562158, 55.740956], [12.56269, 55.740671], [12.563189, 55.740368], [12.563862, 55.73989], [12.564277, 55.739546], [12.564643, 55.739193], [12.565434, 55.737552], [12.56625, 55.733922], [12.56708, 55.730967], [12.567583, 55.729145], [12.568321, 55.726939], [12.569237, 55.724754], [12.570873, 55.72173], [12.572105, 55.719527], [12.57247, 55.718986], [12.572917, 55.718469], [12.573461, 55.717977], [12.574105, 55.717527], [12.574799, 55.717111], [12.575577, 55.716728], [12.578328, 55.715812], [12.582177, 55.714351], [12.585566, 55.71275], [12.586424, 55.712204], [12.587197, 55.711606], [12.587653, 55.711197], [12.588263, 55.710549], [12.588619, 55.710098], [12.588928, 55.70964], [12.589962, 55.70755], [12.590774, 55.705638], [12.590943, 55.70522], [12.591365, 55.703229], [12.592059, 55.697958], [12.592154, 55.697433], [12.592138, 55.696903], [12.592057, 55.696546], [12.59185, 55.69603], [12.59155, 55.695536], [12.591124, 55.695054], [12.590794, 55.694758], [12.590621, 55.69461], [12.587571, 55.692766], [12.587131, 55.692482], [12.583845, 55.690501], [12.581921, 55.689478], [12.580036, 55.688535], [12.57656, 55.686559], [12.574645, 55.685275], [12.572231, 55.683772], [12.571245, 55.683073], [12.570342, 55.682425], [12.566925, 55.679862], [12.563926, 55.678205], [12.563771, 55.678075], [12.563461, 55.677814], [12.563197, 55.677543], [12.562887, 55.677102], [12.562686, 55.67665], [12.562595, 55.676347], [12.562567, 55.676033], [12.562566, 55.675673], [12.562614, 55.67533], [12.562711, 55.674995], [12.562952, 55.674493], [12.563177, 55.674172], [12.56358, 55.673701], [12.563903, 55.673413], [12.564471, 55.673001], [12.564894, 55.672755], [12.565448, 55.672199], [12.56592, 55.671619], [12.566311, 55.671023], [12.566441, 55.670705], [12.566541, 55.670225], [12.566529, 55.669749], [12.566406, 55.669267], [12.566157, 55.668807], [12.565939, 55.668507], [12.56569, 55.668218], [12.565208, 55.667818], [12.564835, 55.667568], [12.562396, 55.666291], [12.559909, 55.665005], [12.55951, 55.664819], [12.559511, 55.664828], [12.559164, 55.664685], [12.558804, 55.66457], [12.558429, 55.664473], [12.558024, 55.664394], [12.5477, 55.663165], [12.547051, 55.663022], [12.546065, 55.662844], [12.545389, 55.662764], [12.544539, 55.662681], [12.544377, 55.66265], [12.54359, 55.662394], [12.542944, 55.662116], [12.542343, 55.661791], [12.541817, 55.661429], [12.541383, 55.661028], [12.541134, 55.660738], [12.53992, 55.65875], [12.53929, 55.657411], [12.538906, 55.656145], [12.538576, 55.65566], [12.53831, 55.655362], [12.537997, 55.655065], [12.537482, 55.654648], [12.536557, 55.654082], [12.535749, 55.653763], [12.529576, 55.651972], [12.528437, 55.65169], [12.527341, 55.651524], [12.523831, 55.65122], [12.522845, 55.651222], [12.522196, 55.651249], [12.52122, 55.651358], [12.52028, 55.65152], [12.517843, 55.652183], [12.517389, 55.652268], [12.516918, 55.652327], [12.516443, 55.652359], [12.515967, 55.652363], [12.515503, 55.652331], [12.514955, 55.652257], [12.514438, 55.652164], [12.513918, 55.652035], [12.513442, 55.651878], [12.512981, 55.651702], [12.512351, 55.651406], [12.511964, 55.651174], [12.511624, 55.650923], [12.508406, 55.648021], [12.505956, 55.64587], [12.504546, 55.644328], [12.503428, 55.642849], [12.501936, 55.641453], [12.49999, 55.639953], [12.499649, 55.639693], [12.495383, 55.636075], [12.494193, 55.634841], [12.492718, 55.633094], [12.491382, 55.632017], [12.489502, 55.631072], [12.487374, 55.630377], [12.48463, 55.629718], [12.482352, 55.629127], [12.478222, 55.628075], [12.475036, 55.627455], [12.471667, 55.627092], [12.465002, 55.62684], [12.46233, 55.626637], [12.454604, 55.625524], [12.4541, 55.625395], [12.45212, 55.624929], [12.43934, 55.62144], [12.436961, 55.620949], [12.434662, 55.620636], [12.431182, 55.620455], [12.427773, 55.620541], [12.422664, 55.620981], [12.422332, 55.621008], [12.418228, 55.621131], [12.414784, 55.621362], [12.412287, 55.621693], [12.406566, 55.622787], [12.403074, 55.623379], [12.399624, 55.623726], [12.396642, 55.623791], [12.393695, 55.623702], [12.390984, 55.623588], [12.388414, 55.623452], [12.387472, 55.623397], [12.38253, 55.623219], [12.377398, 55.622848], [12.374908, 55.622539], [12.372098, 55.622005], [12.369459, 55.62125], [12.366912, 55.620268], [12.365204, 55.619434], [12.363627, 55.618462], [12.362113, 55.617298], [12.360166, 55.615526], [12.357887, 55.613395], [12.355749, 55.611431], [12.352959, 55.609259], [12.350084, 55.607594], [12.337971, 55.600938], [12.335923, 55.599636], [12.333188, 55.597526]]}, "properties": {"shape_id": "2415", "route_id": "16448_109", "route_short_name": "A", "agency_id": "318"}}, {"type": "Feature", "geometry": {"type": "LineString", "coordinates": [[12.310865, 55.926925], [12.30947, 55.92316], [12.309605, 55.921358], [12.310623, 55.919029], [12.313765, 55.912705], [12.315235, 55.910229], [12.314379, 55.911079], [12.315235, 55.910229], [12.316462, 55.908298], [12.318333, 55.906594], [12.320253, 55.905463], [12.325095, 55.903318], [12.327283, 55.902324], [12.329953, 55.900616], [12.332252, 55.898315], [12.333742, 55.896656], [12.335257, 55.894925], [12.338559, 55.891275], [12.355866, 55.872148], [12.356995, 55.870966], [12.357246, 55.870717], [12.359186, 55.869108], [12.361532, 55.867767], [12.363708, 55.867042], [12.366885, 55.866245], [12.36933, 55.865315], [12.371443, 55.863864], [12.373977, 55.860827], [12.375999, 55.858892], [12.380991, 55.855626], [12.387242, 55.851597], [12.389023, 55.850577], [12.391058, 55.849541], [12.39294, 55.848761], [12.395349, 55.847975], [12.41285, 55.843256], [12.416896, 55.842199], [12.423912, 55.840394], [12.429628, 55.838886], [12.432529, 55.837726], [12.442571, 55.831493], [12.444393, 55.830417], [12.448829, 55.828018], [12.450374, 55.827067], [12.451856, 55.825946], [12.453211, 55.824658], [12.454326, 55.823359], [12.459571, 55.816963], [12.462049, 55.815194], [12.465961, 55.813932], [12.468222, 55.812601], [12.469252, 55.81072], [12.468842, 55.808276], [12.468662, 55.807688], [12.468095, 55.805978], [12.468058, 55.804666], [12.468705, 55.802966], [12.469782, 55.801434], [12.470808, 55.800057], [12.472022, 55.798089], [12.473268, 55.795591], [12.476463, 55.788829], [12.478088, 55.785573], [12.479509, 55.783797], [12.481215, 55.782526], [12.48304, 55.78153], [12.483577, 55.78129], [12.487164, 55.779651], [12.489552, 55.778342], [12.491039, 55.777131], [12.495486, 55.771924], [12.496992, 55.770757], [12.499114, 55.76969], [12.50317, 55.768145], [12.504589, 55.76761], [12.513594, 55.764349], [12.516221, 55.763411], [12.518918, 55.762551], [12.521613, 55.761665], [12.527111, 55.759511], [12.535844, 55.755923], [12.541637, 55.753518], [12.544897, 55.752192], [12.548514, 55.750595], [12.55117, 55.748944], [12.55305, 55.747361], [12.554539, 55.746023], [12.555724, 55.744856], [12.557572, 55.743094], [12.558159, 55.742717], [12.558812, 55.742366], [12.5607, 55.741565], [12.561592, 55.741215], [12.562158, 55.740956], [12.56269, 55.740671], [12.563189, 55.740368], [12.563862, 55.73989], [12.564277, 55.739546], [12.564643, 55.739193], [12.565434, 55.737552], [12.56625, 55.733922], [12.56708, 55.730967], [12.567583, 55.729145], [12.568321, 55.726939], [12.569237, 55.724754], [12.570873, 55.72173], [12.572105, 55.719527], [12.57247, 55.718986], [12.572917, 55.718469], [12.573461, 55.717977], [12.574105, 55.717527], [12.574799, 55.717111], [12.575577, 55.716728], [12.578328, 55.715812], [12.582177, 55.714351], [12.585566, 55.71275], [12.586424, 55.712204], [12.587197, 55.711606], [12.587653, 55.711197], [12.588263, 55.710549], [12.588619, 55.710098], [12.588928, 55.70964], [12.589962, 55.70755], [12.590774, 55.705638], [12.590943, 55.70522], [12.591365, 55.703229], [12.592059, 55.697958], [12.592154, 55.697433], [12.592138, 55.696903], [12.592057, 55.696546], [12.59185, 55.69603], [12.59155, 55.695536], [12.591124, 55.695054], [12.590794, 55.694758], [12.590621, 55.69461], [12.587571, 55.692766], [12.587131, 55.692482], [12.583845, 55.690501], [12.581921, 55.689478], [12.580036, 55.688535], [12.57656, 55.686559], [12.574645, 55.685275], [12.572231, 55.683772], [12.571245, 55.683073], [12.570342, 55.682425], [12.566925, 55.679862], [12.563926, 55.678205], [12.563771, 55.678075], [12.563461, 55.677814], [12.563197, 55.677543], [12.562887, 55.677102], [12.562686, 55.67665], [12.562595, 55.676347], [12.562567, 55.676033], [12.562566, 55.675673], [12.562614, 55.67533], [12.562711, 55.674995], [12.562952, 55.674493], [12.563177, 55.674172], [12.56358, 55.673701], [12.563903, 55.673413], [12.564471, 55.673001], [12.564894, 55.672755], [12.565448, 55.672199], [12.56592, 55.671619], [12.566311, 55.671023], [12.566441, 55.670705], [12.566541, 55.670225], [12.566529, 55.669749], [12.566406, 55.669267], [12.566157, 55.668807], [12.565939, 55.668507], [12.56569, 55.668218], [12.565208, 55.667818], [12.564835, 55.667568], [12.562396, 55.666291], [12.559909, 55.665005], [12.55951, 55.664819], [12.559511, 55.664828], [12.559164, 55.664685], [12.558804, 55.66457], [12.558429, 55.664473], [12.558024, 55.664394], [12.5477, 55.663165], [12.547051, 55.663022], [12.546065, 55.662844], [12.545389, 55.662764], [12.544539, 55.662681], [12.544377, 55.66265], [12.54359, 55.662394], [12.542944, 55.662116], [12.542343, 55.661791], [12.541817, 55.661429], [12.541383, 55.661028], [12.541134, 55.660738], [12.53992, 55.65875], [12.53929, 55.657411], [12.538906, 55.656145], [12.538576, 55.65566], [12.53831, 55.655362], [12.537997, 55.655065], [12.537482, 55.654648], [12.536557, 55.654082], [12.535749, 55.653763], [12.529576, 55.651972], [12.528437, 55.65169], [12.527341, 55.651524], [12.523831, 55.65122], [12.522845, 55.651222], [12.522196, 55.651249], [12.52122, 55.651358], [12.52028, 55.65152], [12.517843, 55.652183], [12.517389, 55.652268], [12.516918, 55.652327], [12.516443, 55.652359], [12.515967, 55.652363], [12.515503, 55.652331], [12.514955, 55.652257], [12.514438, 55.652164], [12.513918, 55.652035], [12.513442, 55.651878], [12.512981, 55.651702], [12.512351, 55.651406], [12.511964, 55.651174], [12.511624, 55.650923], [12.508406, 55.648021], [12.505956, 55.64587], [12.504546, 55.644328], [12.503428, 55.642849], [12.501936, 55.641453], [12.49999, 55.639953], [12.499649, 55.639693], [12.495383, 55.636075], [12.494193, 55.634841], [12.492718, 55.633094], [12.491382, 55.632017], [12.489502, 55.631072], [12.487374, 55.630377], [12.48463, 55.629718], [12.482352, 55.629127], [12.478222, 55.628075], [12.475036, 55.627455], [12.471667, 55.627092], [12.465002, 55.62684], [12.46233, 55.626637], [12.454604, 55.625524], [12.4541, 55.625395], [12.45212, 55.624929], [12.43934, 55.62144], [12.436961, 55.620949], [12.434662, 55.620636], [12.431182, 55.620455], [12.427773, 55.620541], [12.422664, 55.620981], [12.422332, 55.621008], [12.418228, 55.621131], [12.414784, 55.621362], [12.412287, 55.621693], [12.406566, 55.622787], [12.403074, 55.623379], [12.399624, 55.623726], [12.396642, 55.623791], [12.393695, 55.623702], [12.390984, 55.623588], [12.388414, 55.623452], [12.387472, 55.623397], [12.38253, 55.623219], [12.377398, 55.622848], [12.374908, 55.622539], [12.372098, 55.622005], [12.369459, 55.62125], [12.366912, 55.620268], [12.365204, 55.619434], [12.363627, 55.618462], [12.362113, 55.617298], [12.360166, 55.615526], [12.357887, 55.613395], [12.355749, 55.611431], [12.352959, 55.609259], [12.350084, 55.607594], [12.337971, 55.600938], [12.335923, 55.599636], [12.333188, 55.597526], [12.330635, 55.595518], [12.327313, 55.592849], [12.32546, 55.591586], [12.323219, 55.590622], [12.320078, 55.589907], [12.316964, 55.589497], [12.310803, 55.588729], [12.308226, 55.588106], [12.306039, 55.587203], [12.304515, 55.586255], [12.301563, 55.584195], [12.299632, 55.583123], [12.295539, 55.581255], [12.291828, 55.579593], [12.289605, 55.578439], [12.287977, 55.577385], [12.286653, 55.576351], [12.285375, 55.575109], [12.283316, 55.572691], [12.281732, 55.571205], [12.279495, 55.569692], [12.277046, 55.568481], [12.274969, 55.567736], [12.272029, 55.566925], [12.26898, 55.566125], [12.266156, 55.565355], [12.263637, 55.56464], [12.260395, 55.563612], [12.255439, 55.562008], [12.252734, 55.560956], [12.250563, 55.559836], [12.24854, 55.558379], [12.245704, 55.555928], [12.241855, 55.552533], [12.239384, 55.550449], [12.235718, 55.547714], [12.23399, 55.546564], [12.226713, 55.542333], [12.224697, 55.540947], [12.223294, 55.539698], [12.221292, 55.537512], [12.219847, 55.535743], [12.217969, 55.533329], [12.215147, 55.529627], [12.214095, 55.528396], [12.211915, 55.525963], [12.208442, 55.520687], [12.207333, 55.519124], [12.205992, 55.51764], [12.204209, 55.516176], [12.201936, 55.514725], [12.194734, 55.510517], [12.192695, 55.509402], [12.185924, 55.505802], [12.181603, 55.503487], [12.176758, 55.500574], [12.175236, 55.499373], [12.174851, 55.498915], [12.172743, 55.499887], [12.174851, 55.498915], [12.173905, 55.497789], [12.173214, 55.496485], [12.171878, 55.493463], [12.17103, 55.49139], [12.17082, 55.490937], [12.170656, 55.490474], [12.170589, 55.490233], [12.170504, 55.489768], [12.170466, 55.489292], [12.170475, 55.488815], [12.170504, 55.488581], [12.170592, 55.488111], [12.171229, 55.485784], [12.171892, 55.483996], [12.171927, 55.483833], [12.172044, 55.483524], [12.172111, 55.48337], [12.172276, 55.48306], [12.172476, 55.482785], [12.172708, 55.482518], [12.172824, 55.482389], [12.173089, 55.48214], [12.173528, 55.481697], [12.174, 55.481271], [12.174504, 55.480844], [12.174773, 55.480639], [12.17596, 55.479853], [12.176275, 55.479638], [12.179962, 55.477655], [12.180667, 55.477169], [12.181305, 55.47664], [12.181846, 55.476077], [12.182289, 55.47549], [12.182652, 55.474887], [12.182902, 55.474261], [12.183011, 55.473844], [12.183752, 55.471649], [12.186236, 55.464778], [12.187059, 55.462428], [12.187179, 55.461949], [12.187266, 55.461461], [12.187305, 55.460965], [12.187261, 55.460229], [12.187158, 55.459738], [12.186599, 55.457513]]}, "properties": {"shape_id": "2416", "route_id": "16448_109", "route_short_name": "A", "agency_id": "318"}}, {"type": "Feature", "geometry": {"type": "LineString", "coordinates": [[12.423912, 55.840394], [12.429628, 55.838886], [12.432529, 55.837726], [12.442571, 55.831493], [12.444393, 55.830417], [12.448829, 55.828018], [12.450374, 55.827067], [12.451856, 55.825946], [12.453211, 55.824658], [12.454326, 55.823359], [12.459571, 55.816963], [12.462049, 55.815194], [12.465961, 55.813932], [12.468222, 55.812601], [12.469252, 55.81072], [12.468842, 55.808276], [12.468662, 55.807688], [12.468095, 55.805978], [12.468058, 55.804666], [12.468705, 55.802966], [12.469782, 55.801434], [12.470808, 55.800057], [12.472022, 55.798089], [12.473268, 55.795591], [12.476463, 55.788829], [12.478088, 55.785573], [12.479509, 55.783797], [12.481215, 55.782526], [12.48304, 55.78153], [12.483577, 55.78129], [12.487164, 55.779651], [12.489552, 55.778342], [12.491039, 55.777131], [12.495486, 55.771924], [12.496992, 55.770757], [12.499114, 55.76969], [12.50317, 55.768145], [12.504589, 55.76761], [12.513594, 55.764349], [12.516221, 55.763411], [12.518918, 55.762551], [12.521613, 55.761665], [12.527111, 55.759511], [12.535844, 55.755923], [12.541637, 55.753518], [12.544897, 55.752192], [12.548514, 55.750595], [12.55117, 55.748944], [12.55305, 55.747361], [12.554539, 55.746023], [12.555724, 55.744856], [12.557572, 55.743094], [12.558159, 55.742717], [12.558812, 55.742366], [12.5607, 55.741565], [12.561592, 55.741215], [12.562158, 55.740956], [12.56269, 55.740671], [12.563189, 55.740368], [12.563862, 55.73989], [12.564277, 55.739546], [12.564643, 55.739193], [12.565434, 55.737552], [12.56625, 55.733922], [12.56708, 55.730967], [12.567583, 55.729145], [12.568321, 55.726939], [12.569237, 55.724754], [12.570873, 55.72173], [12.572105, 55.719527], [12.57247, 55.718986], [12.572917, 55.718469], [12.573461, 55.717977], [12.574105, 55.717527], [12.574799, 55.717111], [12.575577, 55.716728], [12.578328, 55.715812], [12.582177, 55.714351], [12.585566, 55.71275], [12.586424, 55.712204], [12.587197, 55.711606], [12.587653, 55.711197], [12.588263, 55.710549], [12.588619, 55.710098], [12.588928, 55.70964], [12.589962, 55.70755], [12.590774, 55.705638], [12.590943, 55.70522], [12.591365, 55.703229], [12.592059, 55.697958], [12.592154, 55.697433], [12.592138, 55.696903], [12.592057, 55.696546], [12.59185, 55.69603], [12.59155, 55.695536], [12.591124, 55.695054], [12.590794, 55.694758], [12.590621, 55.69461], [12.587571, 55.692766], [12.587131, 55.692482], [12.583845, 55.690501], [12.581921, 55.689478], [12.580036, 55.688535], [12.57656, 55.686559], [12.574645, 55.685275], [12.572231, 55.683772], [12.571245, 55.683073], [12.570342, 55.682425], [12.566925, 55.679862], [12.563926, 55.678205], [12.563771, 55.678075], [12.563461, 55.677814], [12.563197, 55.677543], [12.562887, 55.677102], [12.562686, 55.67665], [12.562595, 55.676347], [12.562567, 55.676033], [12.562566, 55.675673], [12.562614, 55.67533], [12.562711, 55.674995], [12.562952, 55.674493], [12.563177, 55.674172], [12.56358, 55.673701], [12.563903, 55.673413], [12.564471, 55.673001], [12.564894, 55.672755], [12.565448, 55.672199], [12.56592, 55.671619], [12.566311, 55.671023], [12.566441, 55.670705], [12.566541, 55.670225], [12.566529, 55.669749], [12.566406, 55.669267], [12.566157, 55.668807], [12.565939, 55.668507], [12.56569, 55.668218], [12.565208, 55.667818], [12.564835, 55.667568], [12.562396, 55.666291], [12.559909, 55.665005], [12.55951, 55.664819], [12.559511, 55.664828], [12.559164, 55.664685], [12.558804, 55.66457], [12.558429, 55.664473], [12.558024, 55.664394], [12.5477, 55.663165], [12.547051, 55.663022], [12.546065, 55.662844], [12.545389, 55.662764], [12.544539, 55.662681], [12.544377, 55.66265], [12.54359, 55.662394], [12.542944, 55.662116], [12.542343, 55.661791], [12.541817, 55.661429], [12.541383, 55.661028], [12.541134, 55.660738], [12.53992, 55.65875], [12.53929, 55.657411], [12.538906, 55.656145], [12.538576, 55.65566], [12.53831, 55.655362], [12.537997, 55.655065], [12.537482, 55.654648], [12.536557, 55.654082], [12.535749, 55.653763], [12.529576, 55.651972], [12.528437, 55.65169], [12.527341, 55.651524], [12.523831, 55.65122], [12.522845, 55.651222], [12.522196, 55.651249], [12.52122, 55.651358], [12.52028, 55.65152], [12.517843, 55.652183], [12.517389, 55.652268], [12.516918, 55.652327], [12.516443, 55.652359], [12.515967, 55.652363], [12.515503, 55.652331], [12.514955, 55.652257], [12.514438, 55.652164], [12.513918, 55.652035], [12.513442, 55.651878], [12.512981, 55.651702], [12.512351, 55.651406], [12.511964, 55.651174], [12.511624, 55.650923], [12.508406, 55.648021], [12.505956, 55.64587], [12.504546, 55.644328], [12.503428, 55.642849], [12.501936, 55.641453], [12.49999, 55.639953], [12.499649, 55.639693], [12.495383, 55.636075], [12.494193, 55.634841], [12.492718, 55.633094], [12.491382, 55.632017], [12.489502, 55.631072], [12.487374, 55.630377], [12.48463, 55.629718], [12.482352, 55.629127], [12.478222, 55.628075], [12.475036, 55.627455], [12.471667, 55.627092], [12.465002, 55.62684], [12.46233, 55.626637], [12.454604, 55.625524], [12.4541, 55.625395], [12.45212, 55.624929], [12.43934, 55.62144], [12.436961, 55.620949], [12.434662, 55.620636], [12.431182, 55.620455], [12.427773, 55.620541], [12.422664, 55.620981], [12.422332, 55.621008], [12.418228, 55.621131], [12.414784, 55.621362], [12.412287, 55.621693], [12.406566, 55.622787], [12.403074, 55.623379], [12.399624, 55.623726], [12.396642, 55.623791], [12.393695, 55.623702], [12.390984, 55.623588], [12.388414, 55.623452], [12.387472, 55.623397], [12.38253, 55.623219], [12.377398, 55.622848], [12.374908, 55.622539], [12.372098, 55.622005], [12.369459, 55.62125], [12.366912, 55.620268], [12.365204, 55.619434], [12.363627, 55.618462], [12.362113, 55.617298], [12.360166, 55.615526], [12.357887, 55.613395], [12.355749, 55.611431], [12.352959, 55.609259], [12.350084, 55.607594], [12.337971, 55.600938], [12.335923, 55.599636], [12.333188, 55.597526], [12.330635, 55.595518], [12.327313, 55.592849], [12.32546, 55.591586], [12.323219, 55.590622], [12.320078, 55.589907], [12.316964, 55.589497], [12.310803, 55.588729], [12.308226, 55.588106], [12.306039, 55.587203], [12.304515, 55.586255], [12.301563, 55.584195], [12.299632, 55.583123], [12.295539, 55.581255], [12.291828, 55.579593], [12.289605, 55.578439], [12.287977, 55.577385], [12.286653, 55.576351], [12.285375, 55.575109], [12.283316, 55.572691], [12.281732, 55.571205], [12.279495, 55.569692], [12.277046, 55.568481], [12.274969, 55.567736], [12.272029, 55.566925], [12.26898, 55.566125], [12.266156, 55.565355], [12.263637, 55.56464], [12.260395, 55.563612], [12.255439, 55.562008], [12.252734, 55.560956], [12.250563, 55.559836], [12.24854, 55.558379], [12.245704, 55.555928], [12.241855, 55.552533], [12.239384, 55.550449], [12.235718, 55.547714], [12.23399, 55.546564], [12.226713, 55.542333], [12.224697, 55.540947], [12.223294, 55.539698], [12.221292, 55.537512], [12.219847, 55.535743], [12.217969, 55.533329], [12.215147, 55.529627], [12.214095, 55.528396], [12.211915, 55.525963], [12.208442, 55.520687], [12.207333, 55.519124], [12.205992, 55.51764], [12.204209, 55.516176], [12.201936, 55.514725], [12.194734, 55.510517], [12.192695, 55.509402], [12.185924, 55.505802], [12.181603, 55.503487], [12.176758, 55.500574], [12.175236, 55.499373], [12.174851, 55.498915], [12.172743, 55.499887], [12.174851, 55.498915], [12.173905, 55.497789], [12.173214, 55.496485], [12.171878, 55.493463], [12.17103, 55.49139], [12.17082, 55.490937], [12.170656, 55.490474], [12.170589, 55.490233], [12.170504, 55.489768], [12.170466, 55.489292], [12.170475, 55.488815], [12.170504, 55.488581], [12.170592, 55.488111], [12.171229, 55.485784], [12.171892, 55.483996], [12.171927, 55.483833], [12.172044, 55.483524], [12.172111, 55.48337], [12.172276, 55.48306], [12.172476, 55.482785], [12.172708, 55.482518], [12.172824, 55.482389], [12.173089, 55.48214], [12.173528, 55.481697], [12.174, 55.481271], [12.174504, 55.480844], [12.174773, 55.480639], [12.17596, 55.479853], [12.176275, 55.479638], [12.179962, 55.477655], [12.180667, 55.477169], [12.181305, 55.47664], [12.181846, 55.476077], [12.182289, 55.47549], [12.182652, 55.474887], [12.182902, 55.474261], [12.183011, 55.473844], [12.183752, 55.471649], [12.186236, 55.464778], [12.187059, 55.462428], [12.187179, 55.461949], [12.187266, 55.461461], [12.187305, 55.460965], [12.187261, 55.460229], [12.187158, 55.459738], [12.186599, 55.457513]]}, "properties": {"shape_id": "2417", "route_id": "16448_109", "route_short_name": "A", "agency_id": "318"}}, {"type": "Feature", "geometry": {"type": "LineString", "coordinates": [[12.468662, 55.807688], [12.468095, 55.805978], [12.468058, 55.804666], [12.468705, 55.802966], [12.469782, 55.801434], [12.470808, 55.800057], [12.472022, 55.798089], [12.473268, 55.795591], [12.476463, 55.788829], [12.478088, 55.785573], [12.479509, 55.783797], [12.481215, 55.782526], [12.48304, 55.78153], [12.483577, 55.78129], [12.487164, 55.779651], [12.489552, 55.778342], [12.491039, 55.777131], [12.495486, 55.771924], [12.496992, 55.770757], [12.499114, 55.76969], [12.50317, 55.768145], [12.504589, 55.76761], [12.513594, 55.764349], [12.516221, 55.763411], [12.518918, 55.762551], [12.521613, 55.761665], [12.527111, 55.759511], [12.535844, 55.755923], [12.541637, 55.753518], [12.544897, 55.752192], [12.548514, 55.750595], [12.55117, 55.748944], [12.55305, 55.747361], [12.554539, 55.746023], [12.555724, 55.744856], [12.557572, 55.743094], [12.558159, 55.742717], [12.558812, 55.742366], [12.5607, 55.741565], [12.561592, 55.741215], [12.562158, 55.740956], [12.56269, 55.740671], [12.563189, 55.740368], [12.563862, 55.73989], [12.564277, 55.739546], [12.564643, 55.739193], [12.565434, 55.737552], [12.56625, 55.733922], [12.56708, 55.730967], [12.567583, 55.729145], [12.568321, 55.726939], [12.569237, 55.724754], [12.570873, 55.72173], [12.572105, 55.719527], [12.57247, 55.718986], [12.572917, 55.718469], [12.573461, 55.717977], [12.574105, 55.717527], [12.574799, 55.717111], [12.575577, 55.716728], [12.578328, 55.715812], [12.582177, 55.714351], [12.585566, 55.71275], [12.586424, 55.712204], [12.587197, 55.711606], [12.587653, 55.711197], [12.588263, 55.710549], [12.588619, 55.710098], [12.588928, 55.70964], [12.589962, 55.70755], [12.590774, 55.705638], [12.590943, 55.70522], [12.591365, 55.703229], [12.592059, 55.697958], [12.592154, 55.697433], [12.592138, 55.696903], [12.592057, 55.696546], [12.59185, 55.69603], [12.59155, 55.695536], [12.591124, 55.695054], [12.590794, 55.694758], [12.590621, 55.69461], [12.587571, 55.692766], [12.587131, 55.692482], [12.583845, 55.690501], [12.581921, 55.689478], [12.580036, 55.688535], [12.57656, 55.686559], [12.574645, 55.685275], [12.572231, 55.683772], [12.571245, 55.683073], [12.570342, 55.682425], [12.566925, 55.679862], [12.563926, 55.678205], [12.563771, 55.678075], [12.563461, 55.677814], [12.563197, 55.677543], [12.562887, 55.677102], [12.562686, 55.67665], [12.562595, 55.676347], [12.562567, 55.676033], [12.562566, 55.675673], [12.562614, 55.67533], [12.562711, 55.674995], [12.562952, 55.674493], [12.563177, 55.674172], [12.56358, 55.673701], [12.563903, 55.673413], [12.564471, 55.673001], [12.564894, 55.672755], [12.565448, 55.672199], [12.56592, 55.671619], [12.566311, 55.671023], [12.566441, 55.670705], [12.566541, 55.670225], [12.566529, 55.669749], [12.566406, 55.669267], [12.566157, 55.668807], [12.565939, 55.668507], [12.56569, 55.668218], [12.565208, 55.667818], [12.564835, 55.667568], [12.562396, 55.666291], [12.559909, 55.665005], [12.55951, 55.664819], [12.559511, 55.664828], [12.559164, 55.664685], [12.558804, 55.66457], [12.558429, 55.664473], [12.558024, 55.664394], [12.5477, 55.663165], [12.547051, 55.663022], [12.546065, 55.662844], [12.545389, 55.662764], [12.544539, 55.662681], [12.544377, 55.66265], [12.54359, 55.662394], [12.542944, 55.662116], [12.542343, 55.661791], [12.541817, 55.661429], [12.541383, 55.661028], [12.541134, 55.660738], [12.53992, 55.65875], [12.53929, 55.657411], [12.538906, 55.656145], [12.538576, 55.65566], [12.53831, 55.655362], [12.537997, 55.655065], [12.537482, 55.654648], [12.536557, 55.654082], [12.535749, 55.653763], [12.529576, 55.651972], [12.528437, 55.65169], [12.527341, 55.651524], [12.523831, 55.65122], [12.522845, 55.651222], [12.522196, 55.651249], [12.52122, 55.651358], [12.52028, 55.65152], [12.517843, 55.652183], [12.517389, 55.652268], [12.516918, 55.652327], [12.516443, 55.652359], [12.515967, 55.652363], [12.515503, 55.652331], [12.514955, 55.652257], [12.514438, 55.652164], [12.513918, 55.652035], [12.513442, 55.651878], [12.512981, 55.651702], [12.512351, 55.651406], [12.511964, 55.651174], [12.511624, 55.650923], [12.508406, 55.648021], [12.505956, 55.64587], [12.504546, 55.644328], [12.503428, 55.642849], [12.501936, 55.641453], [12.49999, 55.639953], [12.499649, 55.639693], [12.495383, 55.636075], [12.494193, 55.634841], [12.492718, 55.633094], [12.491382, 55.632017], [12.489502, 55.631072], [12.487374, 55.630377], [12.48463, 55.629718], [12.482352, 55.629127], [12.478222, 55.628075], [12.475036, 55.627455], [12.471667, 55.627092], [12.465002, 55.62684], [12.46233, 55.626637], [12.454604, 55.625524], [12.4541, 55.625395], [12.45212, 55.624929], [12.43934, 55.62144], [12.436961, 55.620949], [12.434662, 55.620636], [12.431182, 55.620455], [12.427773, 55.620541], [12.422664, 55.620981], [12.422332, 55.621008], [12.418228, 55.621131], [12.414784, 55.621362], [12.412287, 55.621693], [12.406566, 55.622787], [12.403074, 55.623379], [12.399624, 55.623726], [12.396642, 55.623791], [12.393695, 55.623702], [12.390984, 55.623588], [12.388414, 55.623452], [12.387472, 55.623397], [12.38253, 55.623219], [12.377398, 55.622848], [12.374908, 55.622539], [12.372098, 55.622005], [12.369459, 55.62125], [12.366912, 55.620268], [12.365204, 55.619434], [12.363627, 55.618462], [12.362113, 55.617298], [12.360166, 55.615526], [12.357887, 55.613395], [12.355749, 55.611431], [12.352959, 55.609259], [12.350084, 55.607594], [12.337971, 55.600938], [12.335923, 55.599636], [12.333188, 55.597526], [12.330635, 55.595518], [12.327313, 55.592849], [12.32546, 55.591586], [12.323219, 55.590622], [12.320078, 55.589907], [12.316964, 55.589497], [12.310803, 55.588729], [12.308226, 55.588106], [12.306039, 55.587203], [12.304515, 55.586255], [12.301563, 55.584195], [12.299632, 55.583123], [12.295539, 55.581255], [12.291828, 55.579593], [12.289605, 55.578439], [12.287977, 55.577385], [12.286653, 55.576351], [12.285375, 55.575109], [12.283316, 55.572691], [12.281732, 55.571205], [12.279495, 55.569692], [12.277046, 55.568481], [12.274969, 55.567736], [12.272029, 55.566925], [12.26898, 55.566125], [12.266156, 55.565355], [12.263637, 55.56464], [12.260395, 55.563612], [12.255439, 55.562008], [12.252734, 55.560956], [12.250563, 55.559836], [12.24854, 55.558379], [12.245704, 55.555928], [12.241855, 55.552533], [12.239384, 55.550449], [12.235718, 55.547714], [12.23399, 55.546564], [12.226713, 55.542333], [12.224697, 55.540947], [12.223294, 55.539698], [12.221292, 55.537512], [12.219847, 55.535743], [12.217969, 55.533329], [12.215147, 55.529627], [12.214095, 55.528396], [12.211915, 55.525963], [12.208442, 55.520687], [12.207333, 55.519124], [12.205992, 55.51764], [12.204209, 55.516176], [12.201936, 55.514725], [12.194734, 55.510517], [12.192695, 55.509402], [12.185924, 55.505802], [12.181603, 55.503487], [12.176758, 55.500574], [12.175236, 55.499373], [12.174851, 55.498915], [12.172743, 55.499887], [12.174851, 55.498915], [12.173905, 55.497789], [12.173214, 55.496485], [12.171878, 55.493463], [12.17103, 55.49139], [12.17082, 55.490937], [12.170656, 55.490474], [12.170589, 55.490233], [12.170504, 55.489768], [12.170466, 55.489292], [12.170475, 55.488815], [12.170504, 55.488581], [12.170592, 55.488111], [12.171229, 55.485784], [12.171892, 55.483996], [12.171927, 55.483833], [12.172044, 55.483524], [12.172111, 55.48337], [12.172276, 55.48306], [12.172476, 55.482785], [12.172708, 55.482518], [12.172824, 55.482389], [12.173089, 55.48214], [12.173528, 55.481697], [12.174, 55.481271], [12.174504, 55.480844], [12.174773, 55.480639], [12.17596, 55.479853], [12.176275, 55.479638], [12.179962, 55.477655], [12.180667, 55.477169], [12.181305, 55.47664], [12.181846, 55.476077], [12.182289, 55.47549], [12.182652, 55.474887], [12.182902, 55.474261], [12.183011, 55.473844], [12.183752, 55.471649], [12.186236, 55.464778], [12.187059, 55.462428], [12.187179, 55.461949], [12.187266, 55.461461], [12.187305, 55.460965], [12.187261, 55.460229], [12.187158, 55.459738], [12.186599, 55.457513]]}, "properties": {"shape_id": "2418", "route_id": "16448_109", "route_short_name": "A", "agency_id": "318"}}, {"type": "Feature", "geometry": {"type": "LineString", "coordinates": [[12.423912, 55.840394], [12.429628, 55.838886], [12.432529, 55.837726], [12.442571, 55.831493], [12.444393, 55.830417], [12.448829, 55.828018], [12.450374, 55.827067], [12.451856, 55.825946], [12.453211, 55.824658], [12.454326, 55.823359], [12.459571, 55.816963], [12.462049, 55.815194], [12.465961, 55.813932], [12.468222, 55.812601], [12.469252, 55.81072], [12.468842, 55.808276], [12.468662, 55.807688], [12.468095, 55.805978], [12.468058, 55.804666], [12.468705, 55.802966], [12.469782, 55.801434], [12.470808, 55.800057], [12.472022, 55.798089], [12.473268, 55.795591], [12.476463, 55.788829], [12.478088, 55.785573], [12.479509, 55.783797], [12.481215, 55.782526], [12.48304, 55.78153], [12.483577, 55.78129], [12.487164, 55.779651], [12.489552, 55.778342], [12.491039, 55.777131], [12.495486, 55.771924], [12.496992, 55.770757], [12.499114, 55.76969], [12.50317, 55.768145], [12.504589, 55.76761], [12.513594, 55.764349], [12.516221, 55.763411], [12.518918, 55.762551], [12.521613, 55.761665], [12.527111, 55.759511], [12.535844, 55.755923], [12.541637, 55.753518], [12.544897, 55.752192], [12.548514, 55.750595], [12.55117, 55.748944], [12.55305, 55.747361], [12.554539, 55.746023], [12.555724, 55.744856], [12.557572, 55.743094], [12.558159, 55.742717], [12.558812, 55.742366], [12.5607, 55.741565], [12.561592, 55.741215], [12.562158, 55.740956], [12.56269, 55.740671], [12.563189, 55.740368], [12.563862, 55.73989], [12.564277, 55.739546], [12.564643, 55.739193], [12.565434, 55.737552], [12.56625, 55.733922], [12.56708, 55.730967], [12.567583, 55.729145], [12.568321, 55.726939], [12.569237, 55.724754], [12.570873, 55.72173], [12.572105, 55.719527], [12.57247, 55.718986], [12.572917, 55.718469], [12.573461, 55.717977], [12.574105, 55.717527], [12.574799, 55.717111], [12.575577, 55.716728], [12.578328, 55.715812], [12.582177, 55.714351], [12.585566, 55.71275], [12.586424, 55.712204], [12.587197, 55.711606], [12.587653, 55.711197], [12.588263, 55.710549], [12.588619, 55.710098], [12.588928, 55.70964], [12.589962, 55.70755], [12.590774, 55.705638], [12.590943, 55.70522], [12.591365, 55.703229], [12.592059, 55.697958], [12.592154, 55.697433], [12.592138, 55.696903], [12.592057, 55.696546], [12.59185, 55.69603], [12.59155, 55.695536], [12.591124, 55.695054], [12.590794, 55.694758], [12.590621, 55.69461], [12.587571, 55.692766], [12.587131, 55.692482], [12.583845, 55.690501], [12.581921, 55.689478], [12.580036, 55.688535], [12.57656, 55.686559], [12.574645, 55.685275], [12.572231, 55.683772], [12.571245, 55.683073], [12.570342, 55.682425], [12.566925, 55.679862], [12.563926, 55.678205], [12.563771, 55.678075], [12.563461, 55.677814], [12.563197, 55.677543], [12.562887, 55.677102], [12.562686, 55.67665], [12.562595, 55.676347], [12.562567, 55.676033], [12.562566, 55.675673], [12.562614, 55.67533], [12.562711, 55.674995], [12.562952, 55.674493], [12.563177, 55.674172], [12.56358, 55.673701], [12.563903, 55.673413], [12.564471, 55.673001], [12.564894, 55.672755]]}, "properties": {"shape_id": "2419", "route_id": "16448_109", "route_short_name": "A", "agency_id": "318"}}, {"type": "Feature", "geometry": {"type": "LineString", "coordinates": [[12.310865, 55.926925], [12.30947, 55.92316], [12.309605, 55.921358], [12.310623, 55.919029], [12.313765, 55.912705], [12.315235, 55.910229], [12.314379, 55.911079], [12.315235, 55.910229], [12.316462, 55.908298], [12.318333, 55.906594], [12.320253, 55.905463], [12.325095, 55.903318], [12.327283, 55.902324], [12.329953, 55.900616], [12.332252, 55.898315], [12.333742, 55.896656], [12.335257, 55.894925], [12.338559, 55.891275], [12.355866, 55.872148], [12.356995, 55.870966], [12.357246, 55.870717], [12.359186, 55.869108], [12.361532, 55.867767], [12.363708, 55.867042], [12.366885, 55.866245], [12.36933, 55.865315], [12.371443, 55.863864], [12.373977, 55.860827], [12.375999, 55.858892], [12.380991, 55.855626], [12.387242, 55.851597], [12.389023, 55.850577], [12.391058, 55.849541], [12.39294, 55.848761], [12.395349, 55.847975], [12.41285, 55.843256], [12.416896, 55.842199], [12.423912, 55.840394], [12.429628, 55.838886], [12.432529, 55.837726], [12.442571, 55.831493], [12.444393, 55.830417], [12.448829, 55.828018], [12.450374, 55.827067], [12.451856, 55.825946], [12.453211, 55.824658], [12.454326, 55.823359], [12.459571, 55.816963], [12.462049, 55.815194], [12.465961, 55.813932], [12.468222, 55.812601], [12.469252, 55.81072], [12.468842, 55.808276], [12.468662, 55.807688], [12.468095, 55.805978], [12.468058, 55.804666], [12.468705, 55.802966], [12.469782, 55.801434], [12.470808, 55.800057], [12.472022, 55.798089], [12.473268, 55.795591], [12.476463, 55.788829], [12.478088, 55.785573], [12.479509, 55.783797], [12.481215, 55.782526], [12.48304, 55.78153], [12.483577, 55.78129], [12.487164, 55.779651], [12.489552, 55.778342], [12.491039, 55.777131], [12.495486, 55.771924], [12.496992, 55.770757], [12.499114, 55.76969], [12.50317, 55.768145], [12.504589, 55.76761], [12.513594, 55.764349], [12.516221, 55.763411], [12.518918, 55.762551], [12.521613, 55.761665], [12.527111, 55.759511], [12.535844, 55.755923], [12.541637, 55.753518], [12.544897, 55.752192], [12.548514, 55.750595], [12.55117, 55.748944], [12.55305, 55.747361], [12.554539, 55.746023], [12.555724, 55.744856], [12.557572, 55.743094], [12.558159, 55.742717], [12.558812, 55.742366], [12.5607, 55.741565], [12.561592, 55.741215], [12.562158, 55.740956], [12.56269, 55.740671], [12.563189, 55.740368], [12.563862, 55.73989], [12.564277, 55.739546], [12.564643, 55.739193], [12.565434, 55.737552], [12.56625, 55.733922], [12.56708, 55.730967], [12.567583, 55.729145], [12.568321, 55.726939], [12.569237, 55.724754], [12.570873, 55.72173], [12.572105, 55.719527], [12.57247, 55.718986], [12.572917, 55.718469], [12.573461, 55.717977], [12.574105, 55.717527], [12.574799, 55.717111], [12.575577, 55.716728], [12.578328, 55.715812], [12.582177, 55.714351], [12.585566, 55.71275], [12.586424, 55.712204], [12.587197, 55.711606], [12.587653, 55.711197], [12.588263, 55.710549], [12.588619, 55.710098], [12.588928, 55.70964], [12.589962, 55.70755], [12.590774, 55.705638], [12.590943, 55.70522], [12.591365, 55.703229], [12.592059, 55.697958], [12.592154, 55.697433], [12.592138, 55.696903], [12.592057, 55.696546], [12.59185, 55.69603], [12.59155, 55.695536], [12.591124, 55.695054], [12.590794, 55.694758], [12.590621, 55.69461], [12.587571, 55.692766], [12.587131, 55.692482], [12.583845, 55.690501], [12.581921, 55.689478], [12.580036, 55.688535], [12.57656, 55.686559], [12.574645, 55.685275], [12.572231, 55.683772], [12.571245, 55.683073], [12.570342, 55.682425], [12.566925, 55.679862], [12.563926, 55.678205], [12.563771, 55.678075], [12.563461, 55.677814], [12.563197, 55.677543], [12.562887, 55.677102], [12.562686, 55.67665], [12.562595, 55.676347], [12.562567, 55.676033], [12.562566, 55.675673], [12.562614, 55.67533], [12.562711, 55.674995], [12.562952, 55.674493], [12.563177, 55.674172], [12.56358, 55.673701], [12.563903, 55.673413], [12.564471, 55.673001], [12.564894, 55.672755]]}, "properties": {"shape_id": "2420", "route_id": "16448_109", "route_short_name": "A", "agency_id": "318"}}, {"type": "Feature", "geometry": {"type": "LineString", "coordinates": [[12.564894, 55.672755], [12.565448, 55.672199], [12.56592, 55.671619], [12.566311, 55.671023], [12.566441, 55.670705], [12.566541, 55.670225], [12.566529, 55.669749], [12.566406, 55.669267], [12.566157, 55.668807], [12.565939, 55.668507], [12.56569, 55.668218], [12.565208, 55.667818], [12.564835, 55.667568], [12.562396, 55.666291], [12.559909, 55.665005], [12.55951, 55.664819], [12.559511, 55.664828], [12.559164, 55.664685], [12.558804, 55.66457], [12.558429, 55.664473], [12.558024, 55.664394], [12.5477, 55.663165], [12.547051, 55.663022], [12.546065, 55.662844], [12.545389, 55.662764], [12.544539, 55.662681], [12.544377, 55.66265], [12.54359, 55.662394], [12.542944, 55.662116], [12.542343, 55.661791], [12.541817, 55.661429], [12.541383, 55.661028], [12.541134, 55.660738], [12.53992, 55.65875], [12.53929, 55.657411], [12.538906, 55.656145], [12.538576, 55.65566], [12.53831, 55.655362], [12.537997, 55.655065], [12.537482, 55.654648], [12.536557, 55.654082], [12.535749, 55.653763], [12.529576, 55.651972], [12.528437, 55.65169], [12.527341, 55.651524], [12.523831, 55.65122], [12.522845, 55.651222], [12.522196, 55.651249], [12.52122, 55.651358], [12.52028, 55.65152], [12.517843, 55.652183], [12.517389, 55.652268], [12.516918, 55.652327], [12.516443, 55.652359], [12.515967, 55.652363], [12.515503, 55.652331], [12.514955, 55.652257], [12.514438, 55.652164], [12.513918, 55.652035], [12.513442, 55.651878], [12.512981, 55.651702], [12.512351, 55.651406], [12.511964, 55.651174], [12.511624, 55.650923], [12.508406, 55.648021], [12.505956, 55.64587], [12.504546, 55.644328], [12.503428, 55.642849], [12.501936, 55.641453], [12.49999, 55.639953], [12.499649, 55.639693], [12.495383, 55.636075], [12.494193, 55.634841], [12.492718, 55.633094], [12.491382, 55.632017], [12.489502, 55.631072], [12.487374, 55.630377], [12.48463, 55.629718], [12.482352, 55.629127], [12.478222, 55.628075], [12.475036, 55.627455], [12.471667, 55.627092], [12.465002, 55.62684], [12.46233, 55.626637], [12.454604, 55.625524], [12.4541, 55.625395], [12.45212, 55.624929], [12.43934, 55.62144], [12.436961, 55.620949], [12.434662, 55.620636], [12.431182, 55.620455], [12.427773, 55.620541], [12.422664, 55.620981], [12.422332, 55.621008], [12.418228, 55.621131], [12.414784, 55.621362], [12.412287, 55.621693], [12.406566, 55.622787], [12.403074, 55.623379], [12.399624, 55.623726], [12.396642, 55.623791], [12.393695, 55.623702], [12.390984, 55.623588], [12.388414, 55.623452], [12.387472, 55.623397], [12.38253, 55.623219], [12.377398, 55.622848], [12.374908, 55.622539], [12.372098, 55.622005], [12.369459, 55.62125], [12.366912, 55.620268], [12.365204, 55.619434], [12.363627, 55.618462], [12.362113, 55.617298], [12.360166, 55.615526], [12.357887, 55.613395], [12.355749, 55.611431], [12.352959, 55.609259], [12.350084, 55.607594], [12.337971, 55.600938], [12.335923, 55.599636], [12.333188, 55.597526], [12.330635, 55.595518], [12.327313, 55.592849], [12.32546, 55.591586], [12.323219, 55.590622], [12.320078, 55.589907], [12.316964, 55.589497], [12.310803, 55.588729], [12.308226, 55.588106], [12.306039, 55.587203], [12.304515, 55.586255], [12.301563, 55.584195], [12.299632, 55.583123], [12.295539, 55.581255], [12.291828, 55.579593], [12.289605, 55.578439], [12.287977, 55.577385], [12.286653, 55.576351], [12.285375, 55.575109], [12.283316, 55.572691], [12.281732, 55.571205], [12.279495, 55.569692], [12.277046, 55.568481], [12.274969, 55.567736], [12.272029, 55.566925], [12.26898, 55.566125], [12.266156, 55.565355], [12.263637, 55.56464], [12.260395, 55.563612], [12.255439, 55.562008], [12.252734, 55.560956], [12.250563, 55.559836], [12.24854, 55.558379], [12.245704, 55.555928], [12.241855, 55.552533], [12.239384, 55.550449], [12.235718, 55.547714], [12.23399, 55.546564], [12.226713, 55.542333], [12.224697, 55.540947], [12.223294, 55.539698], [12.221292, 55.537512], [12.219847, 55.535743], [12.217969, 55.533329], [12.215147, 55.529627], [12.214095, 55.528396], [12.211915, 55.525963], [12.208442, 55.520687], [12.207333, 55.519124], [12.205992, 55.51764], [12.204209, 55.516176], [12.201936, 55.514725], [12.194734, 55.510517], [12.192695, 55.509402], [12.185924, 55.505802], [12.181603, 55.503487], [12.176758, 55.500574], [12.175236, 55.499373], [12.174851, 55.498915], [12.172743, 55.499887], [12.174851, 55.498915], [12.173905, 55.497789], [12.173214, 55.496485], [12.171878, 55.493463], [12.17103, 55.49139], [12.17082, 55.490937], [12.170656, 55.490474], [12.170589, 55.490233], [12.170504, 55.489768], [12.170466, 55.489292], [12.170475, 55.488815], [12.170504, 55.488581], [12.170592, 55.488111], [12.171229, 55.485784], [12.171892, 55.483996], [12.171927, 55.483833], [12.172044, 55.483524], [12.172111, 55.48337], [12.172276, 55.48306], [12.172476, 55.482785], [12.172708, 55.482518], [12.172824, 55.482389], [12.173089, 55.48214], [12.173528, 55.481697], [12.174, 55.481271], [12.174504, 55.480844], [12.174773, 55.480639], [12.17596, 55.479853], [12.176275, 55.479638], [12.179962, 55.477655], [12.180667, 55.477169], [12.181305, 55.47664], [12.181846, 55.476077], [12.182289, 55.47549], [12.182652, 55.474887], [12.182902, 55.474261], [12.183011, 55.473844], [12.183752, 55.471649], [12.186236, 55.464778], [12.187059, 55.462428], [12.187179, 55.461949], [12.187266, 55.461461], [12.187305, 55.460965], [12.187261, 55.460229], [12.187158, 55.459738], [12.186599, 55.457513]]}, "properties": {"shape_id": "2421", "route_id": "16448_109", "route_short_name": "A", "agency_id": "318"}}, {"type": "Feature", "geometry": {"type": "LineString", "coordinates": [[12.314379, 55.911079], [12.315235, 55.910229], [12.316462, 55.908298], [12.318333, 55.906594], [12.320253, 55.905463], [12.325095, 55.903318], [12.327283, 55.902324], [12.329953, 55.900616], [12.332252, 55.898315], [12.333742, 55.896656], [12.335257, 55.894925], [12.338559, 55.891275], [12.355866, 55.872148], [12.356995, 55.870966], [12.357246, 55.870717], [12.359186, 55.869108], [12.361532, 55.867767], [12.363708, 55.867042], [12.366885, 55.866245], [12.36933, 55.865315], [12.371443, 55.863864], [12.373977, 55.860827], [12.375999, 55.858892], [12.380991, 55.855626], [12.387242, 55.851597], [12.389023, 55.850577], [12.391058, 55.849541], [12.39294, 55.848761], [12.395349, 55.847975], [12.41285, 55.843256], [12.416896, 55.842199], [12.423912, 55.840394], [12.429628, 55.838886], [12.432529, 55.837726], [12.442571, 55.831493], [12.444393, 55.830417], [12.448829, 55.828018], [12.450374, 55.827067], [12.451856, 55.825946], [12.453211, 55.824658], [12.454326, 55.823359], [12.459571, 55.816963], [12.462049, 55.815194], [12.465961, 55.813932], [12.468222, 55.812601], [12.469252, 55.81072], [12.468842, 55.808276], [12.468662, 55.807688], [12.468095, 55.805978], [12.468058, 55.804666], [12.468705, 55.802966], [12.469782, 55.801434], [12.470808, 55.800057], [12.472022, 55.798089], [12.473268, 55.795591], [12.476463, 55.788829], [12.478088, 55.785573], [12.479509, 55.783797], [12.481215, 55.782526], [12.48304, 55.78153], [12.483577, 55.78129], [12.487164, 55.779651], [12.489552, 55.778342], [12.491039, 55.777131], [12.495486, 55.771924], [12.496992, 55.770757], [12.499114, 55.76969], [12.50317, 55.768145], [12.504589, 55.76761], [12.513594, 55.764349], [12.516221, 55.763411], [12.518918, 55.762551], [12.521613, 55.761665], [12.527111, 55.759511], [12.535844, 55.755923], [12.541637, 55.753518], [12.544897, 55.752192], [12.548514, 55.750595], [12.55117, 55.748944], [12.55305, 55.747361], [12.554539, 55.746023], [12.555724, 55.744856], [12.557572, 55.743094], [12.558159, 55.742717], [12.558812, 55.742366], [12.5607, 55.741565], [12.561592, 55.741215], [12.562158, 55.740956], [12.56269, 55.740671], [12.563189, 55.740368], [12.563862, 55.73989], [12.564277, 55.739546], [12.564643, 55.739193], [12.565434, 55.737552], [12.56625, 55.733922], [12.56708, 55.730967], [12.567583, 55.729145], [12.568321, 55.726939], [12.569237, 55.724754], [12.570873, 55.72173], [12.572105, 55.719527], [12.57247, 55.718986], [12.572917, 55.718469], [12.573461, 55.717977], [12.574105, 55.717527], [12.574799, 55.717111], [12.575577, 55.716728], [12.578328, 55.715812], [12.582177, 55.714351], [12.585566, 55.71275], [12.586424, 55.712204], [12.587197, 55.711606], [12.587653, 55.711197], [12.588263, 55.710549], [12.588619, 55.710098], [12.588928, 55.70964], [12.589962, 55.70755], [12.590774, 55.705638], [12.590943, 55.70522], [12.591365, 55.703229], [12.592059, 55.697958], [12.592154, 55.697433], [12.592138, 55.696903], [12.592057, 55.696546], [12.59185, 55.69603], [12.59155, 55.695536], [12.591124, 55.695054], [12.590794, 55.694758], [12.590621, 55.69461], [12.587571, 55.692766], [12.587131, 55.692482], [12.583845, 55.690501], [12.581921, 55.689478], [12.580036, 55.688535], [12.57656, 55.686559], [12.574645, 55.685275], [12.572231, 55.683772], [12.571245, 55.683073], [12.570342, 55.682425], [12.566925, 55.679862], [12.563926, 55.678205], [12.563771, 55.678075], [12.563461, 55.677814], [12.563197, 55.677543], [12.562887, 55.677102], [12.562686, 55.67665], [12.562595, 55.676347], [12.562567, 55.676033], [12.562566, 55.675673], [12.562614, 55.67533], [12.562711, 55.674995], [12.562952, 55.674493], [12.563177, 55.674172], [12.56358, 55.673701], [12.563903, 55.673413], [12.564471, 55.673001], [12.564894, 55.672755], [12.565448, 55.672199], [12.56592, 55.671619], [12.566311, 55.671023], [12.566441, 55.670705], [12.566541, 55.670225], [12.566529, 55.669749], [12.566406, 55.669267], [12.566157, 55.668807], [12.565939, 55.668507], [12.56569, 55.668218], [12.565208, 55.667818], [12.564835, 55.667568], [12.562396, 55.666291], [12.559909, 55.665005], [12.55951, 55.664819], [12.559511, 55.664828], [12.559164, 55.664685], [12.558804, 55.66457], [12.558429, 55.664473], [12.558024, 55.664394], [12.5477, 55.663165], [12.547051, 55.663022], [12.546065, 55.662844], [12.545389, 55.662764], [12.544539, 55.662681], [12.544377, 55.66265], [12.54359, 55.662394], [12.542944, 55.662116], [12.542343, 55.661791], [12.541817, 55.661429], [12.541383, 55.661028], [12.541134, 55.660738], [12.53992, 55.65875], [12.53929, 55.657411], [12.538906, 55.656145], [12.538576, 55.65566], [12.53831, 55.655362], [12.537997, 55.655065], [12.537482, 55.654648], [12.536557, 55.654082], [12.535749, 55.653763], [12.529576, 55.651972], [12.528437, 55.65169], [12.527341, 55.651524], [12.523831, 55.65122], [12.522845, 55.651222], [12.522196, 55.651249], [12.52122, 55.651358], [12.52028, 55.65152], [12.517843, 55.652183], [12.517389, 55.652268], [12.516918, 55.652327], [12.516443, 55.652359], [12.515967, 55.652363], [12.515503, 55.652331], [12.514955, 55.652257], [12.514438, 55.652164], [12.513918, 55.652035], [12.513442, 55.651878], [12.512981, 55.651702], [12.512351, 55.651406], [12.511964, 55.651174], [12.511624, 55.650923], [12.508406, 55.648021], [12.505956, 55.64587], [12.504546, 55.644328], [12.503428, 55.642849], [12.501936, 55.641453], [12.49999, 55.639953], [12.499649, 55.639693], [12.495383, 55.636075], [12.494193, 55.634841], [12.492718, 55.633094], [12.491382, 55.632017], [12.489502, 55.631072], [12.487374, 55.630377], [12.48463, 55.629718], [12.482352, 55.629127], [12.478222, 55.628075], [12.475036, 55.627455], [12.471667, 55.627092], [12.465002, 55.62684], [12.46233, 55.626637], [12.454604, 55.625524], [12.4541, 55.625395], [12.45212, 55.624929], [12.43934, 55.62144], [12.436961, 55.620949], [12.434662, 55.620636], [12.431182, 55.620455], [12.427773, 55.620541], [12.422664, 55.620981], [12.422332, 55.621008], [12.418228, 55.621131], [12.414784, 55.621362], [12.412287, 55.621693], [12.406566, 55.622787], [12.403074, 55.623379], [12.399624, 55.623726], [12.396642, 55.623791], [12.393695, 55.623702], [12.390984, 55.623588], [12.388414, 55.623452], [12.387472, 55.623397], [12.38253, 55.623219], [12.377398, 55.622848], [12.374908, 55.622539], [12.372098, 55.622005], [12.369459, 55.62125], [12.366912, 55.620268], [12.365204, 55.619434], [12.363627, 55.618462], [12.362113, 55.617298], [12.360166, 55.615526], [12.357887, 55.613395], [12.355749, 55.611431], [12.352959, 55.609259], [12.350084, 55.607594], [12.337971, 55.600938], [12.335923, 55.599636], [12.333188, 55.597526], [12.330635, 55.595518], [12.327313, 55.592849], [12.32546, 55.591586], [12.323219, 55.590622], [12.320078, 55.589907], [12.316964, 55.589497], [12.310803, 55.588729], [12.308226, 55.588106], [12.306039, 55.587203], [12.304515, 55.586255], [12.301563, 55.584195], [12.299632, 55.583123], [12.295539, 55.581255], [12.291828, 55.579593], [12.289605, 55.578439], [12.287977, 55.577385], [12.286653, 55.576351], [12.285375, 55.575109], [12.283316, 55.572691], [12.281732, 55.571205], [12.279495, 55.569692], [12.277046, 55.568481], [12.274969, 55.567736], [12.272029, 55.566925], [12.26898, 55.566125], [12.266156, 55.565355], [12.263637, 55.56464], [12.260395, 55.563612], [12.255439, 55.562008], [12.252734, 55.560956], [12.250563, 55.559836], [12.24854, 55.558379], [12.245704, 55.555928], [12.241855, 55.552533], [12.239384, 55.550449], [12.235718, 55.547714], [12.23399, 55.546564], [12.226713, 55.542333], [12.224697, 55.540947], [12.223294, 55.539698], [12.221292, 55.537512], [12.219847, 55.535743], [12.217969, 55.533329], [12.215147, 55.529627], [12.214095, 55.528396], [12.211915, 55.525963], [12.208442, 55.520687], [12.207333, 55.519124], [12.205992, 55.51764], [12.204209, 55.516176], [12.201936, 55.514725], [12.194734, 55.510517], [12.192695, 55.509402], [12.185924, 55.505802], [12.181603, 55.503487], [12.176758, 55.500574], [12.175236, 55.499373], [12.174851, 55.498915], [12.172743, 55.499887], [12.174851, 55.498915], [12.173905, 55.497789], [12.173214, 55.496485], [12.171878, 55.493463], [12.17103, 55.49139], [12.17082, 55.490937], [12.170656, 55.490474], [12.170589, 55.490233], [12.170504, 55.489768], [12.170466, 55.489292], [12.170475, 55.488815], [12.170504, 55.488581], [12.170592, 55.488111], [12.171229, 55.485784], [12.171892, 55.483996], [12.171927, 55.483833], [12.172044, 55.483524], [12.172111, 55.48337], [12.172276, 55.48306], [12.172476, 55.482785], [12.172708, 55.482518], [12.172824, 55.482389], [12.173089, 55.48214], [12.173528, 55.481697], [12.174, 55.481271], [12.174504, 55.480844], [12.174773, 55.480639], [12.17596, 55.479853], [12.176275, 55.479638], [12.179962, 55.477655], [12.180667, 55.477169], [12.181305, 55.47664], [12.181846, 55.476077], [12.182289, 55.47549], [12.182652, 55.474887], [12.182902, 55.474261], [12.183011, 55.473844], [12.183752, 55.471649], [12.186236, 55.464778], [12.187059, 55.462428], [12.187179, 55.461949], [12.187266, 55.461461], [12.187305, 55.460965], [12.187261, 55.460229], [12.187158, 55.459738], [12.186599, 55.457513]]}, "properties": {"shape_id": "2422", "route_id": "16448_109", "route_short_name": "A", "agency_id": "318"}}, {"type": "Feature", "geometry": {"type": "LineString", "coordinates": [[12.310865, 55.926925], [12.30947, 55.92316], [12.309605, 55.921358], [12.310623, 55.919029], [12.313765, 55.912705], [12.315235, 55.910229], [12.314379, 55.911079], [12.315235, 55.910229], [12.316462, 55.908298], [12.318333, 55.906594], [12.320253, 55.905463], [12.325095, 55.903318], [12.327283, 55.902324], [12.329953, 55.900616], [12.332252, 55.898315], [12.333742, 55.896656], [12.335257, 55.894925], [12.338559, 55.891275], [12.355866, 55.872148], [12.356995, 55.870966], [12.357246, 55.870717], [12.359186, 55.869108], [12.361532, 55.867767], [12.363708, 55.867042], [12.366885, 55.866245], [12.36933, 55.865315], [12.371443, 55.863864], [12.373977, 55.860827], [12.375999, 55.858892], [12.380991, 55.855626], [12.387242, 55.851597], [12.389023, 55.850577], [12.391058, 55.849541], [12.39294, 55.848761], [12.395349, 55.847975], [12.41285, 55.843256], [12.416896, 55.842199], [12.423912, 55.840394]]}, "properties": {"shape_id": "2423", "route_id": "16448_109", "route_short_name": "A", "agency_id": "318"}}, {"type": "Feature", "geometry": {"type": "LineString", "coordinates": [[12.314379, 55.911079], [12.315235, 55.910229], [12.316462, 55.908298], [12.318333, 55.906594], [12.320253, 55.905463], [12.325095, 55.903318], [12.327283, 55.902324], [12.329953, 55.900616], [12.332252, 55.898315], [12.333742, 55.896656], [12.335257, 55.894925], [12.338559, 55.891275], [12.355866, 55.872148], [12.356995, 55.870966], [12.357246, 55.870717], [12.359186, 55.869108], [12.361532, 55.867767], [12.363708, 55.867042], [12.366885, 55.866245], [12.36933, 55.865315], [12.371443, 55.863864], [12.373977, 55.860827], [12.375999, 55.858892], [12.380991, 55.855626], [12.387242, 55.851597], [12.389023, 55.850577], [12.391058, 55.849541], [12.39294, 55.848761], [12.395349, 55.847975], [12.41285, 55.843256], [12.416896, 55.842199], [12.423912, 55.840394], [12.429628, 55.838886], [12.432529, 55.837726], [12.442571, 55.831493], [12.444393, 55.830417], [12.448829, 55.828018], [12.450374, 55.827067], [12.451856, 55.825946], [12.453211, 55.824658], [12.454326, 55.823359], [12.459571, 55.816963], [12.462049, 55.815194], [12.465961, 55.813932], [12.468222, 55.812601], [12.469252, 55.81072], [12.468842, 55.808276], [12.468662, 55.807688], [12.468095, 55.805978], [12.468058, 55.804666], [12.468705, 55.802966], [12.469782, 55.801434], [12.470808, 55.800057], [12.472022, 55.798089], [12.473268, 55.795591], [12.476463, 55.788829], [12.478088, 55.785573], [12.479509, 55.783797], [12.481215, 55.782526], [12.48304, 55.78153], [12.483577, 55.78129], [12.487164, 55.779651], [12.489552, 55.778342], [12.491039, 55.777131], [12.495486, 55.771924], [12.496992, 55.770757], [12.499114, 55.76969], [12.50317, 55.768145], [12.504589, 55.76761], [12.513594, 55.764349], [12.516221, 55.763411], [12.518918, 55.762551], [12.521613, 55.761665], [12.527111, 55.759511], [12.535844, 55.755923], [12.541637, 55.753518], [12.544897, 55.752192], [12.548514, 55.750595], [12.55117, 55.748944], [12.55305, 55.747361], [12.554539, 55.746023], [12.555724, 55.744856], [12.557572, 55.743094], [12.558159, 55.742717], [12.558812, 55.742366], [12.5607, 55.741565], [12.561592, 55.741215], [12.562158, 55.740956], [12.56269, 55.740671], [12.563189, 55.740368], [12.563862, 55.73989], [12.564277, 55.739546], [12.564643, 55.739193], [12.565434, 55.737552], [12.56625, 55.733922], [12.56708, 55.730967], [12.567583, 55.729145], [12.568321, 55.726939], [12.569237, 55.724754], [12.570873, 55.72173], [12.572105, 55.719527], [12.57247, 55.718986], [12.572917, 55.718469], [12.573461, 55.717977], [12.574105, 55.717527], [12.574799, 55.717111], [12.575577, 55.716728], [12.578328, 55.715812], [12.582177, 55.714351], [12.585566, 55.71275], [12.586424, 55.712204], [12.587197, 55.711606], [12.587653, 55.711197], [12.588263, 55.710549], [12.588619, 55.710098], [12.588928, 55.70964], [12.589962, 55.70755], [12.590774, 55.705638], [12.590943, 55.70522], [12.591365, 55.703229], [12.592059, 55.697958], [12.592154, 55.697433], [12.592138, 55.696903], [12.592057, 55.696546], [12.59185, 55.69603], [12.59155, 55.695536], [12.591124, 55.695054], [12.590794, 55.694758], [12.590621, 55.69461], [12.587571, 55.692766], [12.587131, 55.692482], [12.583845, 55.690501], [12.581921, 55.689478], [12.580036, 55.688535], [12.57656, 55.686559], [12.574645, 55.685275], [12.572231, 55.683772], [12.571245, 55.683073], [12.570342, 55.682425], [12.566925, 55.679862], [12.563926, 55.678205], [12.563771, 55.678075], [12.563461, 55.677814], [12.563197, 55.677543], [12.562887, 55.677102], [12.562686, 55.67665], [12.562595, 55.676347], [12.562567, 55.676033], [12.562566, 55.675673], [12.562614, 55.67533], [12.562711, 55.674995], [12.562952, 55.674493], [12.563177, 55.674172], [12.56358, 55.673701], [12.563903, 55.673413], [12.564471, 55.673001], [12.564894, 55.672755]]}, "properties": {"shape_id": "2424", "route_id": "16448_109", "route_short_name": "A", "agency_id": "318"}}, {"type": "Feature", "geometry": {"type": "LineString", "coordinates": [[12.314379, 55.911079], [12.315235, 55.910229], [12.316462, 55.908298], [12.318333, 55.906594], [12.320253, 55.905463], [12.325095, 55.903318], [12.327283, 55.902324], [12.329953, 55.900616], [12.332252, 55.898315], [12.333742, 55.896656], [12.335257, 55.894925], [12.338559, 55.891275], [12.355866, 55.872148], [12.356995, 55.870966], [12.357246, 55.870717], [12.359186, 55.869108], [12.361532, 55.867767], [12.363708, 55.867042], [12.366885, 55.866245], [12.36933, 55.865315], [12.371443, 55.863864], [12.373977, 55.860827], [12.375999, 55.858892], [12.380991, 55.855626], [12.387242, 55.851597], [12.389023, 55.850577], [12.391058, 55.849541], [12.39294, 55.848761], [12.395349, 55.847975], [12.41285, 55.843256], [12.416896, 55.842199], [12.423912, 55.840394], [12.429628, 55.838886], [12.432529, 55.837726], [12.442571, 55.831493], [12.444393, 55.830417], [12.448829, 55.828018], [12.450374, 55.827067], [12.451856, 55.825946], [12.453211, 55.824658], [12.454326, 55.823359], [12.459571, 55.816963], [12.462049, 55.815194], [12.465961, 55.813932], [12.468222, 55.812601], [12.469252, 55.81072], [12.468842, 55.808276], [12.468662, 55.807688], [12.468095, 55.805978], [12.468058, 55.804666], [12.468705, 55.802966], [12.469782, 55.801434], [12.470808, 55.800057], [12.472022, 55.798089], [12.473268, 55.795591], [12.476463, 55.788829], [12.478088, 55.785573], [12.479509, 55.783797], [12.481215, 55.782526], [12.48304, 55.78153], [12.483577, 55.78129], [12.487164, 55.779651], [12.489552, 55.778342], [12.491039, 55.777131], [12.495486, 55.771924], [12.496992, 55.770757], [12.499114, 55.76969], [12.50317, 55.768145], [12.504589, 55.76761], [12.513594, 55.764349], [12.516221, 55.763411], [12.518918, 55.762551], [12.521613, 55.761665], [12.527111, 55.759511], [12.535844, 55.755923], [12.541637, 55.753518], [12.544897, 55.752192], [12.548514, 55.750595], [12.55117, 55.748944], [12.55305, 55.747361], [12.554539, 55.746023], [12.555724, 55.744856], [12.557572, 55.743094], [12.558159, 55.742717], [12.558812, 55.742366], [12.5607, 55.741565], [12.561592, 55.741215], [12.562158, 55.740956], [12.56269, 55.740671], [12.563189, 55.740368], [12.563862, 55.73989], [12.564277, 55.739546], [12.564643, 55.739193], [12.565434, 55.737552], [12.56625, 55.733922], [12.56708, 55.730967], [12.567583, 55.729145], [12.568321, 55.726939], [12.569237, 55.724754], [12.570873, 55.72173], [12.572105, 55.719527], [12.57247, 55.718986], [12.572917, 55.718469], [12.573461, 55.717977], [12.574105, 55.717527], [12.574799, 55.717111], [12.575577, 55.716728], [12.578328, 55.715812], [12.582177, 55.714351], [12.585566, 55.71275], [12.586424, 55.712204], [12.587197, 55.711606], [12.587653, 55.711197], [12.588263, 55.710549], [12.588619, 55.710098], [12.588928, 55.70964], [12.589962, 55.70755], [12.590774, 55.705638], [12.590943, 55.70522], [12.591365, 55.703229], [12.592059, 55.697958], [12.592154, 55.697433], [12.592138, 55.696903], [12.592057, 55.696546], [12.59185, 55.69603], [12.59155, 55.695536], [12.591124, 55.695054], [12.590794, 55.694758], [12.590621, 55.69461], [12.587571, 55.692766], [12.587131, 55.692482], [12.583845, 55.690501], [12.581921, 55.689478], [12.580036, 55.688535], [12.57656, 55.686559], [12.574645, 55.685275], [12.572231, 55.683772], [12.571245, 55.683073], [12.570342, 55.682425], [12.566925, 55.679862], [12.563926, 55.678205], [12.563771, 55.678075], [12.563461, 55.677814], [12.563197, 55.677543], [12.562887, 55.677102], [12.562686, 55.67665], [12.562595, 55.676347], [12.562567, 55.676033], [12.562566, 55.675673], [12.562614, 55.67533], [12.562711, 55.674995], [12.562952, 55.674493], [12.563177, 55.674172], [12.56358, 55.673701], [12.563903, 55.673413], [12.564471, 55.673001], [12.564894, 55.672755], [12.565448, 55.672199], [12.56592, 55.671619], [12.566311, 55.671023], [12.566441, 55.670705], [12.566541, 55.670225], [12.566529, 55.669749], [12.566406, 55.669267], [12.566157, 55.668807], [12.565939, 55.668507], [12.56569, 55.668218], [12.565208, 55.667818], [12.564835, 55.667568], [12.562396, 55.666291], [12.559909, 55.665005], [12.55951, 55.664819], [12.559511, 55.664828], [12.559164, 55.664685], [12.558804, 55.66457], [12.558429, 55.664473], [12.558024, 55.664394], [12.5477, 55.663165], [12.547051, 55.663022], [12.546065, 55.662844], [12.545389, 55.662764], [12.544539, 55.662681], [12.544377, 55.66265], [12.54359, 55.662394], [12.542944, 55.662116], [12.542343, 55.661791], [12.541817, 55.661429], [12.541383, 55.661028], [12.541134, 55.660738], [12.53992, 55.65875], [12.53929, 55.657411], [12.538906, 55.656145], [12.538576, 55.65566], [12.53831, 55.655362], [12.537997, 55.655065], [12.537482, 55.654648], [12.536557, 55.654082], [12.535749, 55.653763], [12.529576, 55.651972], [12.528437, 55.65169], [12.527341, 55.651524], [12.523831, 55.65122], [12.522845, 55.651222], [12.522196, 55.651249], [12.52122, 55.651358], [12.52028, 55.65152], [12.517843, 55.652183], [12.517389, 55.652268], [12.516918, 55.652327], [12.516443, 55.652359], [12.515967, 55.652363], [12.515503, 55.652331], [12.514955, 55.652257], [12.514438, 55.652164], [12.513918, 55.652035], [12.513442, 55.651878], [12.512981, 55.651702], [12.512351, 55.651406], [12.511964, 55.651174], [12.511624, 55.650923], [12.508406, 55.648021], [12.505956, 55.64587], [12.504546, 55.644328], [12.503428, 55.642849], [12.501936, 55.641453], [12.49999, 55.639953], [12.499649, 55.639693], [12.495383, 55.636075], [12.494193, 55.634841], [12.492718, 55.633094], [12.491382, 55.632017], [12.489502, 55.631072], [12.487374, 55.630377], [12.48463, 55.629718], [12.482352, 55.629127], [12.478222, 55.628075], [12.475036, 55.627455], [12.471667, 55.627092], [12.465002, 55.62684], [12.46233, 55.626637], [12.454604, 55.625524], [12.4541, 55.625395], [12.45212, 55.624929], [12.43934, 55.62144], [12.436961, 55.620949], [12.434662, 55.620636], [12.431182, 55.620455], [12.427773, 55.620541], [12.422664, 55.620981], [12.422332, 55.621008], [12.418228, 55.621131], [12.414784, 55.621362], [12.412287, 55.621693], [12.406566, 55.622787], [12.403074, 55.623379], [12.399624, 55.623726], [12.396642, 55.623791], [12.393695, 55.623702], [12.390984, 55.623588], [12.388414, 55.623452], [12.387472, 55.623397], [12.38253, 55.623219], [12.377398, 55.622848], [12.374908, 55.622539], [12.372098, 55.622005], [12.369459, 55.62125], [12.366912, 55.620268], [12.365204, 55.619434], [12.363627, 55.618462], [12.362113, 55.617298], [12.360166, 55.615526], [12.357887, 55.613395], [12.355749, 55.611431], [12.352959, 55.609259], [12.350084, 55.607594], [12.337971, 55.600938], [12.335923, 55.599636], [12.333188, 55.597526]]}, "properties": {"shape_id": "2425", "route_id": "16448_109", "route_short_name": "A", "agency_id": "318"}}, {"type": "Feature", "geometry": {"type": "LineString", "coordinates": [[12.333188, 55.597526], [12.335923, 55.599636], [12.337971, 55.600938], [12.350084, 55.607594], [12.352959, 55.609259], [12.355749, 55.611431], [12.357887, 55.613395], [12.360166, 55.615526], [12.362113, 55.617298], [12.363627, 55.618462], [12.365204, 55.619434], [12.366912, 55.620268], [12.369459, 55.62125], [12.372098, 55.622005], [12.374908, 55.622539], [12.377398, 55.622848], [12.38253, 55.623219], [12.387472, 55.623397], [12.388414, 55.623452], [12.390984, 55.623588], [12.393695, 55.623702], [12.396642, 55.623791], [12.399624, 55.623726], [12.403074, 55.623379], [12.406566, 55.622787], [12.412287, 55.621693], [12.414784, 55.621362], [12.418228, 55.621131], [12.422332, 55.621008], [12.422664, 55.620981], [12.427773, 55.620541], [12.431182, 55.620455], [12.434662, 55.620636], [12.436961, 55.620949], [12.43934, 55.62144], [12.45212, 55.624929], [12.4541, 55.625395], [12.454604, 55.625524], [12.46233, 55.626637], [12.465002, 55.62684], [12.471667, 55.627092], [12.475036, 55.627455], [12.478222, 55.628075], [12.482352, 55.629127], [12.48463, 55.629718], [12.487374, 55.630377], [12.489502, 55.631072], [12.491382, 55.632017], [12.492718, 55.633094], [12.494193, 55.634841], [12.495383, 55.636075], [12.499649, 55.639693], [12.49999, 55.639953], [12.501936, 55.641453], [12.503428, 55.642849], [12.504546, 55.644328], [12.505956, 55.64587], [12.508406, 55.648021], [12.511624, 55.650923], [12.511964, 55.651174], [12.512351, 55.651406], [12.512981, 55.651702], [12.513442, 55.651878], [12.513918, 55.652035], [12.514438, 55.652164], [12.514955, 55.652257], [12.515503, 55.652331], [12.515967, 55.652363], [12.516443, 55.652359], [12.516918, 55.652327], [12.517389, 55.652268], [12.517843, 55.652183], [12.52028, 55.65152], [12.52122, 55.651358], [12.522196, 55.651249], [12.522845, 55.651222], [12.523831, 55.65122], [12.527341, 55.651524], [12.528437, 55.65169], [12.529576, 55.651972], [12.535749, 55.653763], [12.536557, 55.654082], [12.537482, 55.654648], [12.537997, 55.655065], [12.53831, 55.655362], [12.538576, 55.65566], [12.538906, 55.656145], [12.53929, 55.657411], [12.53992, 55.65875], [12.541134, 55.660738], [12.541383, 55.661028], [12.541817, 55.661429], [12.542343, 55.661791], [12.542944, 55.662116], [12.54359, 55.662394], [12.544377, 55.66265], [12.544539, 55.662681], [12.545389, 55.662764], [12.546065, 55.662844], [12.547051, 55.663022], [12.5477, 55.663165], [12.558024, 55.664394], [12.558429, 55.664473], [12.558804, 55.66457], [12.559164, 55.664685], [12.559511, 55.664828], [12.55951, 55.664819], [12.559909, 55.665005], [12.562396, 55.666291], [12.564835, 55.667568], [12.565208, 55.667818], [12.56569, 55.668218], [12.565939, 55.668507], [12.566157, 55.668807], [12.566406, 55.669267], [12.566529, 55.669749], [12.566541, 55.670225], [12.566441, 55.670705], [12.566311, 55.671023], [12.56592, 55.671619], [12.565448, 55.672199], [12.564894, 55.672755], [12.564471, 55.673001], [12.563903, 55.673413], [12.56358, 55.673701], [12.563177, 55.674172], [12.562952, 55.674493], [12.562711, 55.674995], [12.562614, 55.67533], [12.562566, 55.675673], [12.562567, 55.676033], [12.562595, 55.676347], [12.562686, 55.67665], [12.562887, 55.677102], [12.563197, 55.677543], [12.563461, 55.677814], [12.563771, 55.678075], [12.563926, 55.678205], [12.566925, 55.679862], [12.570342, 55.682425], [12.571245, 55.683073], [12.572231, 55.683772], [12.574645, 55.685275], [12.57656, 55.686559], [12.580036, 55.688535], [12.581921, 55.689478], [12.583845, 55.690501], [12.587131, 55.692482], [12.587571, 55.692766], [12.590621, 55.69461], [12.590794, 55.694758], [12.591124, 55.695054], [12.59155, 55.695536], [12.59185, 55.69603], [12.592057, 55.696546], [12.592138, 55.696903], [12.592154, 55.697433], [12.592059, 55.697958], [12.591365, 55.703229], [12.590943, 55.70522], [12.590774, 55.705638], [12.589962, 55.70755], [12.588928, 55.70964], [12.588619, 55.710098], [12.588263, 55.710549], [12.587653, 55.711197], [12.587197, 55.711606], [12.586424, 55.712204], [12.585566, 55.71275], [12.582177, 55.714351], [12.578328, 55.715812], [12.575577, 55.716728], [12.574799, 55.717111], [12.574105, 55.717527], [12.573461, 55.717977], [12.572917, 55.718469], [12.57247, 55.718986], [12.572105, 55.719527], [12.570873, 55.72173], [12.569237, 55.724754], [12.568321, 55.726939], [12.567583, 55.729145], [12.56708, 55.730967], [12.56625, 55.733922], [12.565434, 55.737552], [12.564643, 55.739193], [12.564277, 55.739546], [12.563862, 55.73989], [12.563189, 55.740368], [12.56269, 55.740671], [12.562158, 55.740956], [12.561592, 55.741215], [12.5607, 55.741565], [12.558812, 55.742366], [12.558159, 55.742717], [12.557572, 55.743094], [12.555724, 55.744856], [12.554539, 55.746023], [12.55305, 55.747361], [12.55117, 55.748944], [12.548514, 55.750595], [12.544897, 55.752192], [12.541637, 55.753518], [12.535844, 55.755923], [12.527111, 55.759511], [12.521613, 55.761665], [12.518918, 55.762551], [12.516221, 55.763411], [12.513594, 55.764349], [12.504589, 55.76761], [12.50317, 55.768145], [12.499114, 55.76969], [12.496992, 55.770757], [12.495486, 55.771924], [12.491039, 55.777131], [12.489552, 55.778342], [12.487164, 55.779651], [12.483577, 55.78129], [12.48304, 55.78153], [12.481215, 55.782526], [12.479509, 55.783797], [12.478088, 55.785573], [12.476463, 55.788829], [12.473268, 55.795591], [12.472022, 55.798089], [12.470808, 55.800057], [12.469782, 55.801434], [12.468705, 55.802966], [12.468058, 55.804666], [12.468095, 55.805978], [12.468662, 55.807688], [12.468842, 55.808276], [12.469252, 55.81072], [12.468222, 55.812601], [12.465961, 55.813932], [12.462049, 55.815194], [12.459571, 55.816963], [12.454326, 55.823359], [12.453211, 55.824658], [12.451856, 55.825946], [12.450374, 55.827067], [12.448829, 55.828018], [12.444393, 55.830417], [12.442571, 55.831493], [12.432529, 55.837726], [12.429628, 55.838886], [12.423912, 55.840394], [12.416896, 55.842199], [12.41285, 55.843256], [12.395349, 55.847975], [12.39294, 55.848761], [12.391058, 55.849541], [12.389023, 55.850577], [12.388171, 55.851068], [12.387242, 55.851597], [12.380991, 55.855626], [12.375999, 55.858892], [12.373977, 55.860827], [12.371443, 55.863864], [12.36933, 55.865315], [12.366885, 55.866245], [12.363708, 55.867042], [12.361532, 55.867767], [12.359186, 55.869108], [12.357246, 55.870717], [12.356995, 55.870966], [12.355866, 55.872148], [12.338559, 55.891275], [12.335257, 55.894925], [12.333742, 55.896656], [12.332252, 55.898315], [12.329953, 55.900616], [12.327283, 55.902324], [12.325095, 55.903318], [12.320253, 55.905463], [12.318333, 55.906594], [12.316462, 55.908298], [12.315235, 55.910229], [12.314379, 55.911079], [12.315235, 55.910229], [12.313765, 55.912705], [12.310623, 55.919029], [12.309605, 55.921358], [12.30947, 55.92316], [12.310865, 55.926925]]}, "properties": {"shape_id": "2426", "route_id": "16448_109", "route_short_name": "A", "agency_id": "318"}}, {"type": "Feature", "geometry": {"type": "LineString", "coordinates": [[12.564894, 55.672755], [12.564471, 55.673001], [12.563903, 55.673413], [12.56358, 55.673701], [12.563177, 55.674172], [12.562952, 55.674493], [12.562711, 55.674995], [12.562614, 55.67533], [12.562566, 55.675673], [12.562567, 55.676033], [12.562595, 55.676347], [12.562686, 55.67665], [12.562887, 55.677102], [12.563197, 55.677543], [12.563461, 55.677814], [12.563771, 55.678075], [12.563926, 55.678205], [12.566925, 55.679862], [12.570342, 55.682425], [12.571245, 55.683073], [12.572231, 55.683772], [12.574645, 55.685275], [12.57656, 55.686559], [12.580036, 55.688535], [12.581921, 55.689478], [12.583845, 55.690501], [12.587131, 55.692482], [12.587571, 55.692766], [12.590621, 55.69461], [12.590794, 55.694758], [12.591124, 55.695054], [12.59155, 55.695536], [12.59185, 55.69603], [12.592057, 55.696546], [12.592138, 55.696903], [12.592154, 55.697433], [12.592059, 55.697958], [12.591365, 55.703229], [12.590943, 55.70522], [12.590774, 55.705638], [12.589962, 55.70755], [12.588928, 55.70964], [12.588619, 55.710098], [12.588263, 55.710549], [12.587653, 55.711197], [12.587197, 55.711606], [12.586424, 55.712204], [12.585566, 55.71275], [12.582177, 55.714351], [12.578328, 55.715812], [12.575577, 55.716728], [12.574799, 55.717111], [12.574105, 55.717527], [12.573461, 55.717977], [12.572917, 55.718469], [12.57247, 55.718986], [12.572105, 55.719527], [12.570873, 55.72173], [12.569237, 55.724754], [12.568321, 55.726939], [12.567583, 55.729145], [12.56708, 55.730967], [12.56625, 55.733922], [12.565434, 55.737552], [12.564643, 55.739193], [12.564277, 55.739546], [12.563862, 55.73989], [12.563189, 55.740368], [12.56269, 55.740671], [12.562158, 55.740956], [12.561592, 55.741215], [12.5607, 55.741565], [12.558812, 55.742366], [12.558159, 55.742717], [12.557572, 55.743094], [12.555724, 55.744856], [12.554539, 55.746023], [12.55305, 55.747361], [12.55117, 55.748944], [12.548514, 55.750595], [12.544897, 55.752192], [12.541637, 55.753518], [12.535844, 55.755923], [12.527111, 55.759511], [12.521613, 55.761665], [12.518918, 55.762551], [12.516221, 55.763411], [12.513594, 55.764349], [12.504589, 55.76761], [12.50317, 55.768145], [12.499114, 55.76969], [12.496992, 55.770757], [12.495486, 55.771924], [12.491039, 55.777131], [12.489552, 55.778342], [12.487164, 55.779651], [12.483577, 55.78129], [12.48304, 55.78153], [12.481215, 55.782526], [12.479509, 55.783797], [12.478088, 55.785573], [12.476463, 55.788829], [12.473268, 55.795591], [12.472022, 55.798089], [12.470808, 55.800057], [12.469782, 55.801434], [12.468705, 55.802966], [12.468058, 55.804666], [12.468095, 55.805978], [12.468662, 55.807688], [12.468842, 55.808276], [12.469252, 55.81072], [12.468222, 55.812601], [12.465961, 55.813932], [12.462049, 55.815194], [12.459571, 55.816963], [12.454326, 55.823359], [12.453211, 55.824658], [12.451856, 55.825946], [12.450374, 55.827067], [12.448829, 55.828018], [12.444393, 55.830417], [12.442571, 55.831493], [12.432529, 55.837726], [12.429628, 55.838886], [12.423912, 55.840394], [12.416896, 55.842199], [12.41285, 55.843256], [12.395349, 55.847975], [12.39294, 55.848761], [12.391058, 55.849541], [12.389023, 55.850577], [12.388171, 55.851068], [12.387242, 55.851597], [12.380991, 55.855626], [12.375999, 55.858892], [12.373977, 55.860827], [12.371443, 55.863864], [12.36933, 55.865315], [12.366885, 55.866245], [12.363708, 55.867042], [12.361532, 55.867767], [12.359186, 55.869108], [12.357246, 55.870717], [12.356995, 55.870966], [12.355866, 55.872148], [12.338559, 55.891275], [12.335257, 55.894925], [12.333742, 55.896656], [12.332252, 55.898315], [12.329953, 55.900616], [12.327283, 55.902324], [12.325095, 55.903318], [12.320253, 55.905463], [12.318333, 55.906594], [12.316462, 55.908298], [12.315235, 55.910229], [12.314379, 55.911079], [12.315235, 55.910229], [12.313765, 55.912705], [12.310623, 55.919029], [12.309605, 55.921358], [12.30947, 55.92316], [12.310865, 55.926925]]}, "properties": {"shape_id": "2427", "route_id": "16448_109", "route_short_name": "A", "agency_id": "318"}}, {"type": "Feature", "geometry": {"type": "LineString", "coordinates": [[12.186599, 55.457513], [12.187158, 55.459738], [12.187261, 55.460229], [12.187305, 55.460965], [12.187266, 55.461461], [12.187179, 55.461949], [12.187059, 55.462428], [12.186236, 55.464778], [12.183752, 55.471649], [12.183011, 55.473844], [12.182902, 55.474261], [12.182652, 55.474887], [12.182289, 55.47549], [12.181846, 55.476077], [12.181305, 55.47664], [12.180667, 55.477169], [12.179962, 55.477655], [12.176275, 55.479638], [12.17596, 55.479853], [12.174773, 55.480639], [12.174504, 55.480844], [12.174, 55.481271], [12.173528, 55.481697], [12.173089, 55.48214], [12.172824, 55.482389], [12.172708, 55.482518], [12.172476, 55.482785], [12.172276, 55.48306], [12.172111, 55.48337], [12.172044, 55.483524], [12.171927, 55.483833], [12.171892, 55.483996], [12.171229, 55.485784], [12.170592, 55.488111], [12.170504, 55.488581], [12.170475, 55.488815], [12.170466, 55.489292], [12.170504, 55.489768], [12.170589, 55.490233], [12.170656, 55.490474], [12.17082, 55.490937], [12.17103, 55.49139], [12.171878, 55.493463], [12.173214, 55.496485], [12.173905, 55.497789], [12.174851, 55.498915], [12.172743, 55.499887], [12.174851, 55.498915], [12.175236, 55.499373], [12.176758, 55.500574], [12.181603, 55.503487], [12.185924, 55.505802], [12.192695, 55.509402], [12.194734, 55.510517], [12.201936, 55.514725], [12.204209, 55.516176], [12.205992, 55.51764], [12.207333, 55.519124], [12.208442, 55.520687], [12.211915, 55.525963], [12.214095, 55.528396], [12.215147, 55.529627], [12.217969, 55.533329], [12.219847, 55.535743], [12.221292, 55.537512], [12.223294, 55.539698], [12.224697, 55.540947], [12.226713, 55.542333], [12.23399, 55.546564], [12.235718, 55.547714], [12.239384, 55.550449], [12.241855, 55.552533], [12.245704, 55.555928], [12.24854, 55.558379], [12.250563, 55.559836], [12.252734, 55.560956], [12.255439, 55.562008], [12.260395, 55.563612], [12.263637, 55.56464], [12.266156, 55.565355], [12.26898, 55.566125], [12.272029, 55.566925], [12.274969, 55.567736], [12.277046, 55.568481], [12.279495, 55.569692], [12.281732, 55.571205], [12.283316, 55.572691], [12.285375, 55.575109], [12.286653, 55.576351], [12.287977, 55.577385], [12.289605, 55.578439], [12.291828, 55.579593], [12.295539, 55.581255], [12.299632, 55.583123], [12.301563, 55.584195], [12.304515, 55.586255], [12.306039, 55.587203], [12.308226, 55.588106], [12.310803, 55.588729], [12.316964, 55.589497], [12.320078, 55.589907], [12.323219, 55.590622], [12.32546, 55.591586], [12.327313, 55.592849], [12.330635, 55.595518], [12.333188, 55.597526], [12.335923, 55.599636], [12.337971, 55.600938], [12.350084, 55.607594], [12.352959, 55.609259], [12.355749, 55.611431], [12.357887, 55.613395], [12.360166, 55.615526], [12.362113, 55.617298], [12.363627, 55.618462], [12.365204, 55.619434], [12.366912, 55.620268], [12.369459, 55.62125], [12.372098, 55.622005], [12.374908, 55.622539], [12.377398, 55.622848], [12.38253, 55.623219], [12.387472, 55.623397], [12.388414, 55.623452], [12.390984, 55.623588], [12.393695, 55.623702], [12.396642, 55.623791], [12.399624, 55.623726], [12.403074, 55.623379], [12.406566, 55.622787], [12.412287, 55.621693], [12.414784, 55.621362], [12.418228, 55.621131], [12.422332, 55.621008], [12.422664, 55.620981], [12.427773, 55.620541], [12.431182, 55.620455], [12.434662, 55.620636], [12.436961, 55.620949], [12.43934, 55.62144], [12.45212, 55.624929], [12.4541, 55.625395], [12.454604, 55.625524], [12.46233, 55.626637], [12.465002, 55.62684], [12.471667, 55.627092], [12.475036, 55.627455], [12.478222, 55.628075], [12.482352, 55.629127], [12.48463, 55.629718], [12.487374, 55.630377], [12.489502, 55.631072], [12.491382, 55.632017], [12.492718, 55.633094], [12.494193, 55.634841], [12.495383, 55.636075], [12.499649, 55.639693], [12.49999, 55.639953], [12.501936, 55.641453], [12.503428, 55.642849], [12.504546, 55.644328], [12.505956, 55.64587], [12.508406, 55.648021], [12.511624, 55.650923], [12.511964, 55.651174], [12.512351, 55.651406], [12.512981, 55.651702], [12.513442, 55.651878], [12.513918, 55.652035], [12.514438, 55.652164], [12.514955, 55.652257], [12.515503, 55.652331], [12.515967, 55.652363], [12.516443, 55.652359], [12.516918, 55.652327], [12.517389, 55.652268], [12.517843, 55.652183], [12.52028, 55.65152], [12.52122, 55.651358], [12.522196, 55.651249], [12.522845, 55.651222], [12.523831, 55.65122], [12.527341, 55.651524], [12.528437, 55.65169], [12.529576, 55.651972], [12.535749, 55.653763], [12.536557, 55.654082], [12.537482, 55.654648], [12.537997, 55.655065], [12.53831, 55.655362], [12.538576, 55.65566], [12.538906, 55.656145], [12.53929, 55.657411], [12.53992, 55.65875], [12.541134, 55.660738], [12.541383, 55.661028], [12.541817, 55.661429], [12.542343, 55.661791], [12.542944, 55.662116], [12.54359, 55.662394], [12.544377, 55.66265], [12.544539, 55.662681], [12.545389, 55.662764], [12.546065, 55.662844], [12.547051, 55.663022], [12.5477, 55.663165], [12.558024, 55.664394], [12.558429, 55.664473], [12.558804, 55.66457], [12.559164, 55.664685], [12.559511, 55.664828], [12.55951, 55.664819], [12.559909, 55.665005], [12.562396, 55.666291], [12.564835, 55.667568], [12.565208, 55.667818], [12.56569, 55.668218], [12.565939, 55.668507], [12.566157, 55.668807], [12.566406, 55.669267], [12.566529, 55.669749], [12.566541, 55.670225], [12.566441, 55.670705], [12.566311, 55.671023], [12.56592, 55.671619], [12.565448, 55.672199], [12.564894, 55.672755], [12.564471, 55.673001], [12.563903, 55.673413], [12.56358, 55.673701], [12.563177, 55.674172], [12.562952, 55.674493], [12.562711, 55.674995], [12.562614, 55.67533], [12.562566, 55.675673], [12.562567, 55.676033], [12.562595, 55.676347], [12.562686, 55.67665], [12.562887, 55.677102], [12.563197, 55.677543], [12.563461, 55.677814], [12.563771, 55.678075], [12.563926, 55.678205], [12.566925, 55.679862], [12.570342, 55.682425], [12.571245, 55.683073], [12.572231, 55.683772], [12.574645, 55.685275], [12.57656, 55.686559], [12.580036, 55.688535], [12.581921, 55.689478], [12.583845, 55.690501], [12.587131, 55.692482], [12.587571, 55.692766], [12.590621, 55.69461], [12.590794, 55.694758], [12.591124, 55.695054], [12.59155, 55.695536], [12.59185, 55.69603], [12.592057, 55.696546], [12.592138, 55.696903], [12.592154, 55.697433], [12.592059, 55.697958], [12.591365, 55.703229], [12.590943, 55.70522], [12.590774, 55.705638], [12.589962, 55.70755], [12.588928, 55.70964], [12.588619, 55.710098], [12.588263, 55.710549], [12.587653, 55.711197], [12.587197, 55.711606], [12.586424, 55.712204], [12.585566, 55.71275], [12.582177, 55.714351], [12.578328, 55.715812], [12.575577, 55.716728], [12.574799, 55.717111], [12.574105, 55.717527], [12.573461, 55.717977], [12.572917, 55.718469], [12.57247, 55.718986], [12.572105, 55.719527], [12.570873, 55.72173], [12.569237, 55.724754], [12.568321, 55.726939], [12.567583, 55.729145], [12.56708, 55.730967], [12.56625, 55.733922], [12.565434, 55.737552], [12.564643, 55.739193], [12.564277, 55.739546], [12.563862, 55.73989], [12.563189, 55.740368], [12.56269, 55.740671], [12.562158, 55.740956], [12.561592, 55.741215], [12.5607, 55.741565], [12.558812, 55.742366], [12.558159, 55.742717], [12.557572, 55.743094], [12.555724, 55.744856], [12.554539, 55.746023], [12.55305, 55.747361], [12.55117, 55.748944], [12.548514, 55.750595], [12.544897, 55.752192], [12.541637, 55.753518], [12.535844, 55.755923], [12.527111, 55.759511], [12.521613, 55.761665], [12.518918, 55.762551], [12.516221, 55.763411], [12.513594, 55.764349], [12.504589, 55.76761], [12.50317, 55.768145], [12.499114, 55.76969], [12.496992, 55.770757], [12.495486, 55.771924], [12.491039, 55.777131], [12.489552, 55.778342], [12.487164, 55.779651], [12.483577, 55.78129], [12.48304, 55.78153], [12.481215, 55.782526], [12.479509, 55.783797], [12.478088, 55.785573], [12.476463, 55.788829], [12.473268, 55.795591], [12.472022, 55.798089], [12.470808, 55.800057], [12.469782, 55.801434], [12.468705, 55.802966], [12.468058, 55.804666], [12.468095, 55.805978], [12.468662, 55.807688], [12.468842, 55.808276], [12.469252, 55.81072], [12.468222, 55.812601], [12.465961, 55.813932], [12.462049, 55.815194], [12.459571, 55.816963], [12.454326, 55.823359], [12.453211, 55.824658], [12.451856, 55.825946], [12.450374, 55.827067], [12.448829, 55.828018], [12.444393, 55.830417], [12.442571, 55.831493], [12.432529, 55.837726], [12.429628, 55.838886], [12.423912, 55.840394], [12.416896, 55.842199], [12.41285, 55.843256], [12.395349, 55.847975], [12.39294, 55.848761], [12.391058, 55.849541], [12.389023, 55.850577], [12.388171, 55.851068], [12.387242, 55.851597], [12.380991, 55.855626], [12.375999, 55.858892], [12.373977, 55.860827], [12.371443, 55.863864], [12.36933, 55.865315], [12.366885, 55.866245], [12.363708, 55.867042], [12.361532, 55.867767], [12.359186, 55.869108], [12.357246, 55.870717], [12.356995, 55.870966], [12.355866, 55.872148], [12.338559, 55.891275], [12.335257, 55.894925], [12.333742, 55.896656], [12.332252, 55.898315], [12.329953, 55.900616], [12.327283, 55.902324], [12.325095, 55.903318], [12.320253, 55.905463], [12.318333, 55.906594], [12.316462, 55.908298], [12.315235, 55.910229], [12.314379, 55.911079], [12.315235, 55.910229], [12.313765, 55.912705], [12.310623, 55.919029], [12.309605, 55.921358], [12.30947, 55.92316], [12.310865, 55.926925]]}, "properties": {"shape_id": "2428", "route_id": "16448_109", "route_short_name": "A", "agency_id": "318"}}, {"type": "Feature", "geometry": {"type": "LineString", "coordinates": [[12.186599, 55.457513], [12.187158, 55.459738], [12.187261, 55.460229], [12.187305, 55.460965], [12.187266, 55.461461], [12.187179, 55.461949], [12.187059, 55.462428], [12.186236, 55.464778], [12.183752, 55.471649], [12.183011, 55.473844], [12.182902, 55.474261], [12.182652, 55.474887], [12.182289, 55.47549], [12.181846, 55.476077], [12.181305, 55.47664], [12.180667, 55.477169], [12.179962, 55.477655], [12.176275, 55.479638], [12.17596, 55.479853], [12.174773, 55.480639], [12.174504, 55.480844], [12.174, 55.481271], [12.173528, 55.481697], [12.173089, 55.48214], [12.172824, 55.482389], [12.172708, 55.482518], [12.172476, 55.482785], [12.172276, 55.48306], [12.172111, 55.48337], [12.172044, 55.483524], [12.171927, 55.483833], [12.171892, 55.483996], [12.171229, 55.485784], [12.170592, 55.488111], [12.170504, 55.488581], [12.170475, 55.488815], [12.170466, 55.489292], [12.170504, 55.489768], [12.170589, 55.490233], [12.170656, 55.490474], [12.17082, 55.490937], [12.17103, 55.49139], [12.171878, 55.493463], [12.173214, 55.496485], [12.173905, 55.497789], [12.174851, 55.498915], [12.172743, 55.499887], [12.174851, 55.498915], [12.175236, 55.499373], [12.176758, 55.500574], [12.181603, 55.503487], [12.185924, 55.505802], [12.192695, 55.509402], [12.194734, 55.510517], [12.201936, 55.514725], [12.204209, 55.516176], [12.205992, 55.51764], [12.207333, 55.519124], [12.208442, 55.520687], [12.211915, 55.525963], [12.214095, 55.528396], [12.215147, 55.529627], [12.217969, 55.533329], [12.219847, 55.535743], [12.221292, 55.537512], [12.223294, 55.539698], [12.224697, 55.540947], [12.226713, 55.542333], [12.23399, 55.546564], [12.235718, 55.547714], [12.239384, 55.550449], [12.241855, 55.552533], [12.245704, 55.555928], [12.24854, 55.558379], [12.250563, 55.559836], [12.252734, 55.560956], [12.255439, 55.562008], [12.260395, 55.563612], [12.263637, 55.56464], [12.266156, 55.565355], [12.26898, 55.566125], [12.272029, 55.566925], [12.274969, 55.567736], [12.277046, 55.568481], [12.279495, 55.569692], [12.281732, 55.571205], [12.283316, 55.572691], [12.285375, 55.575109], [12.286653, 55.576351], [12.287977, 55.577385], [12.289605, 55.578439], [12.291828, 55.579593], [12.295539, 55.581255], [12.299632, 55.583123], [12.301563, 55.584195], [12.304515, 55.586255], [12.306039, 55.587203], [12.308226, 55.588106], [12.310803, 55.588729], [12.316964, 55.589497], [12.320078, 55.589907], [12.323219, 55.590622], [12.32546, 55.591586], [12.327313, 55.592849], [12.330635, 55.595518], [12.333188, 55.597526], [12.335923, 55.599636], [12.337971, 55.600938], [12.350084, 55.607594], [12.352959, 55.609259], [12.355749, 55.611431], [12.357887, 55.613395], [12.360166, 55.615526], [12.362113, 55.617298], [12.363627, 55.618462], [12.365204, 55.619434], [12.366912, 55.620268], [12.369459, 55.62125], [12.372098, 55.622005], [12.374908, 55.622539], [12.377398, 55.622848], [12.38253, 55.623219], [12.387472, 55.623397], [12.388414, 55.623452], [12.390984, 55.623588], [12.393695, 55.623702], [12.396642, 55.623791], [12.399624, 55.623726], [12.403074, 55.623379], [12.406566, 55.622787], [12.412287, 55.621693], [12.414784, 55.621362], [12.418228, 55.621131], [12.422332, 55.621008], [12.422664, 55.620981], [12.427773, 55.620541], [12.431182, 55.620455], [12.434662, 55.620636], [12.436961, 55.620949], [12.43934, 55.62144], [12.45212, 55.624929], [12.4541, 55.625395], [12.454604, 55.625524], [12.46233, 55.626637], [12.465002, 55.62684], [12.471667, 55.627092], [12.475036, 55.627455], [12.478222, 55.628075], [12.482352, 55.629127], [12.48463, 55.629718], [12.487374, 55.630377], [12.489502, 55.631072], [12.491382, 55.632017], [12.492718, 55.633094], [12.494193, 55.634841], [12.495383, 55.636075], [12.499649, 55.639693], [12.49999, 55.639953], [12.501936, 55.641453], [12.503428, 55.642849], [12.504546, 55.644328], [12.505956, 55.64587], [12.508406, 55.648021], [12.511624, 55.650923], [12.511964, 55.651174], [12.512351, 55.651406], [12.512981, 55.651702], [12.513442, 55.651878], [12.513918, 55.652035], [12.514438, 55.652164], [12.514955, 55.652257], [12.515503, 55.652331], [12.515967, 55.652363], [12.516443, 55.652359], [12.516918, 55.652327], [12.517389, 55.652268], [12.517843, 55.652183], [12.52028, 55.65152], [12.52122, 55.651358], [12.522196, 55.651249], [12.522845, 55.651222], [12.523831, 55.65122], [12.527341, 55.651524], [12.528437, 55.65169], [12.529576, 55.651972], [12.535749, 55.653763], [12.536557, 55.654082], [12.537482, 55.654648], [12.537997, 55.655065], [12.53831, 55.655362], [12.538576, 55.65566], [12.538906, 55.656145], [12.53929, 55.657411], [12.53992, 55.65875], [12.541134, 55.660738], [12.541383, 55.661028], [12.541817, 55.661429], [12.542343, 55.661791], [12.542944, 55.662116], [12.54359, 55.662394], [12.544377, 55.66265], [12.544539, 55.662681], [12.545389, 55.662764], [12.546065, 55.662844], [12.547051, 55.663022], [12.5477, 55.663165], [12.558024, 55.664394], [12.558429, 55.664473], [12.558804, 55.66457], [12.559164, 55.664685], [12.559511, 55.664828], [12.55951, 55.664819], [12.559909, 55.665005], [12.562396, 55.666291], [12.564835, 55.667568], [12.565208, 55.667818], [12.56569, 55.668218], [12.565939, 55.668507], [12.566157, 55.668807], [12.566406, 55.669267], [12.566529, 55.669749], [12.566541, 55.670225], [12.566441, 55.670705], [12.566311, 55.671023], [12.56592, 55.671619], [12.565448, 55.672199], [12.564894, 55.672755], [12.564471, 55.673001], [12.563903, 55.673413], [12.56358, 55.673701], [12.563177, 55.674172], [12.562952, 55.674493], [12.562711, 55.674995], [12.562614, 55.67533], [12.562566, 55.675673], [12.562567, 55.676033], [12.562595, 55.676347], [12.562686, 55.67665], [12.562887, 55.677102], [12.563197, 55.677543], [12.563461, 55.677814], [12.563771, 55.678075], [12.563926, 55.678205], [12.566925, 55.679862], [12.570342, 55.682425], [12.571245, 55.683073], [12.572231, 55.683772], [12.574645, 55.685275], [12.57656, 55.686559], [12.580036, 55.688535], [12.581921, 55.689478], [12.583845, 55.690501], [12.587131, 55.692482], [12.587571, 55.692766], [12.590621, 55.69461], [12.590794, 55.694758], [12.591124, 55.695054], [12.59155, 55.695536], [12.59185, 55.69603], [12.592057, 55.696546], [12.592138, 55.696903], [12.592154, 55.697433], [12.592059, 55.697958], [12.591365, 55.703229], [12.590943, 55.70522], [12.590774, 55.705638], [12.589962, 55.70755], [12.588928, 55.70964], [12.588619, 55.710098], [12.588263, 55.710549], [12.587653, 55.711197], [12.587197, 55.711606], [12.586424, 55.712204], [12.585566, 55.71275], [12.582177, 55.714351], [12.578328, 55.715812], [12.575577, 55.716728], [12.574799, 55.717111], [12.574105, 55.717527], [12.573461, 55.717977], [12.572917, 55.718469], [12.57247, 55.718986], [12.572105, 55.719527], [12.570873, 55.72173], [12.569237, 55.724754], [12.568321, 55.726939], [12.567583, 55.729145], [12.56708, 55.730967], [12.56625, 55.733922], [12.565434, 55.737552], [12.564643, 55.739193], [12.564277, 55.739546], [12.563862, 55.73989], [12.563189, 55.740368], [12.56269, 55.740671], [12.562158, 55.740956], [12.561592, 55.741215], [12.5607, 55.741565], [12.558812, 55.742366], [12.558159, 55.742717], [12.557572, 55.743094], [12.555724, 55.744856], [12.554539, 55.746023], [12.55305, 55.747361], [12.55117, 55.748944], [12.548514, 55.750595], [12.544897, 55.752192], [12.541637, 55.753518], [12.535844, 55.755923], [12.527111, 55.759511], [12.521613, 55.761665], [12.518918, 55.762551], [12.516221, 55.763411], [12.513594, 55.764349], [12.504589, 55.76761], [12.50317, 55.768145], [12.499114, 55.76969], [12.496992, 55.770757], [12.495486, 55.771924], [12.491039, 55.777131], [12.489552, 55.778342], [12.487164, 55.779651], [12.483577, 55.78129], [12.48304, 55.78153], [12.481215, 55.782526], [12.479509, 55.783797], [12.478088, 55.785573], [12.476463, 55.788829], [12.473268, 55.795591], [12.472022, 55.798089], [12.470808, 55.800057], [12.469782, 55.801434], [12.468705, 55.802966], [12.468058, 55.804666], [12.468095, 55.805978], [12.468662, 55.807688], [12.468842, 55.808276], [12.469252, 55.81072], [12.468222, 55.812601], [12.465961, 55.813932], [12.462049, 55.815194], [12.459571, 55.816963], [12.454326, 55.823359], [12.453211, 55.824658], [12.451856, 55.825946], [12.450374, 55.827067], [12.448829, 55.828018], [12.444393, 55.830417], [12.442571, 55.831493], [12.432529, 55.837726], [12.429628, 55.838886], [12.423912, 55.840394]]}, "properties": {"shape_id": "2429", "route_id": "16448_109", "route_short_name": "A", "agency_id": "318"}}, {"type": "Feature", "geometry": {"type": "LineString", "coordinates": [[12.186599, 55.457513], [12.187158, 55.459738], [12.187261, 55.460229], [12.187305, 55.460965], [12.187266, 55.461461], [12.187179, 55.461949], [12.187059, 55.462428], [12.186236, 55.464778], [12.183752, 55.471649], [12.183011, 55.473844], [12.182902, 55.474261], [12.182652, 55.474887], [12.182289, 55.47549], [12.181846, 55.476077], [12.181305, 55.47664], [12.180667, 55.477169], [12.179962, 55.477655], [12.176275, 55.479638], [12.17596, 55.479853], [12.174773, 55.480639], [12.174504, 55.480844], [12.174, 55.481271], [12.173528, 55.481697], [12.173089, 55.48214], [12.172824, 55.482389], [12.172708, 55.482518], [12.172476, 55.482785], [12.172276, 55.48306], [12.172111, 55.48337], [12.172044, 55.483524], [12.171927, 55.483833], [12.171892, 55.483996], [12.171229, 55.485784], [12.170592, 55.488111], [12.170504, 55.488581], [12.170475, 55.488815], [12.170466, 55.489292], [12.170504, 55.489768], [12.170589, 55.490233], [12.170656, 55.490474], [12.17082, 55.490937], [12.17103, 55.49139], [12.171878, 55.493463], [12.173214, 55.496485], [12.173905, 55.497789], [12.174851, 55.498915], [12.172743, 55.499887], [12.174851, 55.498915], [12.175236, 55.499373], [12.176758, 55.500574], [12.181603, 55.503487], [12.185924, 55.505802], [12.192695, 55.509402], [12.194734, 55.510517], [12.201936, 55.514725], [12.204209, 55.516176], [12.205992, 55.51764], [12.207333, 55.519124], [12.208442, 55.520687], [12.211915, 55.525963], [12.214095, 55.528396], [12.215147, 55.529627], [12.217969, 55.533329], [12.219847, 55.535743], [12.221292, 55.537512], [12.223294, 55.539698], [12.224697, 55.540947], [12.226713, 55.542333], [12.23399, 55.546564], [12.235718, 55.547714], [12.239384, 55.550449], [12.241855, 55.552533], [12.245704, 55.555928], [12.24854, 55.558379], [12.250563, 55.559836], [12.252734, 55.560956], [12.255439, 55.562008], [12.260395, 55.563612], [12.263637, 55.56464], [12.266156, 55.565355], [12.26898, 55.566125], [12.272029, 55.566925], [12.274969, 55.567736], [12.277046, 55.568481], [12.279495, 55.569692], [12.281732, 55.571205], [12.283316, 55.572691], [12.285375, 55.575109], [12.286653, 55.576351], [12.287977, 55.577385], [12.289605, 55.578439], [12.291828, 55.579593], [12.295539, 55.581255], [12.299632, 55.583123], [12.301563, 55.584195], [12.304515, 55.586255], [12.306039, 55.587203], [12.308226, 55.588106], [12.310803, 55.588729], [12.316964, 55.589497], [12.320078, 55.589907], [12.323219, 55.590622], [12.32546, 55.591586], [12.327313, 55.592849], [12.330635, 55.595518], [12.333188, 55.597526], [12.335923, 55.599636], [12.337971, 55.600938], [12.350084, 55.607594], [12.352959, 55.609259], [12.355749, 55.611431], [12.357887, 55.613395], [12.360166, 55.615526], [12.362113, 55.617298], [12.363627, 55.618462], [12.365204, 55.619434], [12.366912, 55.620268], [12.369459, 55.62125], [12.372098, 55.622005], [12.374908, 55.622539], [12.377398, 55.622848], [12.38253, 55.623219], [12.387472, 55.623397], [12.388414, 55.623452], [12.390984, 55.623588], [12.393695, 55.623702], [12.396642, 55.623791], [12.399624, 55.623726], [12.403074, 55.623379], [12.406566, 55.622787], [12.412287, 55.621693], [12.414784, 55.621362], [12.418228, 55.621131], [12.422332, 55.621008], [12.422664, 55.620981], [12.427773, 55.620541], [12.431182, 55.620455], [12.434662, 55.620636], [12.436961, 55.620949], [12.43934, 55.62144], [12.45212, 55.624929], [12.4541, 55.625395], [12.454604, 55.625524], [12.46233, 55.626637], [12.465002, 55.62684], [12.471667, 55.627092], [12.475036, 55.627455], [12.478222, 55.628075], [12.482352, 55.629127], [12.48463, 55.629718], [12.487374, 55.630377], [12.489502, 55.631072], [12.491382, 55.632017], [12.492718, 55.633094], [12.494193, 55.634841], [12.495383, 55.636075], [12.499649, 55.639693], [12.49999, 55.639953], [12.501936, 55.641453], [12.503428, 55.642849], [12.504546, 55.644328], [12.505956, 55.64587], [12.508406, 55.648021], [12.511624, 55.650923], [12.511964, 55.651174], [12.512351, 55.651406], [12.512981, 55.651702], [12.513442, 55.651878], [12.513918, 55.652035], [12.514438, 55.652164], [12.514955, 55.652257], [12.515503, 55.652331], [12.515967, 55.652363], [12.516443, 55.652359], [12.516918, 55.652327], [12.517389, 55.652268], [12.517843, 55.652183], [12.52028, 55.65152], [12.52122, 55.651358], [12.522196, 55.651249], [12.522845, 55.651222], [12.523831, 55.65122], [12.527341, 55.651524], [12.528437, 55.65169], [12.529576, 55.651972], [12.535749, 55.653763], [12.536557, 55.654082], [12.537482, 55.654648], [12.537997, 55.655065], [12.53831, 55.655362], [12.538576, 55.65566], [12.538906, 55.656145], [12.53929, 55.657411], [12.53992, 55.65875], [12.541134, 55.660738], [12.541383, 55.661028], [12.541817, 55.661429], [12.542343, 55.661791], [12.542944, 55.662116], [12.54359, 55.662394], [12.544377, 55.66265], [12.544539, 55.662681], [12.545389, 55.662764], [12.546065, 55.662844], [12.547051, 55.663022], [12.5477, 55.663165], [12.558024, 55.664394], [12.558429, 55.664473], [12.558804, 55.66457], [12.559164, 55.664685], [12.559511, 55.664828], [12.55951, 55.664819], [12.559909, 55.665005], [12.562396, 55.666291], [12.564835, 55.667568], [12.565208, 55.667818], [12.56569, 55.668218], [12.565939, 55.668507], [12.566157, 55.668807], [12.566406, 55.669267], [12.566529, 55.669749], [12.566541, 55.670225], [12.566441, 55.670705], [12.566311, 55.671023], [12.56592, 55.671619], [12.565448, 55.672199], [12.564894, 55.672755]]}, "properties": {"shape_id": "2430", "route_id": "16448_109", "route_short_name": "A", "agency_id": "318"}}, {"type": "Feature", "geometry": {"type": "LineString", "coordinates": [[12.333188, 55.597526], [12.335923, 55.599636], [12.337971, 55.600938], [12.350084, 55.607594], [12.352959, 55.609259], [12.355749, 55.611431], [12.357887, 55.613395], [12.360166, 55.615526], [12.362113, 55.617298], [12.363627, 55.618462], [12.365204, 55.619434], [12.366912, 55.620268], [12.369459, 55.62125], [12.372098, 55.622005], [12.374908, 55.622539], [12.377398, 55.622848], [12.38253, 55.623219], [12.387472, 55.623397], [12.388414, 55.623452], [12.390984, 55.623588], [12.393695, 55.623702], [12.396642, 55.623791], [12.399624, 55.623726], [12.403074, 55.623379], [12.406566, 55.622787], [12.412287, 55.621693], [12.414784, 55.621362], [12.418228, 55.621131], [12.422332, 55.621008], [12.422664, 55.620981], [12.427773, 55.620541], [12.431182, 55.620455], [12.434662, 55.620636], [12.436961, 55.620949], [12.43934, 55.62144], [12.45212, 55.624929], [12.4541, 55.625395], [12.454604, 55.625524], [12.46233, 55.626637], [12.465002, 55.62684], [12.471667, 55.627092], [12.475036, 55.627455], [12.478222, 55.628075], [12.482352, 55.629127], [12.48463, 55.629718], [12.487374, 55.630377], [12.489502, 55.631072], [12.491382, 55.632017], [12.492718, 55.633094], [12.494193, 55.634841], [12.495383, 55.636075], [12.499649, 55.639693], [12.49999, 55.639953], [12.501936, 55.641453], [12.503428, 55.642849], [12.504546, 55.644328], [12.505956, 55.64587], [12.508406, 55.648021], [12.511624, 55.650923], [12.511964, 55.651174], [12.512351, 55.651406], [12.512981, 55.651702], [12.513442, 55.651878], [12.513918, 55.652035], [12.514438, 55.652164], [12.514955, 55.652257], [12.515503, 55.652331], [12.515967, 55.652363], [12.516443, 55.652359], [12.516918, 55.652327], [12.517389, 55.652268], [12.517843, 55.652183], [12.52028, 55.65152], [12.52122, 55.651358], [12.522196, 55.651249], [12.522845, 55.651222], [12.523831, 55.65122], [12.527341, 55.651524], [12.528437, 55.65169], [12.529576, 55.651972], [12.535749, 55.653763], [12.536557, 55.654082], [12.537482, 55.654648], [12.537997, 55.655065], [12.53831, 55.655362], [12.538576, 55.65566], [12.538906, 55.656145], [12.53929, 55.657411], [12.53992, 55.65875], [12.541134, 55.660738], [12.541383, 55.661028], [12.541817, 55.661429], [12.542343, 55.661791], [12.542944, 55.662116], [12.54359, 55.662394], [12.544377, 55.66265], [12.544539, 55.662681], [12.545389, 55.662764], [12.546065, 55.662844], [12.547051, 55.663022], [12.5477, 55.663165], [12.558024, 55.664394], [12.558429, 55.664473], [12.558804, 55.66457], [12.559164, 55.664685], [12.559511, 55.664828], [12.55951, 55.664819], [12.559909, 55.665005], [12.562396, 55.666291], [12.564835, 55.667568], [12.565208, 55.667818], [12.56569, 55.668218], [12.565939, 55.668507], [12.566157, 55.668807], [12.566406, 55.669267], [12.566529, 55.669749], [12.566541, 55.670225], [12.566441, 55.670705], [12.566311, 55.671023], [12.56592, 55.671619], [12.565448, 55.672199], [12.564894, 55.672755]]}, "properties": {"shape_id": "2431", "route_id": "16448_109", "route_short_name": "A", "agency_id": "318"}}, {"type": "Feature", "geometry": {"type": "LineString", "coordinates": [[12.333188, 55.597526], [12.335923, 55.599636], [12.337971, 55.600938], [12.350084, 55.607594], [12.352959, 55.609259], [12.355749, 55.611431], [12.357887, 55.613395], [12.360166, 55.615526], [12.362113, 55.617298], [12.363627, 55.618462], [12.365204, 55.619434], [12.366912, 55.620268], [12.369459, 55.62125], [12.372098, 55.622005], [12.374908, 55.622539], [12.377398, 55.622848], [12.38253, 55.623219], [12.387472, 55.623397], [12.388414, 55.623452], [12.390984, 55.623588], [12.393695, 55.623702], [12.396642, 55.623791], [12.399624, 55.623726], [12.403074, 55.623379], [12.406566, 55.622787], [12.412287, 55.621693], [12.414784, 55.621362], [12.418228, 55.621131], [12.422332, 55.621008], [12.422664, 55.620981], [12.427773, 55.620541], [12.431182, 55.620455], [12.434662, 55.620636], [12.436961, 55.620949], [12.43934, 55.62144], [12.45212, 55.624929], [12.4541, 55.625395], [12.454604, 55.625524], [12.46233, 55.626637], [12.465002, 55.62684], [12.471667, 55.627092], [12.475036, 55.627455], [12.478222, 55.628075], [12.482352, 55.629127], [12.48463, 55.629718], [12.487374, 55.630377], [12.489502, 55.631072], [12.491382, 55.632017], [12.492718, 55.633094], [12.494193, 55.634841], [12.495383, 55.636075], [12.499649, 55.639693], [12.49999, 55.639953], [12.501936, 55.641453], [12.503428, 55.642849], [12.504546, 55.644328], [12.505956, 55.64587], [12.508406, 55.648021], [12.511624, 55.650923], [12.511964, 55.651174], [12.512351, 55.651406], [12.512981, 55.651702], [12.513442, 55.651878], [12.513918, 55.652035], [12.514438, 55.652164], [12.514955, 55.652257], [12.515503, 55.652331], [12.515967, 55.652363], [12.516443, 55.652359], [12.516918, 55.652327], [12.517389, 55.652268], [12.517843, 55.652183], [12.52028, 55.65152], [12.52122, 55.651358], [12.522196, 55.651249], [12.522845, 55.651222], [12.523831, 55.65122], [12.527341, 55.651524], [12.528437, 55.65169], [12.529576, 55.651972], [12.535749, 55.653763], [12.536557, 55.654082], [12.537482, 55.654648], [12.537997, 55.655065], [12.53831, 55.655362], [12.538576, 55.65566], [12.538906, 55.656145], [12.53929, 55.657411], [12.53992, 55.65875], [12.541134, 55.660738], [12.541383, 55.661028], [12.541817, 55.661429], [12.542343, 55.661791], [12.542944, 55.662116], [12.54359, 55.662394], [12.544377, 55.66265], [12.544539, 55.662681], [12.545389, 55.662764], [12.546065, 55.662844], [12.547051, 55.663022], [12.5477, 55.663165], [12.558024, 55.664394], [12.558429, 55.664473], [12.558804, 55.66457], [12.559164, 55.664685], [12.559511, 55.664828], [12.55951, 55.664819], [12.559909, 55.665005], [12.562396, 55.666291], [12.564835, 55.667568], [12.565208, 55.667818], [12.56569, 55.668218], [12.565939, 55.668507], [12.566157, 55.668807], [12.566406, 55.669267], [12.566529, 55.669749], [12.566541, 55.670225], [12.566441, 55.670705], [12.566311, 55.671023], [12.56592, 55.671619], [12.565448, 55.672199], [12.564894, 55.672755], [12.564471, 55.673001], [12.563903, 55.673413], [12.56358, 55.673701], [12.563177, 55.674172], [12.562952, 55.674493], [12.562711, 55.674995], [12.562614, 55.67533], [12.562566, 55.675673], [12.562567, 55.676033], [12.562595, 55.676347], [12.562686, 55.67665], [12.562887, 55.677102], [12.563197, 55.677543], [12.563461, 55.677814], [12.563771, 55.678075], [12.563926, 55.678205], [12.566925, 55.679862], [12.570342, 55.682425], [12.571245, 55.683073], [12.572231, 55.683772], [12.574645, 55.685275], [12.57656, 55.686559], [12.580036, 55.688535], [12.581921, 55.689478], [12.583845, 55.690501], [12.587131, 55.692482], [12.587571, 55.692766], [12.590621, 55.69461], [12.590794, 55.694758], [12.591124, 55.695054], [12.59155, 55.695536], [12.59185, 55.69603], [12.592057, 55.696546], [12.592138, 55.696903], [12.592154, 55.697433], [12.592059, 55.697958], [12.591365, 55.703229], [12.590943, 55.70522], [12.590774, 55.705638], [12.589962, 55.70755], [12.588928, 55.70964], [12.588619, 55.710098], [12.588263, 55.710549], [12.587653, 55.711197], [12.587197, 55.711606], [12.586424, 55.712204], [12.585566, 55.71275], [12.582177, 55.714351], [12.578328, 55.715812], [12.575577, 55.716728], [12.574799, 55.717111], [12.574105, 55.717527], [12.573461, 55.717977], [12.572917, 55.718469], [12.57247, 55.718986], [12.572105, 55.719527], [12.570873, 55.72173], [12.569237, 55.724754], [12.568321, 55.726939], [12.567583, 55.729145], [12.56708, 55.730967], [12.56625, 55.733922], [12.565434, 55.737552], [12.564643, 55.739193], [12.564277, 55.739546], [12.563862, 55.73989], [12.563189, 55.740368], [12.56269, 55.740671], [12.562158, 55.740956], [12.561592, 55.741215], [12.5607, 55.741565], [12.558812, 55.742366], [12.558159, 55.742717], [12.557572, 55.743094], [12.555724, 55.744856], [12.554539, 55.746023], [12.55305, 55.747361], [12.55117, 55.748944], [12.548514, 55.750595], [12.544897, 55.752192], [12.541637, 55.753518], [12.535844, 55.755923], [12.527111, 55.759511], [12.521613, 55.761665], [12.518918, 55.762551], [12.516221, 55.763411], [12.513594, 55.764349], [12.504589, 55.76761], [12.50317, 55.768145], [12.499114, 55.76969], [12.496992, 55.770757], [12.495486, 55.771924], [12.491039, 55.777131], [12.489552, 55.778342], [12.487164, 55.779651], [12.483577, 55.78129], [12.48304, 55.78153], [12.481215, 55.782526], [12.479509, 55.783797], [12.478088, 55.785573], [12.476463, 55.788829], [12.473268, 55.795591], [12.472022, 55.798089], [12.470808, 55.800057], [12.469782, 55.801434], [12.468705, 55.802966], [12.468058, 55.804666], [12.468095, 55.805978], [12.468662, 55.807688], [12.468842, 55.808276], [12.469252, 55.81072], [12.468222, 55.812601], [12.465961, 55.813932], [12.462049, 55.815194], [12.459571, 55.816963], [12.454326, 55.823359], [12.453211, 55.824658], [12.451856, 55.825946], [12.450374, 55.827067], [12.448829, 55.828018], [12.444393, 55.830417], [12.442571, 55.831493], [12.432529, 55.837726], [12.429628, 55.838886], [12.423912, 55.840394]]}, "properties": {"shape_id": "2432", "route_id": "16448_109", "route_short_name": "A", "agency_id": "318"}}, {"type": "Feature", "geometry": {"type": "LineString", "coordinates": [[12.186599, 55.457513], [12.187158, 55.459738], [12.187261, 55.460229], [12.187305, 55.460965], [12.187266, 55.461461], [12.187179, 55.461949], [12.187059, 55.462428], [12.186236, 55.464778], [12.183752, 55.471649], [12.183011, 55.473844], [12.182902, 55.474261], [12.182652, 55.474887], [12.182289, 55.47549], [12.181846, 55.476077], [12.181305, 55.47664], [12.180667, 55.477169], [12.179962, 55.477655], [12.176275, 55.479638], [12.17596, 55.479853], [12.174773, 55.480639], [12.174504, 55.480844], [12.174, 55.481271], [12.173528, 55.481697], [12.173089, 55.48214], [12.172824, 55.482389], [12.172708, 55.482518], [12.172476, 55.482785], [12.172276, 55.48306], [12.172111, 55.48337], [12.172044, 55.483524], [12.171927, 55.483833], [12.171892, 55.483996], [12.171229, 55.485784], [12.170592, 55.488111], [12.170504, 55.488581], [12.170475, 55.488815], [12.170466, 55.489292], [12.170504, 55.489768], [12.170589, 55.490233], [12.170656, 55.490474], [12.17082, 55.490937], [12.17103, 55.49139], [12.171878, 55.493463], [12.173214, 55.496485], [12.173905, 55.497789], [12.174851, 55.498915], [12.172743, 55.499887], [12.174851, 55.498915], [12.175236, 55.499373], [12.176758, 55.500574], [12.181603, 55.503487], [12.185924, 55.505802], [12.192695, 55.509402], [12.194734, 55.510517], [12.201936, 55.514725], [12.204209, 55.516176], [12.205992, 55.51764], [12.207333, 55.519124], [12.208442, 55.520687], [12.211915, 55.525963], [12.214095, 55.528396], [12.215147, 55.529627], [12.217969, 55.533329], [12.219847, 55.535743], [12.221292, 55.537512], [12.223294, 55.539698], [12.224697, 55.540947], [12.226713, 55.542333], [12.23399, 55.546564], [12.235718, 55.547714], [12.239384, 55.550449], [12.241855, 55.552533], [12.245704, 55.555928], [12.24854, 55.558379], [12.250563, 55.559836], [12.252734, 55.560956], [12.255439, 55.562008], [12.260395, 55.563612], [12.263637, 55.56464], [12.266156, 55.565355], [12.26898, 55.566125], [12.272029, 55.566925], [12.274969, 55.567736], [12.277046, 55.568481], [12.279495, 55.569692], [12.281732, 55.571205], [12.283316, 55.572691], [12.285375, 55.575109], [12.286653, 55.576351], [12.287977, 55.577385], [12.289605, 55.578439], [12.291828, 55.579593], [12.295539, 55.581255], [12.299632, 55.583123], [12.301563, 55.584195], [12.304515, 55.586255], [12.306039, 55.587203], [12.308226, 55.588106], [12.310803, 55.588729], [12.316964, 55.589497], [12.320078, 55.589907], [12.323219, 55.590622], [12.32546, 55.591586], [12.327313, 55.592849], [12.330635, 55.595518], [12.333188, 55.597526]]}, "properties": {"shape_id": "2433", "route_id": "16448_109", "route_short_name": "A", "agency_id": "318"}}, {"type": "Feature", "geometry": {"type": "LineString", "coordinates": [[12.186599, 55.457513], [12.187158, 55.459738], [12.187261, 55.460229], [12.187305, 55.460965], [12.187266, 55.461461], [12.187179, 55.461949], [12.187059, 55.462428], [12.186236, 55.464778], [12.183752, 55.471649], [12.183011, 55.473844], [12.182902, 55.474261], [12.182652, 55.474887], [12.182289, 55.47549], [12.181846, 55.476077], [12.181305, 55.47664], [12.180667, 55.477169], [12.179962, 55.477655], [12.176275, 55.479638], [12.17596, 55.479853], [12.174773, 55.480639], [12.174504, 55.480844], [12.174, 55.481271], [12.173528, 55.481697], [12.173089, 55.48214], [12.172824, 55.482389], [12.172708, 55.482518], [12.172476, 55.482785], [12.172276, 55.48306], [12.172111, 55.48337], [12.172044, 55.483524], [12.171927, 55.483833], [12.171892, 55.483996], [12.171229, 55.485784], [12.170592, 55.488111], [12.170504, 55.488581], [12.170475, 55.488815], [12.170466, 55.489292], [12.170504, 55.489768], [12.170589, 55.490233], [12.170656, 55.490474], [12.17082, 55.490937], [12.17103, 55.49139], [12.171878, 55.493463], [12.173214, 55.496485], [12.173905, 55.497789], [12.174851, 55.498915], [12.172743, 55.499887], [12.174851, 55.498915], [12.175236, 55.499373], [12.176758, 55.500574], [12.181603, 55.503487], [12.185924, 55.505802], [12.192695, 55.509402], [12.194734, 55.510517], [12.201936, 55.514725], [12.204209, 55.516176], [12.205992, 55.51764], [12.207333, 55.519124], [12.208442, 55.520687], [12.211915, 55.525963], [12.214095, 55.528396], [12.215147, 55.529627], [12.217969, 55.533329], [12.219847, 55.535743], [12.221292, 55.537512], [12.223294, 55.539698], [12.224697, 55.540947], [12.226713, 55.542333], [12.23399, 55.546564], [12.235718, 55.547714], [12.239384, 55.550449], [12.241855, 55.552533], [12.245704, 55.555928], [12.24854, 55.558379], [12.250563, 55.559836], [12.252734, 55.560956], [12.255439, 55.562008], [12.260395, 55.563612], [12.263637, 55.56464], [12.266156, 55.565355], [12.26898, 55.566125], [12.272029, 55.566925], [12.274969, 55.567736], [12.277046, 55.568481], [12.279495, 55.569692], [12.281732, 55.571205], [12.283316, 55.572691], [12.285375, 55.575109], [12.286653, 55.576351], [12.287977, 55.577385], [12.289605, 55.578439], [12.291828, 55.579593], [12.295539, 55.581255], [12.299632, 55.583123], [12.301563, 55.584195], [12.304515, 55.586255], [12.306039, 55.587203], [12.308226, 55.588106], [12.310803, 55.588729], [12.316964, 55.589497], [12.320078, 55.589907], [12.323219, 55.590622], [12.32546, 55.591586], [12.327313, 55.592849], [12.330635, 55.595518], [12.333188, 55.597526], [12.335923, 55.599636], [12.337971, 55.600938], [12.350084, 55.607594], [12.352959, 55.609259], [12.355749, 55.611431], [12.357887, 55.613395], [12.360166, 55.615526], [12.362113, 55.617298], [12.363627, 55.618462], [12.365204, 55.619434], [12.366912, 55.620268], [12.369459, 55.62125], [12.372098, 55.622005], [12.374908, 55.622539], [12.377398, 55.622848], [12.38253, 55.623219], [12.387472, 55.623397], [12.388414, 55.623452], [12.390984, 55.623588], [12.393695, 55.623702], [12.396642, 55.623791], [12.399624, 55.623726], [12.403074, 55.623379], [12.406566, 55.622787], [12.412287, 55.621693], [12.414784, 55.621362], [12.418228, 55.621131], [12.422332, 55.621008], [12.422664, 55.620981], [12.427773, 55.620541], [12.431182, 55.620455], [12.434662, 55.620636], [12.436961, 55.620949], [12.43934, 55.62144], [12.45212, 55.624929], [12.4541, 55.625395], [12.454604, 55.625524], [12.46233, 55.626637], [12.465002, 55.62684], [12.471667, 55.627092], [12.475036, 55.627455], [12.478222, 55.628075], [12.482352, 55.629127], [12.48463, 55.629718], [12.487374, 55.630377], [12.489502, 55.631072], [12.491382, 55.632017], [12.492718, 55.633094], [12.494193, 55.634841], [12.495383, 55.636075], [12.499649, 55.639693], [12.49999, 55.639953], [12.501936, 55.641453], [12.503428, 55.642849], [12.504546, 55.644328], [12.505956, 55.64587], [12.508406, 55.648021], [12.511624, 55.650923], [12.511964, 55.651174], [12.512351, 55.651406], [12.512981, 55.651702], [12.513442, 55.651878], [12.513918, 55.652035], [12.514438, 55.652164], [12.514955, 55.652257], [12.515503, 55.652331], [12.515967, 55.652363], [12.516443, 55.652359], [12.516918, 55.652327], [12.517389, 55.652268], [12.517843, 55.652183], [12.52028, 55.65152], [12.52122, 55.651358], [12.522196, 55.651249], [12.522845, 55.651222], [12.523831, 55.65122], [12.527341, 55.651524], [12.528437, 55.65169], [12.529576, 55.651972], [12.535749, 55.653763], [12.536557, 55.654082], [12.537482, 55.654648], [12.537997, 55.655065], [12.53831, 55.655362], [12.538576, 55.65566], [12.538906, 55.656145], [12.53929, 55.657411], [12.53992, 55.65875], [12.541134, 55.660738], [12.541383, 55.661028], [12.541817, 55.661429], [12.542343, 55.661791], [12.542944, 55.662116], [12.54359, 55.662394], [12.544377, 55.66265], [12.544539, 55.662681], [12.545389, 55.662764], [12.546065, 55.662844], [12.547051, 55.663022], [12.5477, 55.663165], [12.558024, 55.664394], [12.558429, 55.664473], [12.558804, 55.66457], [12.559164, 55.664685], [12.559511, 55.664828], [12.55951, 55.664819], [12.559909, 55.665005], [12.562396, 55.666291], [12.564835, 55.667568], [12.565208, 55.667818], [12.56569, 55.668218], [12.565939, 55.668507], [12.566157, 55.668807], [12.566406, 55.669267], [12.566529, 55.669749], [12.566541, 55.670225], [12.566441, 55.670705], [12.566311, 55.671023], [12.56592, 55.671619], [12.565448, 55.672199], [12.564894, 55.672755], [12.564471, 55.673001], [12.563903, 55.673413], [12.56358, 55.673701], [12.563177, 55.674172], [12.562952, 55.674493], [12.562711, 55.674995], [12.562614, 55.67533], [12.562566, 55.675673], [12.562567, 55.676033], [12.562595, 55.676347], [12.562686, 55.67665], [12.562887, 55.677102], [12.563197, 55.677543], [12.563461, 55.677814], [12.563771, 55.678075], [12.563926, 55.678205], [12.566925, 55.679862], [12.570342, 55.682425], [12.571245, 55.683073], [12.572231, 55.683772], [12.574645, 55.685275], [12.57656, 55.686559], [12.580036, 55.688535], [12.581921, 55.689478], [12.583845, 55.690501], [12.587131, 55.692482], [12.587571, 55.692766], [12.590621, 55.69461], [12.590794, 55.694758], [12.591124, 55.695054], [12.59155, 55.695536], [12.59185, 55.69603], [12.592057, 55.696546], [12.592138, 55.696903], [12.592154, 55.697433], [12.592059, 55.697958], [12.591365, 55.703229], [12.590943, 55.70522], [12.590774, 55.705638], [12.589962, 55.70755], [12.588928, 55.70964], [12.588619, 55.710098], [12.588263, 55.710549], [12.587653, 55.711197], [12.587197, 55.711606], [12.586424, 55.712204], [12.585566, 55.71275], [12.582177, 55.714351], [12.578328, 55.715812], [12.575577, 55.716728], [12.574799, 55.717111], [12.574105, 55.717527], [12.573461, 55.717977], [12.572917, 55.718469], [12.57247, 55.718986], [12.572105, 55.719527], [12.570873, 55.72173], [12.569237, 55.724754], [12.568321, 55.726939], [12.567583, 55.729145], [12.56708, 55.730967], [12.56625, 55.733922], [12.565434, 55.737552], [12.564643, 55.739193], [12.564277, 55.739546], [12.563862, 55.73989], [12.563189, 55.740368], [12.56269, 55.740671], [12.562158, 55.740956], [12.561592, 55.741215], [12.5607, 55.741565], [12.558812, 55.742366], [12.558159, 55.742717], [12.557572, 55.743094], [12.555724, 55.744856], [12.554539, 55.746023], [12.55305, 55.747361], [12.55117, 55.748944], [12.548514, 55.750595], [12.544897, 55.752192], [12.541637, 55.753518], [12.535844, 55.755923], [12.527111, 55.759511], [12.521613, 55.761665], [12.518918, 55.762551], [12.516221, 55.763411], [12.513594, 55.764349], [12.504589, 55.76761], [12.50317, 55.768145], [12.499114, 55.76969], [12.496992, 55.770757], [12.495486, 55.771924], [12.491039, 55.777131], [12.489552, 55.778342], [12.487164, 55.779651], [12.483577, 55.78129], [12.48304, 55.78153], [12.481215, 55.782526], [12.479509, 55.783797], [12.478088, 55.785573], [12.476463, 55.788829], [12.473268, 55.795591], [12.472022, 55.798089], [12.470808, 55.800057], [12.469782, 55.801434], [12.468705, 55.802966], [12.468058, 55.804666], [12.468095, 55.805978], [12.468662, 55.807688], [12.468842, 55.808276], [12.469252, 55.81072], [12.468222, 55.812601], [12.465961, 55.813932], [12.462049, 55.815194], [12.459571, 55.816963], [12.454326, 55.823359], [12.453211, 55.824658], [12.451856, 55.825946], [12.450374, 55.827067], [12.448829, 55.828018], [12.444393, 55.830417], [12.442571, 55.831493], [12.432529, 55.837726], [12.429628, 55.838886], [12.423912, 55.840394], [12.416896, 55.842199], [12.41285, 55.843256], [12.395349, 55.847975], [12.39294, 55.848761], [12.391058, 55.849541], [12.389023, 55.850577], [12.388171, 55.851068], [12.387242, 55.851597], [12.380991, 55.855626], [12.375999, 55.858892], [12.373977, 55.860827], [12.371443, 55.863864], [12.36933, 55.865315], [12.366885, 55.866245], [12.363708, 55.867042], [12.361532, 55.867767], [12.359186, 55.869108], [12.357246, 55.870717], [12.356995, 55.870966], [12.355866, 55.872148], [12.338559, 55.891275], [12.335257, 55.894925], [12.333742, 55.896656], [12.332252, 55.898315], [12.329953, 55.900616], [12.327283, 55.902324], [12.325095, 55.903318], [12.320253, 55.905463], [12.318333, 55.906594], [12.316462, 55.908298], [12.315235, 55.910229], [12.314379, 55.911079]]}, "properties": {"shape_id": "2434", "route_id": "16448_109", "route_short_name": "A", "agency_id": "318"}}, {"type": "Feature", "geometry": {"type": "LineString", "coordinates": [[12.564894, 55.672755], [12.564471, 55.673001], [12.563903, 55.673413], [12.56358, 55.673701], [12.563177, 55.674172], [12.562952, 55.674493], [12.562711, 55.674995], [12.562614, 55.67533], [12.562566, 55.675673], [12.562567, 55.676033], [12.562595, 55.676347], [12.562686, 55.67665], [12.562887, 55.677102], [12.563197, 55.677543], [12.563461, 55.677814], [12.563771, 55.678075], [12.563926, 55.678205], [12.566925, 55.679862], [12.570342, 55.682425], [12.571245, 55.683073], [12.572231, 55.683772], [12.574645, 55.685275], [12.57656, 55.686559], [12.580036, 55.688535], [12.581921, 55.689478], [12.583845, 55.690501], [12.587131, 55.692482], [12.587571, 55.692766], [12.590621, 55.69461], [12.590794, 55.694758], [12.591124, 55.695054], [12.59155, 55.695536], [12.59185, 55.69603], [12.592057, 55.696546], [12.592138, 55.696903], [12.592154, 55.697433], [12.592059, 55.697958], [12.591365, 55.703229], [12.590943, 55.70522], [12.590774, 55.705638], [12.589962, 55.70755], [12.588928, 55.70964], [12.588619, 55.710098], [12.588263, 55.710549], [12.587653, 55.711197], [12.587197, 55.711606], [12.586424, 55.712204], [12.585566, 55.71275], [12.582177, 55.714351], [12.578328, 55.715812], [12.575577, 55.716728], [12.574799, 55.717111], [12.574105, 55.717527], [12.573461, 55.717977], [12.572917, 55.718469], [12.57247, 55.718986], [12.572105, 55.719527], [12.570873, 55.72173], [12.569237, 55.724754], [12.568321, 55.726939], [12.567583, 55.729145], [12.56708, 55.730967], [12.56625, 55.733922], [12.565434, 55.737552], [12.564643, 55.739193], [12.564277, 55.739546], [12.563862, 55.73989], [12.563189, 55.740368], [12.56269, 55.740671], [12.562158, 55.740956], [12.561592, 55.741215], [12.5607, 55.741565], [12.558812, 55.742366], [12.558159, 55.742717], [12.557572, 55.743094], [12.555724, 55.744856], [12.554539, 55.746023], [12.55305, 55.747361], [12.55117, 55.748944], [12.548514, 55.750595], [12.544897, 55.752192], [12.541637, 55.753518], [12.535844, 55.755923], [12.527111, 55.759511], [12.521613, 55.761665], [12.518918, 55.762551], [12.516221, 55.763411], [12.513594, 55.764349], [12.504589, 55.76761], [12.50317, 55.768145], [12.499114, 55.76969], [12.496992, 55.770757], [12.495486, 55.771924], [12.491039, 55.777131], [12.489552, 55.778342], [12.487164, 55.779651], [12.483577, 55.78129], [12.48304, 55.78153], [12.481215, 55.782526], [12.479509, 55.783797], [12.478088, 55.785573], [12.476463, 55.788829], [12.473268, 55.795591], [12.472022, 55.798089], [12.470808, 55.800057], [12.469782, 55.801434], [12.468705, 55.802966], [12.468058, 55.804666], [12.468095, 55.805978], [12.468662, 55.807688], [12.468842, 55.808276], [12.469252, 55.81072], [12.468222, 55.812601], [12.465961, 55.813932], [12.462049, 55.815194], [12.459571, 55.816963], [12.454326, 55.823359], [12.453211, 55.824658], [12.451856, 55.825946], [12.450374, 55.827067], [12.448829, 55.828018], [12.444393, 55.830417], [12.442571, 55.831493], [12.432529, 55.837726], [12.429628, 55.838886], [12.423912, 55.840394], [12.416896, 55.842199], [12.41285, 55.843256], [12.395349, 55.847975], [12.39294, 55.848761], [12.391058, 55.849541], [12.389023, 55.850577], [12.388171, 55.851068], [12.387242, 55.851597], [12.380991, 55.855626], [12.375999, 55.858892], [12.373977, 55.860827], [12.371443, 55.863864], [12.36933, 55.865315], [12.366885, 55.866245], [12.363708, 55.867042], [12.361532, 55.867767], [12.359186, 55.869108], [12.357246, 55.870717], [12.356995, 55.870966], [12.355866, 55.872148], [12.338559, 55.891275], [12.335257, 55.894925], [12.333742, 55.896656], [12.332252, 55.898315], [12.329953, 55.900616], [12.327283, 55.902324], [12.325095, 55.903318], [12.320253, 55.905463], [12.318333, 55.906594], [12.316462, 55.908298], [12.315235, 55.910229], [12.314379, 55.911079]]}, "properties": {"shape_id": "2435", "route_id": "16448_109", "route_short_name": "A", "agency_id": "318"}}, {"type": "Feature", "geometry": {"type": "LineString", "coordinates": [[12.423912, 55.840394], [12.416896, 55.842199], [12.41285, 55.843256], [12.395349, 55.847975], [12.39294, 55.848761], [12.391058, 55.849541], [12.389023, 55.850577], [12.388171, 55.851068], [12.387242, 55.851597], [12.380991, 55.855626], [12.375999, 55.858892], [12.373977, 55.860827], [12.371443, 55.863864], [12.36933, 55.865315], [12.366885, 55.866245], [12.363708, 55.867042], [12.361532, 55.867767], [12.359186, 55.869108], [12.357246, 55.870717], [12.356995, 55.870966], [12.355866, 55.872148], [12.338559, 55.891275], [12.335257, 55.894925], [12.333742, 55.896656], [12.332252, 55.898315], [12.329953, 55.900616], [12.327283, 55.902324], [12.325095, 55.903318], [12.320253, 55.905463], [12.318333, 55.906594], [12.316462, 55.908298], [12.315235, 55.910229], [12.314379, 55.911079], [12.315235, 55.910229], [12.313765, 55.912705], [12.310623, 55.919029], [12.309605, 55.921358], [12.30947, 55.92316], [12.310865, 55.926925]]}, "properties": {"shape_id": "2436", "route_id": "16448_109", "route_short_name": "A", "agency_id": "318"}}, {"type": "Feature", "geometry": {"type": "LineString", "coordinates": [[12.333188, 55.597526], [12.335923, 55.599636], [12.337971, 55.600938], [12.350084, 55.607594], [12.352959, 55.609259], [12.355749, 55.611431], [12.357887, 55.613395], [12.360166, 55.615526], [12.362113, 55.617298], [12.363627, 55.618462], [12.365204, 55.619434], [12.366912, 55.620268], [12.369459, 55.62125], [12.372098, 55.622005], [12.374908, 55.622539], [12.377398, 55.622848], [12.38253, 55.623219], [12.387472, 55.623397], [12.388414, 55.623452], [12.390984, 55.623588], [12.393695, 55.623702], [12.396642, 55.623791], [12.399624, 55.623726], [12.403074, 55.623379], [12.406566, 55.622787], [12.412287, 55.621693], [12.414784, 55.621362], [12.418228, 55.621131], [12.422332, 55.621008], [12.422664, 55.620981], [12.427773, 55.620541], [12.431182, 55.620455], [12.434662, 55.620636], [12.436961, 55.620949], [12.43934, 55.62144], [12.45212, 55.624929], [12.4541, 55.625395], [12.454604, 55.625524], [12.46233, 55.626637], [12.465002, 55.62684], [12.471667, 55.627092], [12.475036, 55.627455], [12.478222, 55.628075], [12.482352, 55.629127], [12.48463, 55.629718], [12.487374, 55.630377], [12.489502, 55.631072], [12.491382, 55.632017], [12.492718, 55.633094], [12.494193, 55.634841], [12.495383, 55.636075], [12.499649, 55.639693], [12.49999, 55.639953], [12.501936, 55.641453], [12.503428, 55.642849], [12.504546, 55.644328], [12.505956, 55.64587], [12.508406, 55.648021], [12.511624, 55.650923], [12.511964, 55.651174], [12.512351, 55.651406], [12.512981, 55.651702], [12.513442, 55.651878], [12.513918, 55.652035], [12.514438, 55.652164], [12.514955, 55.652257], [12.515503, 55.652331], [12.515967, 55.652363], [12.516443, 55.652359], [12.516918, 55.652327], [12.517389, 55.652268], [12.517843, 55.652183], [12.52028, 55.65152], [12.52122, 55.651358], [12.522196, 55.651249], [12.522845, 55.651222], [12.523831, 55.65122], [12.527341, 55.651524], [12.528437, 55.65169], [12.529576, 55.651972], [12.535749, 55.653763], [12.536557, 55.654082], [12.537482, 55.654648], [12.537997, 55.655065], [12.53831, 55.655362], [12.538576, 55.65566], [12.538906, 55.656145], [12.53929, 55.657411], [12.53992, 55.65875], [12.541134, 55.660738], [12.541383, 55.661028], [12.541817, 55.661429], [12.542343, 55.661791], [12.542944, 55.662116], [12.54359, 55.662394], [12.544377, 55.66265], [12.544539, 55.662681], [12.545389, 55.662764], [12.546065, 55.662844], [12.547051, 55.663022], [12.5477, 55.663165], [12.558024, 55.664394], [12.558429, 55.664473], [12.558804, 55.66457], [12.559164, 55.664685], [12.559511, 55.664828], [12.55951, 55.664819], [12.559909, 55.665005], [12.562396, 55.666291], [12.564835, 55.667568], [12.565208, 55.667818], [12.56569, 55.668218], [12.565939, 55.668507], [12.566157, 55.668807], [12.566406, 55.669267], [12.566529, 55.669749], [12.566541, 55.670225], [12.566441, 55.670705], [12.566311, 55.671023], [12.56592, 55.671619], [12.565448, 55.672199], [12.564894, 55.672755], [12.564471, 55.673001], [12.563903, 55.673413], [12.56358, 55.673701], [12.563177, 55.674172], [12.562952, 55.674493], [12.562711, 55.674995], [12.562614, 55.67533], [12.562566, 55.675673], [12.562567, 55.676033], [12.562595, 55.676347], [12.562686, 55.67665], [12.562887, 55.677102], [12.563197, 55.677543], [12.563461, 55.677814], [12.563771, 55.678075], [12.563926, 55.678205], [12.566925, 55.679862], [12.570342, 55.682425], [12.571245, 55.683073], [12.572231, 55.683772], [12.574645, 55.685275], [12.57656, 55.686559], [12.580036, 55.688535], [12.581921, 55.689478], [12.583845, 55.690501], [12.587131, 55.692482], [12.587571, 55.692766], [12.590621, 55.69461], [12.590794, 55.694758], [12.591124, 55.695054], [12.59155, 55.695536], [12.59185, 55.69603], [12.592057, 55.696546], [12.592138, 55.696903], [12.592154, 55.697433], [12.592059, 55.697958], [12.591365, 55.703229], [12.590943, 55.70522], [12.590774, 55.705638], [12.589962, 55.70755], [12.588928, 55.70964], [12.588619, 55.710098], [12.588263, 55.710549], [12.587653, 55.711197], [12.587197, 55.711606], [12.586424, 55.712204], [12.585566, 55.71275], [12.582177, 55.714351], [12.578328, 55.715812], [12.575577, 55.716728], [12.574799, 55.717111], [12.574105, 55.717527], [12.573461, 55.717977], [12.572917, 55.718469], [12.57247, 55.718986], [12.572105, 55.719527], [12.570873, 55.72173], [12.569237, 55.724754], [12.568321, 55.726939], [12.567583, 55.729145], [12.56708, 55.730967], [12.56625, 55.733922], [12.565434, 55.737552], [12.564643, 55.739193], [12.564277, 55.739546], [12.563862, 55.73989], [12.563189, 55.740368], [12.56269, 55.740671], [12.562158, 55.740956], [12.561592, 55.741215], [12.5607, 55.741565], [12.558812, 55.742366], [12.558159, 55.742717], [12.557572, 55.743094], [12.555724, 55.744856], [12.554539, 55.746023], [12.55305, 55.747361], [12.55117, 55.748944], [12.548514, 55.750595], [12.544897, 55.752192], [12.541637, 55.753518], [12.535844, 55.755923], [12.527111, 55.759511], [12.521613, 55.761665], [12.518918, 55.762551], [12.516221, 55.763411], [12.513594, 55.764349], [12.504589, 55.76761], [12.50317, 55.768145], [12.499114, 55.76969], [12.496992, 55.770757], [12.495486, 55.771924], [12.491039, 55.777131], [12.489552, 55.778342], [12.487164, 55.779651], [12.483577, 55.78129], [12.48304, 55.78153], [12.481215, 55.782526], [12.479509, 55.783797], [12.478088, 55.785573], [12.476463, 55.788829], [12.473268, 55.795591], [12.472022, 55.798089], [12.470808, 55.800057], [12.469782, 55.801434], [12.468705, 55.802966], [12.468058, 55.804666], [12.468095, 55.805978], [12.468662, 55.807688], [12.468842, 55.808276], [12.469252, 55.81072], [12.468222, 55.812601], [12.465961, 55.813932], [12.462049, 55.815194], [12.459571, 55.816963], [12.454326, 55.823359], [12.453211, 55.824658], [12.451856, 55.825946], [12.450374, 55.827067], [12.448829, 55.828018], [12.444393, 55.830417], [12.442571, 55.831493], [12.432529, 55.837726], [12.429628, 55.838886], [12.423912, 55.840394], [12.416896, 55.842199], [12.41285, 55.843256], [12.395349, 55.847975], [12.39294, 55.848761], [12.391058, 55.849541], [12.389023, 55.850577], [12.388171, 55.851068], [12.387242, 55.851597], [12.380991, 55.855626], [12.375999, 55.858892], [12.373977, 55.860827], [12.371443, 55.863864], [12.36933, 55.865315], [12.366885, 55.866245], [12.363708, 55.867042], [12.361532, 55.867767], [12.359186, 55.869108], [12.357246, 55.870717], [12.356995, 55.870966], [12.355866, 55.872148], [12.338559, 55.891275], [12.335257, 55.894925], [12.333742, 55.896656], [12.332252, 55.898315], [12.329953, 55.900616], [12.327283, 55.902324], [12.325095, 55.903318], [12.320253, 55.905463], [12.318333, 55.906594], [12.316462, 55.908298], [12.315235, 55.910229], [12.314379, 55.911079]]}, "properties": {"shape_id": "2437", "route_id": "16448_109", "route_short_name": "A", "agency_id": "318"}}, {"type": "Feature", "geometry": {"type": "LineString", "coordinates": [[12.373682, 55.812077], [12.376522, 55.809293], [12.378769, 55.807028], [12.379476, 55.805795], [12.379548, 55.804418], [12.378873, 55.80289], [12.377767, 55.801365], [12.375215, 55.798072], [12.373793, 55.796763], [12.371441, 55.795587], [12.367517, 55.794327], [12.364173, 55.793295], [12.362275, 55.792385], [12.360891, 55.791146], [12.36032, 55.789705], [12.360565, 55.788098], [12.361571, 55.786812], [12.363046, 55.785783], [12.365719, 55.784586], [12.368507, 55.783619], [12.373224, 55.782069], [12.37937, 55.780093], [12.38136, 55.77931], [12.383961, 55.777845], [12.3862, 55.776245], [12.388615, 55.774668], [12.3905, 55.7736], [12.395274, 55.771274], [12.400648, 55.768698], [12.402888, 55.767683], [12.406131, 55.766092], [12.409775, 55.764363], [12.411902, 55.763333], [12.415138, 55.761858], [12.417852, 55.761171], [12.420666, 55.761075], [12.424097, 55.761825], [12.426759, 55.76291], [12.4296, 55.764027], [12.432244, 55.764897], [12.43231, 55.764913], [12.435228, 55.765461], [12.437581, 55.765737], [12.440637, 55.765669], [12.443016, 55.765153], [12.449988, 55.762475], [12.452679, 55.761887], [12.453515, 55.761792], [12.455266, 55.761572], [12.458819, 55.761175], [12.464081, 55.76064], [12.466633, 55.7601], [12.469814, 55.758761], [12.473339, 55.756611], [12.473671, 55.756404], [12.475397, 55.755195], [12.476837, 55.754003], [12.478587, 55.751994], [12.480084, 55.750719], [12.482946, 55.7492], [12.48647, 55.748146], [12.489461, 55.74772], [12.493977, 55.747241], [12.494562, 55.747179], [12.496966, 55.746787], [12.503094, 55.745983], [12.506172, 55.745283], [12.508465, 55.744553], [12.509628, 55.744187], [12.517038, 55.741691], [12.523325, 55.73964], [12.523897, 55.739453], [12.528857, 55.737719], [12.530756, 55.736864], [12.532754, 55.7357], [12.534626, 55.734199], [12.53584, 55.732644], [12.536369, 55.731973], [12.537201, 55.73007], [12.539772, 55.723279], [12.540389, 55.721822], [12.540979, 55.720951], [12.541806, 55.719704], [12.545314, 55.714999], [12.545966, 55.713398], [12.546065, 55.713269], [12.54643, 55.712899], [12.546743, 55.712665], [12.547074, 55.712449], [12.547638, 55.712172], [12.54827, 55.711938], [12.548971, 55.711764], [12.549441, 55.711679], [12.550198, 55.711594], [12.55069, 55.71158], [12.551201, 55.711592], [12.55194, 55.71166], [12.552668, 55.711783], [12.553125, 55.711905], [12.553567, 55.712045], [12.555331, 55.712695], [12.557672, 55.713922], [12.559598, 55.715305], [12.560552, 55.715988], [12.561187, 55.716311], [12.561897, 55.716587], [12.562666, 55.716816], [12.563479, 55.716991], [12.564317, 55.717101], [12.565183, 55.717166], [12.566043, 55.717159], [12.567438, 55.717082], [12.57119, 55.717009], [12.572257, 55.717005], [12.57297, 55.716966], [12.573665, 55.716901], [12.574703, 55.716754], [12.575376, 55.716626], [12.57822, 55.715851], [12.578328, 55.715812], [12.582177, 55.714351], [12.585566, 55.71275], [12.586424, 55.712204], [12.587197, 55.711606], [12.587653, 55.711197], [12.588263, 55.710549], [12.588619, 55.710098], [12.588928, 55.70964], [12.589962, 55.70755], [12.590774, 55.705638], [12.590943, 55.70522], [12.591365, 55.703229], [12.592059, 55.697958], [12.592154, 55.697433], [12.592138, 55.696903], [12.592057, 55.696546], [12.59185, 55.69603], [12.59155, 55.695536], [12.591124, 55.695054], [12.590794, 55.694758], [12.590621, 55.69461], [12.587571, 55.692766], [12.587131, 55.692482], [12.583845, 55.690501], [12.581921, 55.689478], [12.580036, 55.688535], [12.57656, 55.686559], [12.574645, 55.685275], [12.572231, 55.683772], [12.571245, 55.683073], [12.570342, 55.682425], [12.566925, 55.679862], [12.563926, 55.678205], [12.563771, 55.678075], [12.563461, 55.677814], [12.563197, 55.677543], [12.562887, 55.677102], [12.562686, 55.67665], [12.562595, 55.676347], [12.562567, 55.676033], [12.562566, 55.675673], [12.562614, 55.67533], [12.562711, 55.674995], [12.562952, 55.674493], [12.563177, 55.674172], [12.56358, 55.673701], [12.563903, 55.673413], [12.564471, 55.673001], [12.564894, 55.672755], [12.565448, 55.672199], [12.56592, 55.671619], [12.566311, 55.671023], [12.566441, 55.670705], [12.566541, 55.670225], [12.566529, 55.669749], [12.566406, 55.669267], [12.566157, 55.668807], [12.565939, 55.668507], [12.56569, 55.668218], [12.565208, 55.667818], [12.564835, 55.667568], [12.562396, 55.666291], [12.559909, 55.665005], [12.55951, 55.664819], [12.559164, 55.664685], [12.558804, 55.66457], [12.558413, 55.664473], [12.558024, 55.664394], [12.5477, 55.663165], [12.54705, 55.663013], [12.546387, 55.662897], [12.545711, 55.6628], [12.544668, 55.662704], [12.54363, 55.662662], [12.543011, 55.662671], [12.542394, 55.662707], [12.541496, 55.662805], [12.538621, 55.663203], [12.537181, 55.663289], [12.536024, 55.663341], [12.535312, 55.663379], [12.531457, 55.66349], [12.523119, 55.66364], [12.5191, 55.663702], [12.514372, 55.663837], [12.51132, 55.663862], [12.508128, 55.663917], [12.505741, 55.663913], [12.503462, 55.664042], [12.500991, 55.663986], [12.493748, 55.664103], [12.491492, 55.664131], [12.488518, 55.664144], [12.485647, 55.664226], [12.478672, 55.664325], [12.474336, 55.664403], [12.470809, 55.664449], [12.458628, 55.664676], [12.45437, 55.664724], [12.444821, 55.664858], [12.440201, 55.664952], [12.438323, 55.664951], [12.428235, 55.665098], [12.423801, 55.665141], [12.420455, 55.665082], [12.417258, 55.664901], [12.413572, 55.664581], [12.407614, 55.663929], [12.401645, 55.663339], [12.397902, 55.662913], [12.394431, 55.662505], [12.378497, 55.660706], [12.356998, 55.658339], [12.353148, 55.65795], [12.348456, 55.657395], [12.310185, 55.653165], [12.306946, 55.652839], [12.302941, 55.652488], [12.302171, 55.65241], [12.297069, 55.651873], [12.293057, 55.651433], [12.289007, 55.650921], [12.269331, 55.648741]]}, "properties": {"shape_id": "2438", "route_id": "16449_109", "route_short_name": "B", "agency_id": "318"}}, {"type": "Feature", "geometry": {"type": "LineString", "coordinates": [[12.493977, 55.747241], [12.494562, 55.747179], [12.496966, 55.746787], [12.503094, 55.745983], [12.506172, 55.745283], [12.508465, 55.744553], [12.509628, 55.744187], [12.517038, 55.741691], [12.523325, 55.73964], [12.523897, 55.739453], [12.528857, 55.737719], [12.530756, 55.736864], [12.532754, 55.7357], [12.534626, 55.734199], [12.53584, 55.732644], [12.536369, 55.731973], [12.537201, 55.73007], [12.539772, 55.723279], [12.540389, 55.721822], [12.540979, 55.720951], [12.541806, 55.719704], [12.545314, 55.714999], [12.545966, 55.713398], [12.546065, 55.713269], [12.54643, 55.712899], [12.546743, 55.712665], [12.547074, 55.712449], [12.547638, 55.712172], [12.54827, 55.711938], [12.548971, 55.711764], [12.549441, 55.711679], [12.550198, 55.711594], [12.55069, 55.71158], [12.551201, 55.711592], [12.55194, 55.71166], [12.552668, 55.711783], [12.553125, 55.711905], [12.553567, 55.712045], [12.555331, 55.712695], [12.557672, 55.713922], [12.559598, 55.715305], [12.560552, 55.715988], [12.561187, 55.716311], [12.561897, 55.716587], [12.562666, 55.716816], [12.563479, 55.716991], [12.564317, 55.717101], [12.565183, 55.717166], [12.566043, 55.717159], [12.567438, 55.717082], [12.57119, 55.717009], [12.572257, 55.717005], [12.57297, 55.716966], [12.573665, 55.716901], [12.574703, 55.716754], [12.575376, 55.716626], [12.57822, 55.715851], [12.578328, 55.715812], [12.582177, 55.714351], [12.585566, 55.71275], [12.586424, 55.712204], [12.587197, 55.711606], [12.587653, 55.711197], [12.588263, 55.710549], [12.588619, 55.710098], [12.588928, 55.70964], [12.589962, 55.70755], [12.590774, 55.705638], [12.590943, 55.70522], [12.591365, 55.703229], [12.592059, 55.697958], [12.592154, 55.697433], [12.592138, 55.696903], [12.592057, 55.696546], [12.59185, 55.69603], [12.59155, 55.695536], [12.591124, 55.695054], [12.590794, 55.694758], [12.590621, 55.69461], [12.587571, 55.692766], [12.587131, 55.692482], [12.583845, 55.690501], [12.581921, 55.689478], [12.580036, 55.688535], [12.57656, 55.686559], [12.574645, 55.685275], [12.572231, 55.683772], [12.571245, 55.683073], [12.570342, 55.682425], [12.566925, 55.679862], [12.563926, 55.678205], [12.563771, 55.678075], [12.563461, 55.677814], [12.563197, 55.677543], [12.562887, 55.677102], [12.562686, 55.67665], [12.562595, 55.676347], [12.562567, 55.676033], [12.562566, 55.675673], [12.562614, 55.67533], [12.562711, 55.674995], [12.562952, 55.674493], [12.563177, 55.674172], [12.56358, 55.673701], [12.563903, 55.673413], [12.564471, 55.673001], [12.564894, 55.672755], [12.565448, 55.672199], [12.56592, 55.671619], [12.566311, 55.671023], [12.566441, 55.670705], [12.566541, 55.670225], [12.566529, 55.669749], [12.566406, 55.669267], [12.566157, 55.668807], [12.565939, 55.668507], [12.56569, 55.668218], [12.565208, 55.667818], [12.564835, 55.667568], [12.562396, 55.666291], [12.559909, 55.665005], [12.55951, 55.664819], [12.559164, 55.664685], [12.558804, 55.66457], [12.558413, 55.664473], [12.558024, 55.664394], [12.5477, 55.663165], [12.54705, 55.663013], [12.546387, 55.662897], [12.545711, 55.6628], [12.544668, 55.662704], [12.54363, 55.662662], [12.543011, 55.662671], [12.542394, 55.662707], [12.541496, 55.662805], [12.538621, 55.663203], [12.537181, 55.663289], [12.536024, 55.663341], [12.535312, 55.663379], [12.531457, 55.66349], [12.523119, 55.66364], [12.5191, 55.663702], [12.514372, 55.663837], [12.51132, 55.663862], [12.508128, 55.663917], [12.505741, 55.663913], [12.503462, 55.664042], [12.500991, 55.663986], [12.493748, 55.664103], [12.491492, 55.664131], [12.488518, 55.664144], [12.485647, 55.664226], [12.478672, 55.664325], [12.474336, 55.664403], [12.470809, 55.664449], [12.458628, 55.664676], [12.45437, 55.664724], [12.444821, 55.664858], [12.440201, 55.664952], [12.438323, 55.664951], [12.428235, 55.665098], [12.423801, 55.665141], [12.420455, 55.665082], [12.417258, 55.664901], [12.413572, 55.664581], [12.407614, 55.663929], [12.401645, 55.663339], [12.397902, 55.662913], [12.394431, 55.662505], [12.378497, 55.660706], [12.356998, 55.658339], [12.353148, 55.65795], [12.348456, 55.657395], [12.310185, 55.653165], [12.306946, 55.652839], [12.302941, 55.652488], [12.302171, 55.65241], [12.297069, 55.651873], [12.293057, 55.651433], [12.289007, 55.650921], [12.269331, 55.648741]]}, "properties": {"shape_id": "2439", "route_id": "16449_109", "route_short_name": "B", "agency_id": "318"}}, {"type": "Feature", "geometry": {"type": "LineString", "coordinates": [[12.564894, 55.672755], [12.565448, 55.672199], [12.56592, 55.671619], [12.566311, 55.671023], [12.566441, 55.670705], [12.566541, 55.670225], [12.566529, 55.669749], [12.566406, 55.669267], [12.566157, 55.668807], [12.565939, 55.668507], [12.56569, 55.668218], [12.565208, 55.667818], [12.564835, 55.667568], [12.562396, 55.666291], [12.559909, 55.665005], [12.55951, 55.664819], [12.559164, 55.664685], [12.558804, 55.66457], [12.558413, 55.664473], [12.558024, 55.664394], [12.5477, 55.663165], [12.54705, 55.663013], [12.546387, 55.662897], [12.545711, 55.6628], [12.544668, 55.662704], [12.54363, 55.662662], [12.543011, 55.662671], [12.542394, 55.662707], [12.541496, 55.662805], [12.538621, 55.663203], [12.537181, 55.663289], [12.536024, 55.663341], [12.535312, 55.663379], [12.531457, 55.66349], [12.523119, 55.66364], [12.5191, 55.663702], [12.514372, 55.663837], [12.51132, 55.663862], [12.508128, 55.663917], [12.505741, 55.663913], [12.503462, 55.664042], [12.500991, 55.663986], [12.493748, 55.664103], [12.491492, 55.664131], [12.488518, 55.664144], [12.485647, 55.664226], [12.478672, 55.664325], [12.474336, 55.664403], [12.470809, 55.664449], [12.458628, 55.664676], [12.45437, 55.664724], [12.444821, 55.664858], [12.440201, 55.664952], [12.438323, 55.664951], [12.428235, 55.665098], [12.423801, 55.665141], [12.420455, 55.665082], [12.417258, 55.664901], [12.413572, 55.664581], [12.407614, 55.663929], [12.401645, 55.663339], [12.397902, 55.662913], [12.394431, 55.662505], [12.378497, 55.660706], [12.356998, 55.658339], [12.353148, 55.65795], [12.348456, 55.657395], [12.310185, 55.653165], [12.306946, 55.652839], [12.302941, 55.652488], [12.302171, 55.65241], [12.297069, 55.651873], [12.293057, 55.651433], [12.289007, 55.650921], [12.269331, 55.648741]]}, "properties": {"shape_id": "2440", "route_id": "16449_109", "route_short_name": "B", "agency_id": "318"}}, {"type": "Feature", "geometry": {"type": "LineString", "coordinates": [[12.373682, 55.812077], [12.376522, 55.809293], [12.378769, 55.807028], [12.379476, 55.805795], [12.379548, 55.804418], [12.378873, 55.80289], [12.377767, 55.801365], [12.375215, 55.798072], [12.373793, 55.796763], [12.371441, 55.795587], [12.367517, 55.794327], [12.364173, 55.793295], [12.362275, 55.792385], [12.360891, 55.791146], [12.36032, 55.789705], [12.360565, 55.788098], [12.361571, 55.786812], [12.363046, 55.785783], [12.365719, 55.784586], [12.368507, 55.783619], [12.373224, 55.782069], [12.37937, 55.780093], [12.38136, 55.77931], [12.383961, 55.777845], [12.3862, 55.776245], [12.388615, 55.774668], [12.3905, 55.7736], [12.395274, 55.771274], [12.400648, 55.768698], [12.402888, 55.767683], [12.406131, 55.766092], [12.409775, 55.764363], [12.411902, 55.763333], [12.415138, 55.761858], [12.417852, 55.761171], [12.420666, 55.761075], [12.424097, 55.761825], [12.426759, 55.76291], [12.4296, 55.764027], [12.432244, 55.764897], [12.43231, 55.764913], [12.435228, 55.765461], [12.437581, 55.765737], [12.440637, 55.765669], [12.443016, 55.765153], [12.449988, 55.762475], [12.452679, 55.761887], [12.453515, 55.761792], [12.455266, 55.761572], [12.458819, 55.761175], [12.464081, 55.76064], [12.466633, 55.7601], [12.469814, 55.758761], [12.473339, 55.756611], [12.473671, 55.756404], [12.475397, 55.755195], [12.476837, 55.754003], [12.478587, 55.751994], [12.480084, 55.750719], [12.482946, 55.7492], [12.48647, 55.748146], [12.489461, 55.74772], [12.493977, 55.747241], [12.494562, 55.747179], [12.496966, 55.746787], [12.503094, 55.745983], [12.506172, 55.745283], [12.508465, 55.744553], [12.509628, 55.744187], [12.517038, 55.741691], [12.523325, 55.73964], [12.523897, 55.739453], [12.528857, 55.737719], [12.530756, 55.736864], [12.532754, 55.7357], [12.534626, 55.734199], [12.53584, 55.732644], [12.536369, 55.731973], [12.537201, 55.73007], [12.539772, 55.723279], [12.540389, 55.721822], [12.540979, 55.720951], [12.541806, 55.719704], [12.545314, 55.714999], [12.545966, 55.713398], [12.546065, 55.713269], [12.54643, 55.712899], [12.546743, 55.712665], [12.547074, 55.712449], [12.547638, 55.712172], [12.54827, 55.711938], [12.548971, 55.711764], [12.549441, 55.711679], [12.550198, 55.711594], [12.55069, 55.71158], [12.551201, 55.711592], [12.55194, 55.71166], [12.552668, 55.711783], [12.553125, 55.711905], [12.553567, 55.712045], [12.555331, 55.712695], [12.557672, 55.713922], [12.559598, 55.715305], [12.560552, 55.715988], [12.561187, 55.716311], [12.561897, 55.716587], [12.562666, 55.716816], [12.563479, 55.716991], [12.564317, 55.717101], [12.565183, 55.717166], [12.566043, 55.717159], [12.567438, 55.717082], [12.57119, 55.717009], [12.572257, 55.717005], [12.57297, 55.716966], [12.573665, 55.716901], [12.574703, 55.716754], [12.575376, 55.716626], [12.57822, 55.715851], [12.578328, 55.715812], [12.582177, 55.714351], [12.585566, 55.71275], [12.586424, 55.712204], [12.587197, 55.711606], [12.587653, 55.711197], [12.588263, 55.710549], [12.588619, 55.710098], [12.588928, 55.70964], [12.589962, 55.70755], [12.590774, 55.705638], [12.590943, 55.70522], [12.591365, 55.703229], [12.592059, 55.697958], [12.592154, 55.697433], [12.592138, 55.696903], [12.592057, 55.696546], [12.59185, 55.69603], [12.59155, 55.695536], [12.591124, 55.695054], [12.590794, 55.694758], [12.590621, 55.69461], [12.587571, 55.692766], [12.587131, 55.692482], [12.583845, 55.690501], [12.581921, 55.689478], [12.580036, 55.688535], [12.57656, 55.686559], [12.574645, 55.685275], [12.572231, 55.683772], [12.571245, 55.683073], [12.570342, 55.682425], [12.566925, 55.679862], [12.563926, 55.678205], [12.563771, 55.678075], [12.563461, 55.677814], [12.563197, 55.677543], [12.562887, 55.677102], [12.562686, 55.67665], [12.562595, 55.676347], [12.562567, 55.676033], [12.562566, 55.675673], [12.562614, 55.67533], [12.562711, 55.674995], [12.562952, 55.674493], [12.563177, 55.674172], [12.56358, 55.673701], [12.563903, 55.673413], [12.564471, 55.673001], [12.564894, 55.672755]]}, "properties": {"shape_id": "2441", "route_id": "16449_109", "route_short_name": "B", "agency_id": "318"}}, {"type": "Feature", "geometry": {"type": "LineString", "coordinates": [[12.587571, 55.692766], [12.587131, 55.692482], [12.583845, 55.690501], [12.581921, 55.689478], [12.580036, 55.688535], [12.57656, 55.686559], [12.574645, 55.685275], [12.572231, 55.683772], [12.571245, 55.683073], [12.570342, 55.682425], [12.566925, 55.679862], [12.563926, 55.678205], [12.563771, 55.678075], [12.563461, 55.677814], [12.563197, 55.677543], [12.562887, 55.677102], [12.562686, 55.67665], [12.562595, 55.676347], [12.562567, 55.676033], [12.562566, 55.675673], [12.562614, 55.67533], [12.562711, 55.674995], [12.562952, 55.674493], [12.563177, 55.674172], [12.56358, 55.673701], [12.563903, 55.673413], [12.564471, 55.673001], [12.564894, 55.672755], [12.565448, 55.672199], [12.56592, 55.671619], [12.566311, 55.671023], [12.566441, 55.670705], [12.566541, 55.670225], [12.566529, 55.669749], [12.566406, 55.669267], [12.566157, 55.668807], [12.565939, 55.668507], [12.56569, 55.668218], [12.565208, 55.667818], [12.564835, 55.667568], [12.562396, 55.666291], [12.559909, 55.665005], [12.55951, 55.664819], [12.559164, 55.664685], [12.558804, 55.66457], [12.558413, 55.664473], [12.558024, 55.664394], [12.5477, 55.663165], [12.54705, 55.663013], [12.546387, 55.662897], [12.545711, 55.6628], [12.544668, 55.662704], [12.54363, 55.662662], [12.543011, 55.662671], [12.542394, 55.662707], [12.541496, 55.662805], [12.538621, 55.663203], [12.537181, 55.663289], [12.536024, 55.663341], [12.535312, 55.663379], [12.531457, 55.66349], [12.523119, 55.66364], [12.5191, 55.663702], [12.514372, 55.663837], [12.51132, 55.663862], [12.508128, 55.663917], [12.505741, 55.663913], [12.503462, 55.664042], [12.500991, 55.663986], [12.493748, 55.664103], [12.491492, 55.664131], [12.488518, 55.664144], [12.485647, 55.664226], [12.478672, 55.664325], [12.474336, 55.664403], [12.470809, 55.664449], [12.458628, 55.664676], [12.45437, 55.664724], [12.444821, 55.664858], [12.440201, 55.664952], [12.438323, 55.664951], [12.428235, 55.665098], [12.423801, 55.665141], [12.420455, 55.665082], [12.417258, 55.664901], [12.413572, 55.664581], [12.407614, 55.663929], [12.401645, 55.663339], [12.397902, 55.662913], [12.394431, 55.662505], [12.378497, 55.660706], [12.356998, 55.658339], [12.353148, 55.65795], [12.348456, 55.657395], [12.310185, 55.653165], [12.306946, 55.652839], [12.302941, 55.652488], [12.302171, 55.65241], [12.297069, 55.651873], [12.293057, 55.651433], [12.289007, 55.650921], [12.269331, 55.648741]]}, "properties": {"shape_id": "2442", "route_id": "16449_109", "route_short_name": "B", "agency_id": "318"}}, {"type": "Feature", "geometry": {"type": "LineString", "coordinates": [[12.587571, 55.692766], [12.587131, 55.692482], [12.583845, 55.690501], [12.581921, 55.689478], [12.580036, 55.688535], [12.57656, 55.686559], [12.574645, 55.685275], [12.572231, 55.683772], [12.571245, 55.683073], [12.570342, 55.682425], [12.566925, 55.679862], [12.563926, 55.678205], [12.563771, 55.678075], [12.563461, 55.677814], [12.563197, 55.677543], [12.562887, 55.677102], [12.562686, 55.67665], [12.562595, 55.676347], [12.562567, 55.676033], [12.562566, 55.675673], [12.562614, 55.67533], [12.562711, 55.674995], [12.562952, 55.674493], [12.563177, 55.674172], [12.56358, 55.673701], [12.563903, 55.673413], [12.564471, 55.673001], [12.564894, 55.672755]]}, "properties": {"shape_id": "2443", "route_id": "16449_109", "route_short_name": "B", "agency_id": "318"}}, {"type": "Feature", "geometry": {"type": "LineString", "coordinates": [[12.373682, 55.812077], [12.376522, 55.809293], [12.378769, 55.807028], [12.379476, 55.805795], [12.379548, 55.804418], [12.378873, 55.80289], [12.377767, 55.801365], [12.375215, 55.798072], [12.373793, 55.796763], [12.371441, 55.795587], [12.367517, 55.794327], [12.364173, 55.793295], [12.362275, 55.792385], [12.360891, 55.791146], [12.36032, 55.789705], [12.360565, 55.788098], [12.361571, 55.786812], [12.363046, 55.785783], [12.365719, 55.784586], [12.368507, 55.783619], [12.373224, 55.782069], [12.37937, 55.780093], [12.38136, 55.77931], [12.383961, 55.777845], [12.3862, 55.776245], [12.388615, 55.774668], [12.3905, 55.7736], [12.395274, 55.771274], [12.400648, 55.768698], [12.402888, 55.767683], [12.406131, 55.766092], [12.409775, 55.764363], [12.411902, 55.763333], [12.415138, 55.761858], [12.417852, 55.761171], [12.420666, 55.761075], [12.424097, 55.761825], [12.426759, 55.76291], [12.4296, 55.764027], [12.432244, 55.764897], [12.43231, 55.764913], [12.435228, 55.765461], [12.437581, 55.765737], [12.440637, 55.765669], [12.443016, 55.765153], [12.449988, 55.762475], [12.452679, 55.761887], [12.453515, 55.761792], [12.455266, 55.761572], [12.458819, 55.761175], [12.464081, 55.76064], [12.466633, 55.7601], [12.469814, 55.758761], [12.473339, 55.756611], [12.473671, 55.756404], [12.475397, 55.755195], [12.476837, 55.754003], [12.478587, 55.751994], [12.480084, 55.750719], [12.482946, 55.7492], [12.48647, 55.748146], [12.489461, 55.74772], [12.493977, 55.747241], [12.494562, 55.747179], [12.496966, 55.746787], [12.503094, 55.745983], [12.506172, 55.745283], [12.508465, 55.744553], [12.509628, 55.744187], [12.517038, 55.741691], [12.523325, 55.73964], [12.523897, 55.739453], [12.528857, 55.737719], [12.530756, 55.736864], [12.532754, 55.7357], [12.534626, 55.734199], [12.53584, 55.732644], [12.536369, 55.731973], [12.537201, 55.73007], [12.539772, 55.723279], [12.540389, 55.721822], [12.540979, 55.720951], [12.541806, 55.719704], [12.545314, 55.714999], [12.545966, 55.713398], [12.546065, 55.713269], [12.54643, 55.712899], [12.546743, 55.712665], [12.547074, 55.712449], [12.547638, 55.712172], [12.54827, 55.711938], [12.548971, 55.711764], [12.549441, 55.711679], [12.550198, 55.711594], [12.55069, 55.71158], [12.551201, 55.711592], [12.55194, 55.71166], [12.552668, 55.711783], [12.553125, 55.711905], [12.553567, 55.712045], [12.555331, 55.712695], [12.557672, 55.713922], [12.559598, 55.715305], [12.560552, 55.715988], [12.561187, 55.716311], [12.561897, 55.716587], [12.562666, 55.716816], [12.563479, 55.716991], [12.564317, 55.717101], [12.565183, 55.717166], [12.566043, 55.717159], [12.567438, 55.717082], [12.57119, 55.717009], [12.572257, 55.717005], [12.57297, 55.716966], [12.573665, 55.716901], [12.574703, 55.716754], [12.575376, 55.716626], [12.57822, 55.715851], [12.578328, 55.715812]]}, "properties": {"shape_id": "2444", "route_id": "16449_109", "route_short_name": "B", "agency_id": "318"}}, {"type": "Feature", "geometry": {"type": "LineString", "coordinates": [[12.269331, 55.648741], [12.289007, 55.650921], [12.293057, 55.651433], [12.297069, 55.651873], [12.302171, 55.65241], [12.302941, 55.652488], [12.306946, 55.652839], [12.310185, 55.653165], [12.348456, 55.657395], [12.353148, 55.65795], [12.356998, 55.658339], [12.378497, 55.660706], [12.394431, 55.662505], [12.397902, 55.662913], [12.401645, 55.663339], [12.407614, 55.663929], [12.413572, 55.664581], [12.417258, 55.664901], [12.420455, 55.665082], [12.423801, 55.665141], [12.428235, 55.665098], [12.438323, 55.664951], [12.440201, 55.664952], [12.444821, 55.664858], [12.45437, 55.664724], [12.458628, 55.664676], [12.470809, 55.664449], [12.474336, 55.664403], [12.478672, 55.664325], [12.485647, 55.664226], [12.488518, 55.664144], [12.491492, 55.664131], [12.493748, 55.664103], [12.500991, 55.663986], [12.503462, 55.664042], [12.505741, 55.663913], [12.508128, 55.663917], [12.51132, 55.663862], [12.514372, 55.663837], [12.5191, 55.663702], [12.523119, 55.66364], [12.531457, 55.66349], [12.535312, 55.663379], [12.536024, 55.663341], [12.537292, 55.663286], [12.538621, 55.663203], [12.541496, 55.662805], [12.542394, 55.662707], [12.543011, 55.662671], [12.54363, 55.662662], [12.544668, 55.662704], [12.545711, 55.6628], [12.546387, 55.662897], [12.54705, 55.663013], [12.5477, 55.663165], [12.558024, 55.664394], [12.558413, 55.664473], [12.558804, 55.66457], [12.559164, 55.664685], [12.55951, 55.664819], [12.559909, 55.665005], [12.562396, 55.666291], [12.564835, 55.667568], [12.565208, 55.667818], [12.56569, 55.668218], [12.565939, 55.668507], [12.566157, 55.668807], [12.566406, 55.669267], [12.566529, 55.669749], [12.566541, 55.670225], [12.566441, 55.670705], [12.566311, 55.671023], [12.56592, 55.671619], [12.565448, 55.672199], [12.564894, 55.672755], [12.564471, 55.673001], [12.563903, 55.673413], [12.56358, 55.673701], [12.563177, 55.674172], [12.562952, 55.674493], [12.562711, 55.674995], [12.562614, 55.67533], [12.562566, 55.675673], [12.562567, 55.676033], [12.562595, 55.676347], [12.562686, 55.67665], [12.562887, 55.677102], [12.563197, 55.677543], [12.563461, 55.677814], [12.563771, 55.678075], [12.563926, 55.678205], [12.566925, 55.679862], [12.570342, 55.682425], [12.571245, 55.683073], [12.572231, 55.683772], [12.574645, 55.685275], [12.57656, 55.686559], [12.580036, 55.688535], [12.581921, 55.689478], [12.583845, 55.690501], [12.587131, 55.692482], [12.587571, 55.692766], [12.590621, 55.69461], [12.590794, 55.694758], [12.591124, 55.695054], [12.59155, 55.695536], [12.59185, 55.69603], [12.592057, 55.696546], [12.592138, 55.696903], [12.592154, 55.697433], [12.592059, 55.697958], [12.591365, 55.703229], [12.590943, 55.70522], [12.590774, 55.705638], [12.589962, 55.70755], [12.588928, 55.70964], [12.588619, 55.710098], [12.588263, 55.710549], [12.587653, 55.711197], [12.587197, 55.711606], [12.586424, 55.712204], [12.585566, 55.71275], [12.582177, 55.714351], [12.578328, 55.715812], [12.57822, 55.715851], [12.575376, 55.716626], [12.574703, 55.716754], [12.573665, 55.716901], [12.57297, 55.716966], [12.572257, 55.717005], [12.57119, 55.717009], [12.567438, 55.717082], [12.566043, 55.717159], [12.565183, 55.717166], [12.564317, 55.717101], [12.563479, 55.716991], [12.562666, 55.716816], [12.561897, 55.716587], [12.561187, 55.716311], [12.560552, 55.715988], [12.559598, 55.715305], [12.557672, 55.713922], [12.555331, 55.712695], [12.553567, 55.712045], [12.553125, 55.711905], [12.552668, 55.711783], [12.55194, 55.71166], [12.551201, 55.711592], [12.55069, 55.71158], [12.550198, 55.711594], [12.549441, 55.711679], [12.548971, 55.711764], [12.54827, 55.711938], [12.547638, 55.712172], [12.547074, 55.712449], [12.546743, 55.712665], [12.54643, 55.712899], [12.546065, 55.713269], [12.545966, 55.713398], [12.545314, 55.714999], [12.541806, 55.719704], [12.540979, 55.720951], [12.540389, 55.721822], [12.539772, 55.723279], [12.537201, 55.73007], [12.536369, 55.731973], [12.53584, 55.732644], [12.534626, 55.734199], [12.532754, 55.7357], [12.530756, 55.736864], [12.528857, 55.737719], [12.523897, 55.739453], [12.523325, 55.73964], [12.517038, 55.741691], [12.509628, 55.744187], [12.508465, 55.744553], [12.506172, 55.745283], [12.503094, 55.745983], [12.496966, 55.746787], [12.494562, 55.747179], [12.493977, 55.747241], [12.489461, 55.74772], [12.48647, 55.748146], [12.482946, 55.7492], [12.480084, 55.750719], [12.478587, 55.751994], [12.476837, 55.754003], [12.475397, 55.755195], [12.473671, 55.756404], [12.473339, 55.756611], [12.469814, 55.758761], [12.466633, 55.7601], [12.464081, 55.76064], [12.458819, 55.761175], [12.455266, 55.761572], [12.453515, 55.761792], [12.452679, 55.761887], [12.449988, 55.762475], [12.443016, 55.765153], [12.440637, 55.765669], [12.437581, 55.765737], [12.435228, 55.765461], [12.43231, 55.764913], [12.432244, 55.764897], [12.4296, 55.764027], [12.426759, 55.76291], [12.424097, 55.761825], [12.420666, 55.761075], [12.417852, 55.761171], [12.415138, 55.761858], [12.411902, 55.763333], [12.409775, 55.764363], [12.406131, 55.766092], [12.402888, 55.767683], [12.400648, 55.768698], [12.395274, 55.771274], [12.3905, 55.7736], [12.388615, 55.774668], [12.3862, 55.776245], [12.383961, 55.777845], [12.38136, 55.77931], [12.37937, 55.780093], [12.373224, 55.782069], [12.368507, 55.783619], [12.365719, 55.784586], [12.363046, 55.785783], [12.361571, 55.786812], [12.360565, 55.788098], [12.36032, 55.789705], [12.360891, 55.791146], [12.362275, 55.792385], [12.364173, 55.793295], [12.367517, 55.794327], [12.371441, 55.795587], [12.373793, 55.796763], [12.375215, 55.798072], [12.377767, 55.801365], [12.378873, 55.80289], [12.379548, 55.804418], [12.379476, 55.805795], [12.378769, 55.807028], [12.376522, 55.809293], [12.373682, 55.812077]]}, "properties": {"shape_id": "2445", "route_id": "16449_109", "route_short_name": "B", "agency_id": "318"}}, {"type": "Feature", "geometry": {"type": "LineString", "coordinates": [[12.269331, 55.648741], [12.289007, 55.650921], [12.293057, 55.651433], [12.297069, 55.651873], [12.302171, 55.65241], [12.302941, 55.652488], [12.306946, 55.652839], [12.310185, 55.653165], [12.348456, 55.657395], [12.353148, 55.65795], [12.356998, 55.658339], [12.378497, 55.660706], [12.394431, 55.662505], [12.397902, 55.662913], [12.401645, 55.663339], [12.407614, 55.663929], [12.413572, 55.664581], [12.417258, 55.664901], [12.420455, 55.665082], [12.423801, 55.665141], [12.428235, 55.665098], [12.438323, 55.664951], [12.440201, 55.664952], [12.444821, 55.664858], [12.45437, 55.664724], [12.458628, 55.664676], [12.470809, 55.664449], [12.474336, 55.664403], [12.478672, 55.664325], [12.485647, 55.664226], [12.488518, 55.664144], [12.491492, 55.664131], [12.493748, 55.664103], [12.500991, 55.663986], [12.503462, 55.664042], [12.505741, 55.663913], [12.508128, 55.663917], [12.51132, 55.663862], [12.514372, 55.663837], [12.5191, 55.663702], [12.523119, 55.66364], [12.531457, 55.66349], [12.535312, 55.663379], [12.536024, 55.663341], [12.537292, 55.663286], [12.538621, 55.663203], [12.541496, 55.662805], [12.542394, 55.662707], [12.543011, 55.662671], [12.54363, 55.662662], [12.544668, 55.662704], [12.545711, 55.6628], [12.546387, 55.662897], [12.54705, 55.663013], [12.5477, 55.663165], [12.558024, 55.664394], [12.558413, 55.664473], [12.558804, 55.66457], [12.559164, 55.664685], [12.55951, 55.664819], [12.559909, 55.665005], [12.562396, 55.666291], [12.564835, 55.667568], [12.565208, 55.667818], [12.56569, 55.668218], [12.565939, 55.668507], [12.566157, 55.668807], [12.566406, 55.669267], [12.566529, 55.669749], [12.566541, 55.670225], [12.566441, 55.670705], [12.566311, 55.671023], [12.56592, 55.671619], [12.565448, 55.672199], [12.564894, 55.672755], [12.564471, 55.673001], [12.563903, 55.673413], [12.56358, 55.673701], [12.563177, 55.674172], [12.562952, 55.674493], [12.562711, 55.674995], [12.562614, 55.67533], [12.562566, 55.675673], [12.562567, 55.676033], [12.562595, 55.676347], [12.562686, 55.67665], [12.562887, 55.677102], [12.563197, 55.677543], [12.563461, 55.677814], [12.563771, 55.678075], [12.563926, 55.678205], [12.566925, 55.679862], [12.570342, 55.682425], [12.571245, 55.683073], [12.572231, 55.683772], [12.574645, 55.685275], [12.57656, 55.686559], [12.580036, 55.688535], [12.581921, 55.689478], [12.583845, 55.690501], [12.587131, 55.692482], [12.587571, 55.692766]]}, "properties": {"shape_id": "2446", "route_id": "16449_109", "route_short_name": "B", "agency_id": "318"}}, {"type": "Feature", "geometry": {"type": "LineString", "coordinates": [[12.564894, 55.672755], [12.564471, 55.673001], [12.563903, 55.673413], [12.56358, 55.673701], [12.563177, 55.674172], [12.562952, 55.674493], [12.562711, 55.674995], [12.562614, 55.67533], [12.562566, 55.675673], [12.562567, 55.676033], [12.562595, 55.676347], [12.562686, 55.67665], [12.562887, 55.677102], [12.563197, 55.677543], [12.563461, 55.677814], [12.563771, 55.678075], [12.563926, 55.678205], [12.566925, 55.679862], [12.570342, 55.682425], [12.571245, 55.683073], [12.572231, 55.683772], [12.574645, 55.685275], [12.57656, 55.686559], [12.580036, 55.688535], [12.581921, 55.689478], [12.583845, 55.690501], [12.587131, 55.692482], [12.587571, 55.692766], [12.590621, 55.69461], [12.590794, 55.694758], [12.591124, 55.695054], [12.59155, 55.695536], [12.59185, 55.69603], [12.592057, 55.696546], [12.592138, 55.696903], [12.592154, 55.697433], [12.592059, 55.697958], [12.591365, 55.703229], [12.590943, 55.70522], [12.590774, 55.705638], [12.589962, 55.70755], [12.588928, 55.70964], [12.588619, 55.710098], [12.588263, 55.710549], [12.587653, 55.711197], [12.587197, 55.711606], [12.586424, 55.712204], [12.585566, 55.71275], [12.582177, 55.714351], [12.578328, 55.715812], [12.57822, 55.715851], [12.575376, 55.716626], [12.574703, 55.716754], [12.573665, 55.716901], [12.57297, 55.716966], [12.572257, 55.717005], [12.57119, 55.717009], [12.567438, 55.717082], [12.566043, 55.717159], [12.565183, 55.717166], [12.564317, 55.717101], [12.563479, 55.716991], [12.562666, 55.716816], [12.561897, 55.716587], [12.561187, 55.716311], [12.560552, 55.715988], [12.559598, 55.715305], [12.557672, 55.713922], [12.555331, 55.712695], [12.553567, 55.712045], [12.553125, 55.711905], [12.552668, 55.711783], [12.55194, 55.71166], [12.551201, 55.711592], [12.55069, 55.71158], [12.550198, 55.711594], [12.549441, 55.711679], [12.548971, 55.711764], [12.54827, 55.711938], [12.547638, 55.712172], [12.547074, 55.712449], [12.546743, 55.712665], [12.54643, 55.712899], [12.546065, 55.713269], [12.545966, 55.713398], [12.545314, 55.714999], [12.541806, 55.719704], [12.540979, 55.720951], [12.540389, 55.721822], [12.539772, 55.723279], [12.537201, 55.73007], [12.536369, 55.731973], [12.53584, 55.732644], [12.534626, 55.734199], [12.532754, 55.7357], [12.530756, 55.736864], [12.528857, 55.737719], [12.523897, 55.739453], [12.523325, 55.73964], [12.517038, 55.741691], [12.509628, 55.744187], [12.508465, 55.744553], [12.506172, 55.745283], [12.503094, 55.745983], [12.496966, 55.746787], [12.494562, 55.747179], [12.493977, 55.747241], [12.489461, 55.74772], [12.48647, 55.748146], [12.482946, 55.7492], [12.480084, 55.750719], [12.478587, 55.751994], [12.476837, 55.754003], [12.475397, 55.755195], [12.473671, 55.756404], [12.473339, 55.756611], [12.469814, 55.758761], [12.466633, 55.7601], [12.464081, 55.76064], [12.458819, 55.761175], [12.455266, 55.761572], [12.453515, 55.761792], [12.452679, 55.761887], [12.449988, 55.762475], [12.443016, 55.765153], [12.440637, 55.765669], [12.437581, 55.765737], [12.435228, 55.765461], [12.43231, 55.764913], [12.432244, 55.764897], [12.4296, 55.764027], [12.426759, 55.76291], [12.424097, 55.761825], [12.420666, 55.761075], [12.417852, 55.761171], [12.415138, 55.761858], [12.411902, 55.763333], [12.409775, 55.764363], [12.406131, 55.766092], [12.402888, 55.767683], [12.400648, 55.768698], [12.395274, 55.771274], [12.3905, 55.7736], [12.388615, 55.774668], [12.3862, 55.776245], [12.383961, 55.777845], [12.38136, 55.77931], [12.37937, 55.780093], [12.373224, 55.782069], [12.368507, 55.783619], [12.365719, 55.784586], [12.363046, 55.785783], [12.361571, 55.786812], [12.360565, 55.788098], [12.36032, 55.789705], [12.360891, 55.791146], [12.362275, 55.792385], [12.364173, 55.793295], [12.367517, 55.794327], [12.371441, 55.795587], [12.373793, 55.796763], [12.375215, 55.798072], [12.377767, 55.801365], [12.378873, 55.80289], [12.379548, 55.804418], [12.379476, 55.805795], [12.378769, 55.807028], [12.376522, 55.809293], [12.373682, 55.812077]]}, "properties": {"shape_id": "2447", "route_id": "16449_109", "route_short_name": "B", "agency_id": "318"}}, {"type": "Feature", "geometry": {"type": "LineString", "coordinates": [[12.269331, 55.648741], [12.289007, 55.650921], [12.293057, 55.651433], [12.297069, 55.651873], [12.302171, 55.65241], [12.302941, 55.652488], [12.306946, 55.652839], [12.310185, 55.653165], [12.348456, 55.657395], [12.353148, 55.65795], [12.356998, 55.658339], [12.378497, 55.660706], [12.394431, 55.662505], [12.397902, 55.662913], [12.401645, 55.663339], [12.407614, 55.663929], [12.413572, 55.664581], [12.417258, 55.664901], [12.420455, 55.665082], [12.423801, 55.665141], [12.428235, 55.665098], [12.438323, 55.664951], [12.440201, 55.664952], [12.444821, 55.664858], [12.45437, 55.664724], [12.458628, 55.664676], [12.470809, 55.664449], [12.474336, 55.664403], [12.478672, 55.664325], [12.485647, 55.664226], [12.488518, 55.664144], [12.491492, 55.664131], [12.493748, 55.664103], [12.500991, 55.663986], [12.503462, 55.664042], [12.505741, 55.663913], [12.508128, 55.663917], [12.51132, 55.663862], [12.514372, 55.663837], [12.5191, 55.663702], [12.523119, 55.66364], [12.531457, 55.66349], [12.535312, 55.663379], [12.536024, 55.663341], [12.537292, 55.663286], [12.538621, 55.663203], [12.541496, 55.662805], [12.542394, 55.662707], [12.543011, 55.662671], [12.54363, 55.662662], [12.544668, 55.662704], [12.545711, 55.6628], [12.546387, 55.662897], [12.54705, 55.663013], [12.5477, 55.663165], [12.558024, 55.664394], [12.558413, 55.664473], [12.558804, 55.66457], [12.559164, 55.664685], [12.55951, 55.664819], [12.559909, 55.665005], [12.562396, 55.666291], [12.564835, 55.667568], [12.565208, 55.667818], [12.56569, 55.668218], [12.565939, 55.668507], [12.566157, 55.668807], [12.566406, 55.669267], [12.566529, 55.669749], [12.566541, 55.670225], [12.566441, 55.670705], [12.566311, 55.671023], [12.56592, 55.671619], [12.565448, 55.672199], [12.564894, 55.672755]]}, "properties": {"shape_id": "2448", "route_id": "16449_109", "route_short_name": "B", "agency_id": "318"}}, {"type": "Feature", "geometry": {"type": "LineString", "coordinates": [[12.269331, 55.648741], [12.289007, 55.650921], [12.293057, 55.651433], [12.297069, 55.651873], [12.302171, 55.65241], [12.302941, 55.652488], [12.306946, 55.652839], [12.310185, 55.653165], [12.348456, 55.657395], [12.353148, 55.65795], [12.356998, 55.658339], [12.378497, 55.660706], [12.394431, 55.662505], [12.397902, 55.662913], [12.401645, 55.663339], [12.407614, 55.663929], [12.413572, 55.664581], [12.417258, 55.664901], [12.420455, 55.665082], [12.423801, 55.665141], [12.428235, 55.665098], [12.438323, 55.664951], [12.440201, 55.664952], [12.444821, 55.664858], [12.45437, 55.664724], [12.458628, 55.664676], [12.470809, 55.664449], [12.474336, 55.664403], [12.478672, 55.664325], [12.485647, 55.664226], [12.488518, 55.664144], [12.491492, 55.664131], [12.493748, 55.664103], [12.500991, 55.663986], [12.503462, 55.664042], [12.505741, 55.663913], [12.508128, 55.663917], [12.51132, 55.663862], [12.514372, 55.663837], [12.5191, 55.663702], [12.523119, 55.66364], [12.531457, 55.66349], [12.535312, 55.663379], [12.536024, 55.663341], [12.537292, 55.663286], [12.538621, 55.663203], [12.541496, 55.662805], [12.542394, 55.662707], [12.543011, 55.662671], [12.54363, 55.662662], [12.544668, 55.662704], [12.545711, 55.6628], [12.546387, 55.662897], [12.54705, 55.663013], [12.5477, 55.663165], [12.558024, 55.664394], [12.558413, 55.664473], [12.558804, 55.66457], [12.559164, 55.664685], [12.55951, 55.664819], [12.559909, 55.665005], [12.562396, 55.666291], [12.564835, 55.667568], [12.565208, 55.667818], [12.56569, 55.668218], [12.565939, 55.668507], [12.566157, 55.668807], [12.566406, 55.669267], [12.566529, 55.669749], [12.566541, 55.670225], [12.566441, 55.670705], [12.566311, 55.671023], [12.56592, 55.671619], [12.565448, 55.672199], [12.564894, 55.672755], [12.564471, 55.673001], [12.563903, 55.673413], [12.56358, 55.673701], [12.563177, 55.674172], [12.562952, 55.674493], [12.562711, 55.674995], [12.562614, 55.67533], [12.562566, 55.675673], [12.562567, 55.676033], [12.562595, 55.676347], [12.562686, 55.67665], [12.562887, 55.677102], [12.563197, 55.677543], [12.563461, 55.677814], [12.563771, 55.678075], [12.563926, 55.678205], [12.566925, 55.679862], [12.570342, 55.682425], [12.571245, 55.683073], [12.572231, 55.683772], [12.574645, 55.685275], [12.57656, 55.686559], [12.580036, 55.688535], [12.581921, 55.689478], [12.583845, 55.690501], [12.587131, 55.692482], [12.587571, 55.692766], [12.590621, 55.69461], [12.590794, 55.694758], [12.591124, 55.695054], [12.59155, 55.695536], [12.59185, 55.69603], [12.592057, 55.696546], [12.592138, 55.696903], [12.592154, 55.697433], [12.592059, 55.697958], [12.591365, 55.703229], [12.590943, 55.70522], [12.590774, 55.705638], [12.589962, 55.70755], [12.588928, 55.70964], [12.588619, 55.710098], [12.588263, 55.710549], [12.587653, 55.711197], [12.587197, 55.711606], [12.586424, 55.712204], [12.585566, 55.71275], [12.582177, 55.714351], [12.578328, 55.715812], [12.57822, 55.715851], [12.575376, 55.716626], [12.574703, 55.716754], [12.573665, 55.716901], [12.57297, 55.716966], [12.572257, 55.717005], [12.57119, 55.717009], [12.567438, 55.717082], [12.566043, 55.717159], [12.565183, 55.717166], [12.564317, 55.717101], [12.563479, 55.716991], [12.562666, 55.716816], [12.561897, 55.716587], [12.561187, 55.716311], [12.560552, 55.715988], [12.559598, 55.715305], [12.557672, 55.713922], [12.555331, 55.712695], [12.553567, 55.712045], [12.553125, 55.711905], [12.552668, 55.711783], [12.55194, 55.71166], [12.551201, 55.711592], [12.55069, 55.71158], [12.550198, 55.711594], [12.549441, 55.711679], [12.548971, 55.711764], [12.54827, 55.711938], [12.547638, 55.712172], [12.547074, 55.712449], [12.546743, 55.712665], [12.54643, 55.712899], [12.546065, 55.713269], [12.545966, 55.713398], [12.545314, 55.714999], [12.541806, 55.719704], [12.540979, 55.720951], [12.540389, 55.721822], [12.539772, 55.723279], [12.537201, 55.73007], [12.536369, 55.731973], [12.53584, 55.732644], [12.534626, 55.734199], [12.532754, 55.7357], [12.530756, 55.736864], [12.528857, 55.737719], [12.523897, 55.739453], [12.523325, 55.73964], [12.517038, 55.741691], [12.509628, 55.744187], [12.508465, 55.744553], [12.506172, 55.745283], [12.503094, 55.745983], [12.496966, 55.746787], [12.494562, 55.747179], [12.493977, 55.747241]]}, "properties": {"shape_id": "2449", "route_id": "16449_109", "route_short_name": "B", "agency_id": "318"}}, {"type": "Feature", "geometry": {"type": "LineString", "coordinates": [[12.578328, 55.715812], [12.57822, 55.715851], [12.575376, 55.716626], [12.574703, 55.716754], [12.573665, 55.716901], [12.57297, 55.716966], [12.572257, 55.717005], [12.57119, 55.717009], [12.567438, 55.717082], [12.566043, 55.717159], [12.565183, 55.717166], [12.564317, 55.717101], [12.563479, 55.716991], [12.562666, 55.716816], [12.561897, 55.716587], [12.561187, 55.716311], [12.560552, 55.715988], [12.559598, 55.715305], [12.557672, 55.713922], [12.555331, 55.712695], [12.553567, 55.712045], [12.553125, 55.711905], [12.552668, 55.711783], [12.55194, 55.71166], [12.551201, 55.711592], [12.55069, 55.71158], [12.550198, 55.711594], [12.549441, 55.711679], [12.548971, 55.711764], [12.54827, 55.711938], [12.547638, 55.712172], [12.547074, 55.712449], [12.546743, 55.712665], [12.54643, 55.712899], [12.546065, 55.713269], [12.545966, 55.713398], [12.545314, 55.714999], [12.541806, 55.719704], [12.540979, 55.720951], [12.540389, 55.721822], [12.539772, 55.723279], [12.537201, 55.73007], [12.536369, 55.731973], [12.53584, 55.732644], [12.534626, 55.734199], [12.532754, 55.7357], [12.530756, 55.736864], [12.528857, 55.737719], [12.523897, 55.739453], [12.523325, 55.73964], [12.517038, 55.741691], [12.509628, 55.744187], [12.508465, 55.744553], [12.506172, 55.745283], [12.503094, 55.745983], [12.496966, 55.746787], [12.494562, 55.747179], [12.493977, 55.747241], [12.489461, 55.74772], [12.48647, 55.748146], [12.482946, 55.7492], [12.480084, 55.750719], [12.478587, 55.751994], [12.476837, 55.754003], [12.475397, 55.755195], [12.473671, 55.756404], [12.473339, 55.756611], [12.469814, 55.758761], [12.466633, 55.7601], [12.464081, 55.76064], [12.458819, 55.761175], [12.455266, 55.761572], [12.453515, 55.761792], [12.452679, 55.761887], [12.449988, 55.762475], [12.443016, 55.765153], [12.440637, 55.765669], [12.437581, 55.765737], [12.435228, 55.765461], [12.43231, 55.764913], [12.432244, 55.764897], [12.4296, 55.764027], [12.426759, 55.76291], [12.424097, 55.761825], [12.420666, 55.761075], [12.417852, 55.761171], [12.415138, 55.761858], [12.411902, 55.763333], [12.409775, 55.764363], [12.406131, 55.766092], [12.402888, 55.767683], [12.400648, 55.768698], [12.395274, 55.771274], [12.3905, 55.7736], [12.388615, 55.774668], [12.3862, 55.776245], [12.383961, 55.777845], [12.38136, 55.77931], [12.37937, 55.780093], [12.373224, 55.782069], [12.368507, 55.783619], [12.365719, 55.784586], [12.363046, 55.785783], [12.361571, 55.786812], [12.360565, 55.788098], [12.36032, 55.789705], [12.360891, 55.791146], [12.362275, 55.792385], [12.364173, 55.793295], [12.367517, 55.794327], [12.371441, 55.795587], [12.373793, 55.796763], [12.375215, 55.798072], [12.377767, 55.801365], [12.378873, 55.80289], [12.379548, 55.804418], [12.379476, 55.805795], [12.378769, 55.807028], [12.376522, 55.809293], [12.373682, 55.812077]]}, "properties": {"shape_id": "2450", "route_id": "16449_109", "route_short_name": "B", "agency_id": "318"}}, {"type": "Feature", "geometry": {"type": "LineString", "coordinates": [[12.587571, 55.692766], [12.587131, 55.692482], [12.583845, 55.690501], [12.581921, 55.689478], [12.580036, 55.688535], [12.57656, 55.686559], [12.574645, 55.685275], [12.572231, 55.683772], [12.571245, 55.683073], [12.570342, 55.682425], [12.566925, 55.679862], [12.563926, 55.678205], [12.563771, 55.678075], [12.563461, 55.677814], [12.563197, 55.677543], [12.562887, 55.677102], [12.562686, 55.67665], [12.562595, 55.676347], [12.562567, 55.676033], [12.562566, 55.675673], [12.562614, 55.67533], [12.562711, 55.674995], [12.562952, 55.674493], [12.563177, 55.674172], [12.56358, 55.673701], [12.563903, 55.673413], [12.564471, 55.673001], [12.564894, 55.672755]]}, "properties": {"shape_id": "2443", "route_id": "16451_109", "route_short_name": "C", "agency_id": "318"}}, {"type": "Feature", "geometry": {"type": "LineString", "coordinates": [[12.564894, 55.672755], [12.565448, 55.672199], [12.56592, 55.671619], [12.566311, 55.671023], [12.566441, 55.670705], [12.566541, 55.670225], [12.566529, 55.669749], [12.566406, 55.669267], [12.566157, 55.668807], [12.565939, 55.668507], [12.56569, 55.668218], [12.565208, 55.667818], [12.564835, 55.667568], [12.562396, 55.666291], [12.559909, 55.665005], [12.55951, 55.664819], [12.559164, 55.664685], [12.558804, 55.66457], [12.558413, 55.664473], [12.558024, 55.664394], [12.5477, 55.663165], [12.54705, 55.663013], [12.546387, 55.662897], [12.545711, 55.6628], [12.544668, 55.662704], [12.54363, 55.662662], [12.543011, 55.662671], [12.542394, 55.662707], [12.541496, 55.662805], [12.538621, 55.663203], [12.537181, 55.663289], [12.536024, 55.663341], [12.535312, 55.663379], [12.531457, 55.66349], [12.523119, 55.66364], [12.5191, 55.663702], [12.514372, 55.663837], [12.51132, 55.663862], [12.510433, 55.663905], [12.509583, 55.66401], [12.50902, 55.664116], [12.50849, 55.664239], [12.507963, 55.664389], [12.50747, 55.664565], [12.506781, 55.664864], [12.50616, 55.665214], [12.505785, 55.665468], [12.505294, 55.66585], [12.504869, 55.666258], [12.504542, 55.66669], [12.504336, 55.667056], [12.50411, 55.667548], [12.503995, 55.668046], [12.503962, 55.668388], [12.504007, 55.66889], [12.504176, 55.669353], [12.504392, 55.669815], [12.504786, 55.670487], [12.505096, 55.670927], [12.505251, 55.671238], [12.505359, 55.671549], [12.505404, 55.671872], [12.505414, 55.672348], [12.505381, 55.672511], [12.504273, 55.67631], [12.50378, 55.677907], [12.503475, 55.67859], [12.503337, 55.679007], [12.503091, 55.679464], [12.499235, 55.684924], [12.499047, 55.685136], [12.498692, 55.685434], [12.498303, 55.685715], [12.497816, 55.685962], [12.497292, 55.686157], [12.496826, 55.686287], [12.496014, 55.686454], [12.495164, 55.686568], [12.492203, 55.687093], [12.490624, 55.687408], [12.486133, 55.688273], [12.482965, 55.688804], [12.482089, 55.688981], [12.481514, 55.689142], [12.480585, 55.689429], [12.479457, 55.689811], [12.478381, 55.690238], [12.477172, 55.690784], [12.475521, 55.69155], [12.475034, 55.691807], [12.474565, 55.692081], [12.473935, 55.692521], [12.473102, 55.693174], [12.472703, 55.693527], [12.472322, 55.693889], [12.471848, 55.694469], [12.470689, 55.69612], [12.469238, 55.699506], [12.467757, 55.703279], [12.466735, 55.705763], [12.465624, 55.707601], [12.464302, 55.709212], [12.464098, 55.709425], [12.462983, 55.710499], [12.461107, 55.711973], [12.459403, 55.713064], [12.457533, 55.714061], [12.455295, 55.715059], [12.453042, 55.715877], [12.443621, 55.718867], [12.442769, 55.719133], [12.438868, 55.720241], [12.435662, 55.720915], [12.432556, 55.721281], [12.428958, 55.721489], [12.414823, 55.721982], [12.411467, 55.722228], [12.406258, 55.722769], [12.403601, 55.722995], [12.396362, 55.723654], [12.386029, 55.724641], [12.380468, 55.725181], [12.374966, 55.725674], [12.370025, 55.726197], [12.366076, 55.726962], [12.3622, 55.728201], [12.359627, 55.729224], [12.358276, 55.729819], [12.355813, 55.73083], [12.354012, 55.731742], [12.351761, 55.732811], [12.348329, 55.734037], [12.34588, 55.73503], [12.334803, 55.739674], [12.329621, 55.741883], [12.323447, 55.74481], [12.320952, 55.746029], [12.318217, 55.747415], [12.314931, 55.748889], [12.311278, 55.749985], [12.307676, 55.750559], [12.304637, 55.750821], [12.298388, 55.751187], [12.286624, 55.751961], [12.274417, 55.752763], [12.271323, 55.752756], [12.26832, 55.752494], [12.26349, 55.751733], [12.260435, 55.751229], [12.257918, 55.750865], [12.255311, 55.750574], [12.252952, 55.750385], [12.250678, 55.750256], [12.242892, 55.749986], [12.24037, 55.749944], [12.238389, 55.750078], [12.237246, 55.750144], [12.234112, 55.750604], [12.231078, 55.751313], [12.227891, 55.752098], [12.224107, 55.752791], [12.220828, 55.753048], [12.21727, 55.753204], [12.21457, 55.753518], [12.212107, 55.754005], [12.209379, 55.754759], [12.200231, 55.757515], [12.197206, 55.758547], [12.194589, 55.759883], [12.19246, 55.761727], [12.191186, 55.763891], [12.190318, 55.766341], [12.185481, 55.779952], [12.184661, 55.782023], [12.183249, 55.784083], [12.181556, 55.785619], [12.179614, 55.786856], [12.177437, 55.787937], [12.171061, 55.790763], [12.16324, 55.794282], [12.16004, 55.795551], [12.159713, 55.79565], [12.15705, 55.796464], [12.153823, 55.79741], [12.150364, 55.798452], [12.147815, 55.799497], [12.14566, 55.800676], [12.138076, 55.805015], [12.135615, 55.806363], [12.131693, 55.808018], [12.127945, 55.809058], [12.124704, 55.809644], [12.121139, 55.809977], [12.115626, 55.810315], [12.111654, 55.81055], [12.108668, 55.810743], [12.10563, 55.811089], [12.101774, 55.81178], [12.099098, 55.812459], [12.096562, 55.813305], [12.093534, 55.814568], [12.089678, 55.816481], [12.081894, 55.820416], [12.078704, 55.822078], [12.076397, 55.823601], [12.074882, 55.825051], [12.073068, 55.827155], [12.071698, 55.828816], [12.07034, 55.830433], [12.069063, 55.831867], [12.06765, 55.833394], [12.065326, 55.83614]]}, "properties": {"shape_id": "2451", "route_id": "16451_109", "route_short_name": "C", "agency_id": "318"}}, {"type": "Feature", "geometry": {"type": "LineString", "coordinates": [[12.588068, 55.777481], [12.588666, 55.776007], [12.589222, 55.774768], [12.589596, 55.773453], [12.588944, 55.771737], [12.587045, 55.769823], [12.58589, 55.768364], [12.585208, 55.767017], [12.584408, 55.764559], [12.583876, 55.76328], [12.583727, 55.76305], [12.582927, 55.761806], [12.581757, 55.760527], [12.580106, 55.758867], [12.573972, 55.753174], [12.572345, 55.751774], [12.57126, 55.750726], [12.567289, 55.747389], [12.56567, 55.745548], [12.56482, 55.744098], [12.564302, 55.74209], [12.564248, 55.741147], [12.564643, 55.739193], [12.565434, 55.737552], [12.56625, 55.733922], [12.56708, 55.730967], [12.567583, 55.729145], [12.568321, 55.726939], [12.569237, 55.724754], [12.570873, 55.72173], [12.572105, 55.719527], [12.57247, 55.718986], [12.572917, 55.718469], [12.573461, 55.717977], [12.574105, 55.717527], [12.574799, 55.717111], [12.575577, 55.716728], [12.578328, 55.715812], [12.582177, 55.714351], [12.585566, 55.71275], [12.586424, 55.712204], [12.587197, 55.711606], [12.587653, 55.711197], [12.588263, 55.710549], [12.588619, 55.710098], [12.588928, 55.70964], [12.589962, 55.70755], [12.590774, 55.705638], [12.590943, 55.70522], [12.591365, 55.703229], [12.592059, 55.697958], [12.592154, 55.697433], [12.592138, 55.696903], [12.592057, 55.696546], [12.59185, 55.69603], [12.59155, 55.695536], [12.591124, 55.695054], [12.590794, 55.694758], [12.590621, 55.69461], [12.587571, 55.692766], [12.587131, 55.692482], [12.583845, 55.690501], [12.581921, 55.689478], [12.580036, 55.688535], [12.57656, 55.686559], [12.574645, 55.685275], [12.572231, 55.683772], [12.571245, 55.683073], [12.570342, 55.682425], [12.566925, 55.679862], [12.563926, 55.678205], [12.563771, 55.678075], [12.563461, 55.677814], [12.563197, 55.677543], [12.562887, 55.677102], [12.562686, 55.67665], [12.562595, 55.676347], [12.562567, 55.676033], [12.562566, 55.675673], [12.562614, 55.67533], [12.562711, 55.674995], [12.562952, 55.674493], [12.563177, 55.674172], [12.56358, 55.673701], [12.563903, 55.673413], [12.564471, 55.673001], [12.564894, 55.672755], [12.565448, 55.672199], [12.56592, 55.671619], [12.566311, 55.671023], [12.566441, 55.670705], [12.566541, 55.670225], [12.566529, 55.669749], [12.566406, 55.669267], [12.566157, 55.668807], [12.565939, 55.668507], [12.56569, 55.668218], [12.565208, 55.667818], [12.564835, 55.667568], [12.562396, 55.666291], [12.559909, 55.665005], [12.55951, 55.664819], [12.559164, 55.664685], [12.558804, 55.66457], [12.558413, 55.664473], [12.558024, 55.664394], [12.5477, 55.663165], [12.54705, 55.663013], [12.546387, 55.662897], [12.545711, 55.6628], [12.544668, 55.662704], [12.54363, 55.662662], [12.543011, 55.662671], [12.542394, 55.662707], [12.541496, 55.662805], [12.538621, 55.663203], [12.537181, 55.663289], [12.536024, 55.663341], [12.535312, 55.663379], [12.531457, 55.66349], [12.523119, 55.66364], [12.5191, 55.663702], [12.514372, 55.663837], [12.51132, 55.663862], [12.510433, 55.663905], [12.509583, 55.66401], [12.50902, 55.664116], [12.50849, 55.664239], [12.507963, 55.664389], [12.50747, 55.664565], [12.506781, 55.664864], [12.50616, 55.665214], [12.505785, 55.665468], [12.505294, 55.66585], [12.504869, 55.666258], [12.504542, 55.66669], [12.504336, 55.667056], [12.50411, 55.667548], [12.503995, 55.668046], [12.503962, 55.668388], [12.504007, 55.66889], [12.504176, 55.669353], [12.504392, 55.669815], [12.504786, 55.670487], [12.505096, 55.670927], [12.505251, 55.671238], [12.505359, 55.671549], [12.505404, 55.671872], [12.505414, 55.672348], [12.505381, 55.672511], [12.504273, 55.67631], [12.50378, 55.677907], [12.503475, 55.67859], [12.503337, 55.679007], [12.503091, 55.679464], [12.499235, 55.684924], [12.499047, 55.685136], [12.498692, 55.685434], [12.498303, 55.685715], [12.497816, 55.685962], [12.497292, 55.686157], [12.496826, 55.686287], [12.496014, 55.686454], [12.495164, 55.686568], [12.492203, 55.687093], [12.490624, 55.687408], [12.486133, 55.688273], [12.482965, 55.688804], [12.482089, 55.688981], [12.481514, 55.689142], [12.480585, 55.689429], [12.479457, 55.689811], [12.478381, 55.690238], [12.477172, 55.690784], [12.475521, 55.69155], [12.475034, 55.691807], [12.474565, 55.692081], [12.473935, 55.692521], [12.473102, 55.693174], [12.472703, 55.693527], [12.472322, 55.693889], [12.471848, 55.694469], [12.470689, 55.69612], [12.469238, 55.699506], [12.467757, 55.703279], [12.466735, 55.705763], [12.465624, 55.707601], [12.464302, 55.709212], [12.464098, 55.709425], [12.462983, 55.710499], [12.461107, 55.711973], [12.459403, 55.713064], [12.457533, 55.714061], [12.455295, 55.715059], [12.453042, 55.715877], [12.443621, 55.718867], [12.442769, 55.719133], [12.438868, 55.720241], [12.435662, 55.720915], [12.432556, 55.721281], [12.428958, 55.721489], [12.414823, 55.721982], [12.411467, 55.722228], [12.406258, 55.722769], [12.403601, 55.722995], [12.396362, 55.723654], [12.386029, 55.724641], [12.380468, 55.725181], [12.374966, 55.725674], [12.370025, 55.726197], [12.366076, 55.726962], [12.3622, 55.728201], [12.359627, 55.729224], [12.358276, 55.729819], [12.355813, 55.73083], [12.354012, 55.731742], [12.351761, 55.732811], [12.348329, 55.734037], [12.34588, 55.73503], [12.334803, 55.739674], [12.329621, 55.741883], [12.323447, 55.74481], [12.320952, 55.746029], [12.318217, 55.747415], [12.314931, 55.748889], [12.311278, 55.749985], [12.307676, 55.750559], [12.304637, 55.750821], [12.298388, 55.751187], [12.286624, 55.751961], [12.274417, 55.752763], [12.271323, 55.752756], [12.26832, 55.752494], [12.26349, 55.751733], [12.260435, 55.751229], [12.257918, 55.750865], [12.255311, 55.750574], [12.252952, 55.750385], [12.250678, 55.750256], [12.242892, 55.749986], [12.24037, 55.749944], [12.238389, 55.750078], [12.237246, 55.750144], [12.234112, 55.750604], [12.231078, 55.751313], [12.227891, 55.752098], [12.224107, 55.752791], [12.220828, 55.753048], [12.21727, 55.753204], [12.21457, 55.753518], [12.212107, 55.754005], [12.209379, 55.754759], [12.200231, 55.757515], [12.197206, 55.758547], [12.194589, 55.759883], [12.19246, 55.761727], [12.191186, 55.763891], [12.190318, 55.766341], [12.185481, 55.779952], [12.184661, 55.782023], [12.183249, 55.784083], [12.181556, 55.785619], [12.179614, 55.786856], [12.177437, 55.787937], [12.171061, 55.790763], [12.16324, 55.794282], [12.16004, 55.795551], [12.159713, 55.79565], [12.15705, 55.796464], [12.153823, 55.79741], [12.150364, 55.798452], [12.147815, 55.799497], [12.14566, 55.800676], [12.138076, 55.805015], [12.135615, 55.806363], [12.131693, 55.808018], [12.127945, 55.809058], [12.124704, 55.809644], [12.121139, 55.809977], [12.115626, 55.810315], [12.111654, 55.81055], [12.108668, 55.810743], [12.10563, 55.811089], [12.101774, 55.81178], [12.099098, 55.812459], [12.096562, 55.813305], [12.093534, 55.814568], [12.089678, 55.816481], [12.081894, 55.820416], [12.078704, 55.822078], [12.076397, 55.823601], [12.074882, 55.825051], [12.073068, 55.827155], [12.071698, 55.828816], [12.07034, 55.830433], [12.069063, 55.831867], [12.06765, 55.833394], [12.065326, 55.83614]]}, "properties": {"shape_id": "2452", "route_id": "16451_109", "route_short_name": "C", "agency_id": "318"}}, {"type": "Feature", "geometry": {"type": "LineString", "coordinates": [[12.588068, 55.777481], [12.588666, 55.776007], [12.589222, 55.774768], [12.589596, 55.773453], [12.588944, 55.771737], [12.587045, 55.769823], [12.58589, 55.768364], [12.585208, 55.767017], [12.584408, 55.764559], [12.583876, 55.76328], [12.583727, 55.76305], [12.582927, 55.761806], [12.581757, 55.760527], [12.580106, 55.758867], [12.573972, 55.753174], [12.572345, 55.751774], [12.57126, 55.750726], [12.567289, 55.747389], [12.56567, 55.745548], [12.56482, 55.744098], [12.564302, 55.74209], [12.564248, 55.741147], [12.564643, 55.739193], [12.565434, 55.737552], [12.56625, 55.733922], [12.56708, 55.730967], [12.567583, 55.729145], [12.568321, 55.726939], [12.569237, 55.724754], [12.570873, 55.72173], [12.572105, 55.719527], [12.57247, 55.718986], [12.572917, 55.718469], [12.573461, 55.717977], [12.574105, 55.717527], [12.574799, 55.717111], [12.575577, 55.716728], [12.578328, 55.715812], [12.582177, 55.714351], [12.585566, 55.71275], [12.586424, 55.712204], [12.587197, 55.711606], [12.587653, 55.711197], [12.588263, 55.710549], [12.588619, 55.710098], [12.588928, 55.70964], [12.589962, 55.70755], [12.590774, 55.705638], [12.590943, 55.70522], [12.591365, 55.703229], [12.592059, 55.697958], [12.592154, 55.697433], [12.592138, 55.696903], [12.592057, 55.696546], [12.59185, 55.69603], [12.59155, 55.695536], [12.591124, 55.695054], [12.590794, 55.694758], [12.590621, 55.69461], [12.587571, 55.692766], [12.587131, 55.692482], [12.583845, 55.690501], [12.581921, 55.689478], [12.580036, 55.688535], [12.57656, 55.686559], [12.574645, 55.685275], [12.572231, 55.683772], [12.571245, 55.683073], [12.570342, 55.682425], [12.566925, 55.679862], [12.563926, 55.678205], [12.563771, 55.678075], [12.563461, 55.677814], [12.563197, 55.677543], [12.562887, 55.677102], [12.562686, 55.67665], [12.562595, 55.676347], [12.562567, 55.676033], [12.562566, 55.675673], [12.562614, 55.67533], [12.562711, 55.674995], [12.562952, 55.674493], [12.563177, 55.674172], [12.56358, 55.673701], [12.563903, 55.673413], [12.564471, 55.673001], [12.564894, 55.672755]]}, "properties": {"shape_id": "2453", "route_id": "16451_109", "route_short_name": "C", "agency_id": "318"}}, {"type": "Feature", "geometry": {"type": "LineString", "coordinates": [[12.587571, 55.692766], [12.587131, 55.692482], [12.583845, 55.690501], [12.581921, 55.689478], [12.580036, 55.688535], [12.57656, 55.686559], [12.574645, 55.685275], [12.572231, 55.683772], [12.571245, 55.683073], [12.570342, 55.682425], [12.566925, 55.679862], [12.563926, 55.678205], [12.563771, 55.678075], [12.563461, 55.677814], [12.563197, 55.677543], [12.562887, 55.677102], [12.562686, 55.67665], [12.562595, 55.676347], [12.562567, 55.676033], [12.562566, 55.675673], [12.562614, 55.67533], [12.562711, 55.674995], [12.562952, 55.674493], [12.563177, 55.674172], [12.56358, 55.673701], [12.563903, 55.673413], [12.564471, 55.673001], [12.564894, 55.672755], [12.565448, 55.672199], [12.56592, 55.671619], [12.566311, 55.671023], [12.566441, 55.670705], [12.566541, 55.670225], [12.566529, 55.669749], [12.566406, 55.669267], [12.566157, 55.668807], [12.565939, 55.668507], [12.56569, 55.668218], [12.565208, 55.667818], [12.564835, 55.667568], [12.562396, 55.666291], [12.559909, 55.665005], [12.55951, 55.664819], [12.559164, 55.664685], [12.558804, 55.66457], [12.558413, 55.664473], [12.558024, 55.664394], [12.5477, 55.663165], [12.54705, 55.663013], [12.546387, 55.662897], [12.545711, 55.6628], [12.544668, 55.662704], [12.54363, 55.662662], [12.543011, 55.662671], [12.542394, 55.662707], [12.541496, 55.662805], [12.538621, 55.663203], [12.537181, 55.663289], [12.536024, 55.663341], [12.535312, 55.663379], [12.531457, 55.66349], [12.523119, 55.66364], [12.5191, 55.663702], [12.514372, 55.663837], [12.51132, 55.663862], [12.510433, 55.663905], [12.509583, 55.66401], [12.50902, 55.664116], [12.50849, 55.664239], [12.507963, 55.664389], [12.50747, 55.664565], [12.506781, 55.664864], [12.50616, 55.665214], [12.505785, 55.665468], [12.505294, 55.66585], [12.504869, 55.666258], [12.504542, 55.66669], [12.504336, 55.667056], [12.50411, 55.667548], [12.503995, 55.668046], [12.503962, 55.668388], [12.504007, 55.66889], [12.504176, 55.669353], [12.504392, 55.669815], [12.504786, 55.670487], [12.505096, 55.670927], [12.505251, 55.671238], [12.505359, 55.671549], [12.505404, 55.671872], [12.505414, 55.672348], [12.505381, 55.672511], [12.504273, 55.67631], [12.50378, 55.677907], [12.503475, 55.67859], [12.503337, 55.679007], [12.503091, 55.679464], [12.499235, 55.684924], [12.499047, 55.685136], [12.498692, 55.685434], [12.498303, 55.685715], [12.497816, 55.685962], [12.497292, 55.686157], [12.496826, 55.686287], [12.496014, 55.686454], [12.495164, 55.686568], [12.492203, 55.687093], [12.490624, 55.687408], [12.486133, 55.688273], [12.482965, 55.688804], [12.482089, 55.688981], [12.481514, 55.689142], [12.480585, 55.689429], [12.479457, 55.689811], [12.478381, 55.690238], [12.477172, 55.690784], [12.475521, 55.69155], [12.475034, 55.691807], [12.474565, 55.692081], [12.473935, 55.692521], [12.473102, 55.693174], [12.472703, 55.693527], [12.472322, 55.693889], [12.471848, 55.694469], [12.470689, 55.69612], [12.469238, 55.699506], [12.467757, 55.703279], [12.466735, 55.705763], [12.465624, 55.707601], [12.464302, 55.709212], [12.464098, 55.709425], [12.462983, 55.710499], [12.461107, 55.711973], [12.459403, 55.713064], [12.457533, 55.714061], [12.455295, 55.715059], [12.453042, 55.715877], [12.443621, 55.718867], [12.442769, 55.719133], [12.438868, 55.720241], [12.435662, 55.720915], [12.432556, 55.721281], [12.428958, 55.721489], [12.414823, 55.721982], [12.411467, 55.722228], [12.406258, 55.722769], [12.403601, 55.722995], [12.396362, 55.723654], [12.386029, 55.724641], [12.380468, 55.725181], [12.374966, 55.725674], [12.370025, 55.726197], [12.366076, 55.726962], [12.3622, 55.728201], [12.359627, 55.729224], [12.358276, 55.729819], [12.355813, 55.73083], [12.354012, 55.731742], [12.351761, 55.732811], [12.348329, 55.734037], [12.34588, 55.73503], [12.334803, 55.739674], [12.329621, 55.741883], [12.323447, 55.74481], [12.320952, 55.746029], [12.318217, 55.747415], [12.314931, 55.748889], [12.311278, 55.749985], [12.307676, 55.750559], [12.304637, 55.750821], [12.298388, 55.751187], [12.286624, 55.751961], [12.274417, 55.752763], [12.271323, 55.752756], [12.26832, 55.752494], [12.26349, 55.751733], [12.260435, 55.751229], [12.257918, 55.750865], [12.255311, 55.750574], [12.252952, 55.750385], [12.250678, 55.750256], [12.242892, 55.749986], [12.24037, 55.749944], [12.238389, 55.750078], [12.237246, 55.750144], [12.234112, 55.750604], [12.231078, 55.751313], [12.227891, 55.752098], [12.224107, 55.752791], [12.220828, 55.753048], [12.21727, 55.753204], [12.21457, 55.753518], [12.212107, 55.754005], [12.209379, 55.754759], [12.200231, 55.757515], [12.197206, 55.758547], [12.194589, 55.759883], [12.19246, 55.761727], [12.191186, 55.763891], [12.190318, 55.766341], [12.185481, 55.779952], [12.184661, 55.782023], [12.183249, 55.784083], [12.181556, 55.785619], [12.179614, 55.786856], [12.177437, 55.787937], [12.171061, 55.790763], [12.16324, 55.794282], [12.16004, 55.795551], [12.159713, 55.79565], [12.15705, 55.796464], [12.153823, 55.79741], [12.150364, 55.798452], [12.147815, 55.799497], [12.14566, 55.800676], [12.138076, 55.805015], [12.135615, 55.806363], [12.131693, 55.808018], [12.127945, 55.809058], [12.124704, 55.809644], [12.121139, 55.809977], [12.115626, 55.810315], [12.111654, 55.81055], [12.108668, 55.810743], [12.10563, 55.811089], [12.101774, 55.81178], [12.099098, 55.812459], [12.096562, 55.813305], [12.093534, 55.814568], [12.089678, 55.816481], [12.081894, 55.820416], [12.078704, 55.822078], [12.076397, 55.823601], [12.074882, 55.825051], [12.073068, 55.827155], [12.071698, 55.828816], [12.07034, 55.830433], [12.069063, 55.831867], [12.06765, 55.833394], [12.065326, 55.83614]]}, "properties": {"shape_id": "2454", "route_id": "16451_109", "route_short_name": "C", "agency_id": "318"}}, {"type": "Feature", "geometry": {"type": "LineString", "coordinates": [[12.514372, 55.663837], [12.51132, 55.663862], [12.510433, 55.663905], [12.509583, 55.66401], [12.50902, 55.664116], [12.50849, 55.664239], [12.507963, 55.664389], [12.50747, 55.664565], [12.506781, 55.664864], [12.50616, 55.665214], [12.505785, 55.665468], [12.505294, 55.66585], [12.504869, 55.666258], [12.504542, 55.66669], [12.504336, 55.667056], [12.50411, 55.667548], [12.503995, 55.668046], [12.503962, 55.668388], [12.504007, 55.66889], [12.504176, 55.669353], [12.504392, 55.669815], [12.504786, 55.670487], [12.505096, 55.670927], [12.505251, 55.671238], [12.505359, 55.671549], [12.505404, 55.671872], [12.505414, 55.672348], [12.505381, 55.672511], [12.504273, 55.67631], [12.50378, 55.677907], [12.503475, 55.67859], [12.503337, 55.679007], [12.503091, 55.679464], [12.499235, 55.684924], [12.499047, 55.685136], [12.498692, 55.685434], [12.498303, 55.685715], [12.497816, 55.685962], [12.497292, 55.686157], [12.496826, 55.686287], [12.496014, 55.686454], [12.495164, 55.686568], [12.492203, 55.687093], [12.490624, 55.687408], [12.486133, 55.688273], [12.482965, 55.688804], [12.482089, 55.688981], [12.481514, 55.689142], [12.480585, 55.689429], [12.479457, 55.689811], [12.478381, 55.690238], [12.477172, 55.690784], [12.475521, 55.69155], [12.475034, 55.691807], [12.474565, 55.692081], [12.473935, 55.692521], [12.473102, 55.693174], [12.472703, 55.693527], [12.472322, 55.693889], [12.471848, 55.694469], [12.470689, 55.69612], [12.469238, 55.699506], [12.467757, 55.703279], [12.466735, 55.705763], [12.465624, 55.707601], [12.464302, 55.709212], [12.464098, 55.709425], [12.462983, 55.710499], [12.461107, 55.711973], [12.459403, 55.713064], [12.457533, 55.714061], [12.455295, 55.715059], [12.453042, 55.715877], [12.443621, 55.718867], [12.442769, 55.719133], [12.438868, 55.720241], [12.435662, 55.720915], [12.432556, 55.721281], [12.428958, 55.721489], [12.414823, 55.721982], [12.411467, 55.722228], [12.406258, 55.722769], [12.403601, 55.722995], [12.396362, 55.723654], [12.386029, 55.724641], [12.380468, 55.725181], [12.374966, 55.725674], [12.370025, 55.726197], [12.366076, 55.726962], [12.3622, 55.728201], [12.359627, 55.729224], [12.358276, 55.729819], [12.355813, 55.73083], [12.354012, 55.731742], [12.351761, 55.732811], [12.348329, 55.734037], [12.34588, 55.73503], [12.334803, 55.739674], [12.329621, 55.741883], [12.323447, 55.74481], [12.320952, 55.746029], [12.318217, 55.747415], [12.314931, 55.748889], [12.311278, 55.749985], [12.307676, 55.750559], [12.304637, 55.750821], [12.298388, 55.751187], [12.286624, 55.751961], [12.274417, 55.752763], [12.271323, 55.752756], [12.26832, 55.752494], [12.26349, 55.751733], [12.260435, 55.751229], [12.257918, 55.750865], [12.255311, 55.750574], [12.252952, 55.750385], [12.250678, 55.750256], [12.242892, 55.749986], [12.24037, 55.749944], [12.238389, 55.750078], [12.237246, 55.750144], [12.234112, 55.750604], [12.231078, 55.751313], [12.227891, 55.752098], [12.224107, 55.752791], [12.220828, 55.753048], [12.21727, 55.753204], [12.21457, 55.753518], [12.212107, 55.754005], [12.209379, 55.754759], [12.200231, 55.757515], [12.197206, 55.758547], [12.194589, 55.759883], [12.19246, 55.761727], [12.191186, 55.763891], [12.190318, 55.766341], [12.185481, 55.779952], [12.184661, 55.782023], [12.183249, 55.784083], [12.181556, 55.785619], [12.179614, 55.786856], [12.177437, 55.787937], [12.171061, 55.790763], [12.16324, 55.794282], [12.16004, 55.795551], [12.159713, 55.79565], [12.15705, 55.796464], [12.153823, 55.79741], [12.150364, 55.798452], [12.147815, 55.799497], [12.14566, 55.800676], [12.138076, 55.805015], [12.135615, 55.806363], [12.131693, 55.808018], [12.127945, 55.809058], [12.124704, 55.809644], [12.121139, 55.809977], [12.115626, 55.810315], [12.111654, 55.81055], [12.108668, 55.810743], [12.10563, 55.811089], [12.101774, 55.81178], [12.099098, 55.812459], [12.096562, 55.813305], [12.093534, 55.814568], [12.089678, 55.816481], [12.081894, 55.820416], [12.078704, 55.822078], [12.076397, 55.823601], [12.074882, 55.825051], [12.073068, 55.827155], [12.071698, 55.828816], [12.07034, 55.830433], [12.069063, 55.831867], [12.06765, 55.833394], [12.065326, 55.83614]]}, "properties": {"shape_id": "2455", "route_id": "16451_109", "route_short_name": "C", "agency_id": "318"}}, {"type": "Feature", "geometry": {"type": "LineString", "coordinates": [[12.587571, 55.692766], [12.587131, 55.692482], [12.583845, 55.690501], [12.581921, 55.689478], [12.580036, 55.688535], [12.57656, 55.686559], [12.574645, 55.685275], [12.572231, 55.683772], [12.571245, 55.683073], [12.570342, 55.682425], [12.566925, 55.679862], [12.563926, 55.678205], [12.563771, 55.678075], [12.563461, 55.677814], [12.563197, 55.677543], [12.562887, 55.677102], [12.562686, 55.67665], [12.562595, 55.676347], [12.562567, 55.676033], [12.562566, 55.675673], [12.562614, 55.67533], [12.562711, 55.674995], [12.562952, 55.674493], [12.563177, 55.674172], [12.56358, 55.673701], [12.563903, 55.673413], [12.564471, 55.673001], [12.564894, 55.672755], [12.565448, 55.672199], [12.56592, 55.671619], [12.566311, 55.671023], [12.566441, 55.670705], [12.566541, 55.670225], [12.566529, 55.669749], [12.566406, 55.669267], [12.566157, 55.668807], [12.565939, 55.668507], [12.56569, 55.668218], [12.565208, 55.667818], [12.564835, 55.667568], [12.562396, 55.666291], [12.559909, 55.665005], [12.55951, 55.664819], [12.559164, 55.664685], [12.558804, 55.66457], [12.558413, 55.664473], [12.558024, 55.664394], [12.5477, 55.663165], [12.54705, 55.663013], [12.546387, 55.662897], [12.545711, 55.6628], [12.544668, 55.662704], [12.54363, 55.662662], [12.543011, 55.662671], [12.542394, 55.662707], [12.541496, 55.662805], [12.538621, 55.663203], [12.537181, 55.663289], [12.536024, 55.663341], [12.535312, 55.663379], [12.531457, 55.66349], [12.523119, 55.66364], [12.5191, 55.663702], [12.514372, 55.663837], [12.51132, 55.663862], [12.510433, 55.663905], [12.509583, 55.66401], [12.50902, 55.664116], [12.50849, 55.664239], [12.507963, 55.664389], [12.50747, 55.664565], [12.506781, 55.664864], [12.50616, 55.665214], [12.505785, 55.665468], [12.505294, 55.66585], [12.504869, 55.666258], [12.504542, 55.66669], [12.504336, 55.667056], [12.50411, 55.667548], [12.503995, 55.668046], [12.503962, 55.668388], [12.504007, 55.66889], [12.504176, 55.669353], [12.504392, 55.669815], [12.504786, 55.670487], [12.505096, 55.670927], [12.505251, 55.671238], [12.505359, 55.671549], [12.505404, 55.671872], [12.505414, 55.672348], [12.505381, 55.672511], [12.504273, 55.67631], [12.50378, 55.677907], [12.503475, 55.67859], [12.503337, 55.679007], [12.503091, 55.679464], [12.499235, 55.684924], [12.499047, 55.685136], [12.498692, 55.685434], [12.498303, 55.685715], [12.497816, 55.685962], [12.497292, 55.686157], [12.496826, 55.686287], [12.496014, 55.686454], [12.495164, 55.686568], [12.492203, 55.687093], [12.490624, 55.687408], [12.486133, 55.688273], [12.482965, 55.688804], [12.482089, 55.688981], [12.481514, 55.689142], [12.480585, 55.689429], [12.479457, 55.689811], [12.478381, 55.690238], [12.477172, 55.690784], [12.475521, 55.69155], [12.475034, 55.691807], [12.474565, 55.692081], [12.473935, 55.692521], [12.473102, 55.693174], [12.472703, 55.693527], [12.472322, 55.693889], [12.471848, 55.694469], [12.470689, 55.69612], [12.469238, 55.699506], [12.467757, 55.703279], [12.466735, 55.705763], [12.465624, 55.707601], [12.464302, 55.709212], [12.464098, 55.709425], [12.462983, 55.710499], [12.461107, 55.711973], [12.459403, 55.713064], [12.457533, 55.714061], [12.455295, 55.715059], [12.453042, 55.715877], [12.443621, 55.718867], [12.442769, 55.719133], [12.438868, 55.720241], [12.435662, 55.720915], [12.432556, 55.721281], [12.428958, 55.721489], [12.414823, 55.721982], [12.411467, 55.722228], [12.406258, 55.722769], [12.403601, 55.722995], [12.396362, 55.723654], [12.386029, 55.724641], [12.380468, 55.725181], [12.374966, 55.725674], [12.370025, 55.726197], [12.366076, 55.726962], [12.3622, 55.728201], [12.359627, 55.729224], [12.358276, 55.729819]]}, "properties": {"shape_id": "2456", "route_id": "16451_109", "route_short_name": "C", "agency_id": "318"}}, {"type": "Feature", "geometry": {"type": "LineString", "coordinates": [[12.578328, 55.715812], [12.582177, 55.714351], [12.585566, 55.71275], [12.586424, 55.712204], [12.587197, 55.711606], [12.587653, 55.711197], [12.588263, 55.710549], [12.588619, 55.710098], [12.588928, 55.70964], [12.589962, 55.70755], [12.590774, 55.705638], [12.590943, 55.70522], [12.591365, 55.703229], [12.592059, 55.697958], [12.592154, 55.697433], [12.592138, 55.696903], [12.592057, 55.696546], [12.59185, 55.69603], [12.59155, 55.695536], [12.591124, 55.695054], [12.590794, 55.694758], [12.590621, 55.69461], [12.587571, 55.692766], [12.587131, 55.692482], [12.583845, 55.690501], [12.581921, 55.689478], [12.580036, 55.688535], [12.57656, 55.686559], [12.574645, 55.685275], [12.572231, 55.683772], [12.571245, 55.683073], [12.570342, 55.682425], [12.566925, 55.679862], [12.563926, 55.678205], [12.563771, 55.678075], [12.563461, 55.677814], [12.563197, 55.677543], [12.562887, 55.677102], [12.562686, 55.67665], [12.562595, 55.676347], [12.562567, 55.676033], [12.562566, 55.675673], [12.562614, 55.67533], [12.562711, 55.674995], [12.562952, 55.674493], [12.563177, 55.674172], [12.56358, 55.673701], [12.563903, 55.673413], [12.564471, 55.673001], [12.564894, 55.672755], [12.565448, 55.672199], [12.56592, 55.671619], [12.566311, 55.671023], [12.566441, 55.670705], [12.566541, 55.670225], [12.566529, 55.669749], [12.566406, 55.669267], [12.566157, 55.668807], [12.565939, 55.668507], [12.56569, 55.668218], [12.565208, 55.667818], [12.564835, 55.667568], [12.562396, 55.666291], [12.559909, 55.665005], [12.55951, 55.664819], [12.559164, 55.664685], [12.558804, 55.66457], [12.558413, 55.664473], [12.558024, 55.664394], [12.5477, 55.663165], [12.54705, 55.663013], [12.546387, 55.662897], [12.545711, 55.6628], [12.544668, 55.662704], [12.54363, 55.662662], [12.543011, 55.662671], [12.542394, 55.662707], [12.541496, 55.662805], [12.538621, 55.663203], [12.537181, 55.663289], [12.536024, 55.663341], [12.535312, 55.663379], [12.531457, 55.66349], [12.523119, 55.66364], [12.5191, 55.663702], [12.514372, 55.663837], [12.51132, 55.663862], [12.510433, 55.663905], [12.509583, 55.66401], [12.50902, 55.664116], [12.50849, 55.664239], [12.507963, 55.664389], [12.50747, 55.664565], [12.506781, 55.664864], [12.50616, 55.665214], [12.505785, 55.665468], [12.505294, 55.66585], [12.504869, 55.666258], [12.504542, 55.66669], [12.504336, 55.667056], [12.50411, 55.667548], [12.503995, 55.668046], [12.503962, 55.668388], [12.504007, 55.66889], [12.504176, 55.669353], [12.504392, 55.669815], [12.504786, 55.670487], [12.505096, 55.670927], [12.505251, 55.671238], [12.505359, 55.671549], [12.505404, 55.671872], [12.505414, 55.672348], [12.505381, 55.672511], [12.504273, 55.67631], [12.50378, 55.677907], [12.503475, 55.67859], [12.503337, 55.679007], [12.503091, 55.679464], [12.499235, 55.684924], [12.499047, 55.685136], [12.498692, 55.685434], [12.498303, 55.685715], [12.497816, 55.685962], [12.497292, 55.686157], [12.496826, 55.686287], [12.496014, 55.686454], [12.495164, 55.686568], [12.492203, 55.687093], [12.490624, 55.687408], [12.486133, 55.688273], [12.482965, 55.688804], [12.482089, 55.688981], [12.481514, 55.689142], [12.480585, 55.689429], [12.479457, 55.689811], [12.478381, 55.690238], [12.477172, 55.690784], [12.475521, 55.69155], [12.475034, 55.691807], [12.474565, 55.692081], [12.473935, 55.692521], [12.473102, 55.693174], [12.472703, 55.693527], [12.472322, 55.693889], [12.471848, 55.694469], [12.470689, 55.69612], [12.469238, 55.699506], [12.467757, 55.703279], [12.466735, 55.705763], [12.465624, 55.707601], [12.464302, 55.709212], [12.464098, 55.709425], [12.462983, 55.710499], [12.461107, 55.711973], [12.459403, 55.713064], [12.457533, 55.714061], [12.455295, 55.715059], [12.453042, 55.715877], [12.443621, 55.718867], [12.442769, 55.719133], [12.438868, 55.720241], [12.435662, 55.720915], [12.432556, 55.721281], [12.428958, 55.721489], [12.414823, 55.721982], [12.411467, 55.722228], [12.406258, 55.722769], [12.403601, 55.722995], [12.396362, 55.723654], [12.386029, 55.724641], [12.380468, 55.725181], [12.374966, 55.725674], [12.370025, 55.726197], [12.366076, 55.726962], [12.3622, 55.728201], [12.359627, 55.729224], [12.358276, 55.729819], [12.355813, 55.73083], [12.354012, 55.731742], [12.351761, 55.732811], [12.348329, 55.734037], [12.34588, 55.73503], [12.334803, 55.739674], [12.329621, 55.741883], [12.323447, 55.74481], [12.320952, 55.746029], [12.318217, 55.747415], [12.314931, 55.748889], [12.311278, 55.749985], [12.307676, 55.750559], [12.304637, 55.750821], [12.298388, 55.751187], [12.286624, 55.751961], [12.274417, 55.752763], [12.271323, 55.752756], [12.26832, 55.752494], [12.26349, 55.751733], [12.260435, 55.751229], [12.257918, 55.750865], [12.255311, 55.750574], [12.252952, 55.750385], [12.250678, 55.750256], [12.242892, 55.749986], [12.24037, 55.749944], [12.238389, 55.750078], [12.237246, 55.750144], [12.234112, 55.750604], [12.231078, 55.751313], [12.227891, 55.752098], [12.224107, 55.752791], [12.220828, 55.753048], [12.21727, 55.753204], [12.21457, 55.753518], [12.212107, 55.754005], [12.209379, 55.754759], [12.200231, 55.757515], [12.197206, 55.758547], [12.194589, 55.759883], [12.19246, 55.761727], [12.191186, 55.763891], [12.190318, 55.766341], [12.185481, 55.779952], [12.184661, 55.782023], [12.183249, 55.784083], [12.181556, 55.785619], [12.179614, 55.786856], [12.177437, 55.787937], [12.171061, 55.790763], [12.16324, 55.794282], [12.16004, 55.795551], [12.159713, 55.79565], [12.15705, 55.796464], [12.153823, 55.79741], [12.150364, 55.798452], [12.147815, 55.799497], [12.14566, 55.800676], [12.138076, 55.805015], [12.135615, 55.806363], [12.131693, 55.808018], [12.127945, 55.809058], [12.124704, 55.809644], [12.121139, 55.809977], [12.115626, 55.810315], [12.111654, 55.81055], [12.108668, 55.810743], [12.10563, 55.811089], [12.101774, 55.81178], [12.099098, 55.812459], [12.096562, 55.813305], [12.093534, 55.814568], [12.089678, 55.816481], [12.081894, 55.820416], [12.078704, 55.822078], [12.076397, 55.823601], [12.074882, 55.825051], [12.073068, 55.827155], [12.071698, 55.828816], [12.07034, 55.830433], [12.069063, 55.831867], [12.06765, 55.833394], [12.065326, 55.83614]]}, "properties": {"shape_id": "2457", "route_id": "16451_109", "route_short_name": "C", "agency_id": "318"}}, {"type": "Feature", "geometry": {"type": "LineString", "coordinates": [[12.578328, 55.715812], [12.582177, 55.714351], [12.585566, 55.71275], [12.586424, 55.712204], [12.587197, 55.711606], [12.587653, 55.711197], [12.588263, 55.710549], [12.588619, 55.710098], [12.588928, 55.70964], [12.589962, 55.70755], [12.590774, 55.705638], [12.590943, 55.70522], [12.591365, 55.703229], [12.592059, 55.697958], [12.592154, 55.697433], [12.592138, 55.696903], [12.592057, 55.696546], [12.59185, 55.69603], [12.59155, 55.695536], [12.591124, 55.695054], [12.590794, 55.694758], [12.590621, 55.69461], [12.587571, 55.692766], [12.587131, 55.692482], [12.583845, 55.690501], [12.581921, 55.689478], [12.580036, 55.688535], [12.57656, 55.686559], [12.574645, 55.685275], [12.572231, 55.683772], [12.571245, 55.683073], [12.570342, 55.682425], [12.566925, 55.679862], [12.563926, 55.678205], [12.563771, 55.678075], [12.563461, 55.677814], [12.563197, 55.677543], [12.562887, 55.677102], [12.562686, 55.67665], [12.562595, 55.676347], [12.562567, 55.676033], [12.562566, 55.675673], [12.562614, 55.67533], [12.562711, 55.674995], [12.562952, 55.674493], [12.563177, 55.674172], [12.56358, 55.673701], [12.563903, 55.673413], [12.564471, 55.673001], [12.564894, 55.672755]]}, "properties": {"shape_id": "2458", "route_id": "16451_109", "route_short_name": "C", "agency_id": "318"}}, {"type": "Feature", "geometry": {"type": "LineString", "coordinates": [[12.564894, 55.672755], [12.564471, 55.673001], [12.563903, 55.673413], [12.56358, 55.673701], [12.563177, 55.674172], [12.562952, 55.674493], [12.562711, 55.674995], [12.562614, 55.67533], [12.562566, 55.675673], [12.562567, 55.676033], [12.562595, 55.676347], [12.562686, 55.67665], [12.562887, 55.677102], [12.563197, 55.677543], [12.563461, 55.677814], [12.563771, 55.678075], [12.563926, 55.678205], [12.566925, 55.679862], [12.570342, 55.682425], [12.571245, 55.683073], [12.572231, 55.683772], [12.574645, 55.685275], [12.57656, 55.686559], [12.580036, 55.688535], [12.581921, 55.689478], [12.583845, 55.690501], [12.587131, 55.692482], [12.587571, 55.692766], [12.590621, 55.69461], [12.590794, 55.694758], [12.591124, 55.695054], [12.59155, 55.695536], [12.59185, 55.69603], [12.592057, 55.696546], [12.592138, 55.696903], [12.592154, 55.697433], [12.592059, 55.697958], [12.591365, 55.703229], [12.590943, 55.70522], [12.590774, 55.705638], [12.589962, 55.70755], [12.588928, 55.70964], [12.588619, 55.710098], [12.588263, 55.710549], [12.587653, 55.711197], [12.587197, 55.711606], [12.586424, 55.712204], [12.585566, 55.71275], [12.582177, 55.714351], [12.578328, 55.715812], [12.575577, 55.716728], [12.574799, 55.717111], [12.574105, 55.717527], [12.573461, 55.717977], [12.572917, 55.718469], [12.57247, 55.718986], [12.572105, 55.719527], [12.570873, 55.72173], [12.569237, 55.724754], [12.568321, 55.726939], [12.567583, 55.729145], [12.56708, 55.730967], [12.56625, 55.733922], [12.565434, 55.737552], [12.564643, 55.739193], [12.564248, 55.741147], [12.564302, 55.74209], [12.56482, 55.744098], [12.56567, 55.745548], [12.567289, 55.747389], [12.57126, 55.750726], [12.572345, 55.751774], [12.573972, 55.753174], [12.580106, 55.758867], [12.581757, 55.760527], [12.582927, 55.761806], [12.583727, 55.76305], [12.583876, 55.76328], [12.584408, 55.764559], [12.585208, 55.767017], [12.58589, 55.768364], [12.587045, 55.769823], [12.588944, 55.771737], [12.589596, 55.773453], [12.589222, 55.774768], [12.588666, 55.776007], [12.588068, 55.777481]]}, "properties": {"shape_id": "2459", "route_id": "16451_109", "route_short_name": "C", "agency_id": "318"}}, {"type": "Feature", "geometry": {"type": "LineString", "coordinates": [[12.065326, 55.83614], [12.06765, 55.833394], [12.069063, 55.831867], [12.07034, 55.830433], [12.071698, 55.828816], [12.073068, 55.827155], [12.074882, 55.825051], [12.076397, 55.823601], [12.078704, 55.822078], [12.081894, 55.820416], [12.089678, 55.816481], [12.093534, 55.814568], [12.096562, 55.813305], [12.099098, 55.812459], [12.101774, 55.81178], [12.10563, 55.811089], [12.108668, 55.810743], [12.111654, 55.81055], [12.115626, 55.810315], [12.121139, 55.809977], [12.124704, 55.809644], [12.127945, 55.809058], [12.131693, 55.808018], [12.135615, 55.806363], [12.138076, 55.805015], [12.14566, 55.800676], [12.147815, 55.799497], [12.150364, 55.798452], [12.153823, 55.79741], [12.15705, 55.796464], [12.159713, 55.79565], [12.16004, 55.795551], [12.16324, 55.794282], [12.171061, 55.790763], [12.177437, 55.787937], [12.179614, 55.786856], [12.181556, 55.785619], [12.183249, 55.784083], [12.184661, 55.782023], [12.185481, 55.779952], [12.190318, 55.766341], [12.191186, 55.763891], [12.19246, 55.761727], [12.194589, 55.759883], [12.197206, 55.758547], [12.200231, 55.757515], [12.209379, 55.754759], [12.212107, 55.754005], [12.21457, 55.753518], [12.21727, 55.753204], [12.220828, 55.753048], [12.224107, 55.752791], [12.227891, 55.752098], [12.231078, 55.751313], [12.234112, 55.750604], [12.237246, 55.750144], [12.238389, 55.750078], [12.24037, 55.749944], [12.242892, 55.749986], [12.250678, 55.750256], [12.252952, 55.750385], [12.255311, 55.750574], [12.257918, 55.750865], [12.260435, 55.751229], [12.26349, 55.751733], [12.26832, 55.752494], [12.271323, 55.752756], [12.274417, 55.752763], [12.286624, 55.751961], [12.298388, 55.751187], [12.304637, 55.750821], [12.307676, 55.750559], [12.311278, 55.749985], [12.314931, 55.748889], [12.318217, 55.747415], [12.320952, 55.746029], [12.323447, 55.74481], [12.329621, 55.741883], [12.334803, 55.739674], [12.34588, 55.73503], [12.348329, 55.734037], [12.351761, 55.732811], [12.354012, 55.731742], [12.355813, 55.73083], [12.358276, 55.729819], [12.359627, 55.729224], [12.3622, 55.728201], [12.366076, 55.726962], [12.370025, 55.726197], [12.374966, 55.725674], [12.380468, 55.725181], [12.386029, 55.724641], [12.396362, 55.723654], [12.403601, 55.722995], [12.406258, 55.722769], [12.411467, 55.722228], [12.414823, 55.721982], [12.428958, 55.721489], [12.432556, 55.721281], [12.435662, 55.720915], [12.438868, 55.720241], [12.442769, 55.719133], [12.443621, 55.718867], [12.453042, 55.715877], [12.455295, 55.715059], [12.457533, 55.714061], [12.459403, 55.713064], [12.461107, 55.711973], [12.462983, 55.710499], [12.464098, 55.709425], [12.464302, 55.709212], [12.465624, 55.707601], [12.466735, 55.705763], [12.467757, 55.703279], [12.469238, 55.699506], [12.470689, 55.69612], [12.471848, 55.694469], [12.472322, 55.693889], [12.472703, 55.693527], [12.473102, 55.693174], [12.473935, 55.692521], [12.474565, 55.692081], [12.475034, 55.691807], [12.475521, 55.69155], [12.477172, 55.690784], [12.478381, 55.690238], [12.479457, 55.689811], [12.480585, 55.689429], [12.481514, 55.689142], [12.482089, 55.688981], [12.482965, 55.688804], [12.486133, 55.688273], [12.490624, 55.687408], [12.492203, 55.687093], [12.495164, 55.686568], [12.496014, 55.686454], [12.496826, 55.686287], [12.497292, 55.686157], [12.497816, 55.685962], [12.498303, 55.685715], [12.498692, 55.685434], [12.499047, 55.685136], [12.499235, 55.684924], [12.503091, 55.679464], [12.503337, 55.679007], [12.503475, 55.67859], [12.50378, 55.677907], [12.504273, 55.67631], [12.505381, 55.672511], [12.505414, 55.672348], [12.505404, 55.671872], [12.505359, 55.671549], [12.505251, 55.671238], [12.505096, 55.670927], [12.504786, 55.670487], [12.504392, 55.669815], [12.504176, 55.669353], [12.504007, 55.66889], [12.503962, 55.668388], [12.503995, 55.668046], [12.50411, 55.667548], [12.504336, 55.667056], [12.504542, 55.66669], [12.504869, 55.666258], [12.505294, 55.66585], [12.505785, 55.665468], [12.50616, 55.665214], [12.506781, 55.664864], [12.50747, 55.664565], [12.507963, 55.664389], [12.50849, 55.664239], [12.50902, 55.664116], [12.509583, 55.66401], [12.510433, 55.663905], [12.51132, 55.663862], [12.514372, 55.663837], [12.5191, 55.663702], [12.523119, 55.66364], [12.531457, 55.66349], [12.535312, 55.663379], [12.536024, 55.663341], [12.537292, 55.663286], [12.538621, 55.663203], [12.541496, 55.662805], [12.542394, 55.662707], [12.543011, 55.662671], [12.54363, 55.662662], [12.544668, 55.662704], [12.545711, 55.6628], [12.546387, 55.662897], [12.54705, 55.663013], [12.5477, 55.663165], [12.558024, 55.664394], [12.558413, 55.664473], [12.558804, 55.66457], [12.559164, 55.664685], [12.55951, 55.664819], [12.559909, 55.665005], [12.562396, 55.666291], [12.564835, 55.667568], [12.565208, 55.667818], [12.56569, 55.668218], [12.565939, 55.668507], [12.566157, 55.668807], [12.566406, 55.669267], [12.566529, 55.669749], [12.566541, 55.670225], [12.566441, 55.670705], [12.566311, 55.671023], [12.56592, 55.671619], [12.565448, 55.672199], [12.564894, 55.672755], [12.564471, 55.673001], [12.563903, 55.673413], [12.56358, 55.673701], [12.563177, 55.674172], [12.562952, 55.674493], [12.562711, 55.674995], [12.562614, 55.67533], [12.562566, 55.675673], [12.562567, 55.676033], [12.562595, 55.676347], [12.562686, 55.67665], [12.562887, 55.677102], [12.563197, 55.677543], [12.563461, 55.677814], [12.563771, 55.678075], [12.563926, 55.678205], [12.566925, 55.679862], [12.570342, 55.682425], [12.571245, 55.683073], [12.572231, 55.683772], [12.574645, 55.685275], [12.57656, 55.686559], [12.580036, 55.688535], [12.581921, 55.689478], [12.583845, 55.690501], [12.587131, 55.692482], [12.587571, 55.692766], [12.590621, 55.69461], [12.590794, 55.694758], [12.591124, 55.695054], [12.59155, 55.695536], [12.59185, 55.69603], [12.592057, 55.696546], [12.592138, 55.696903], [12.592154, 55.697433], [12.592059, 55.697958], [12.591365, 55.703229], [12.590943, 55.70522], [12.590774, 55.705638], [12.589962, 55.70755], [12.588928, 55.70964], [12.588619, 55.710098], [12.588263, 55.710549], [12.587653, 55.711197], [12.587197, 55.711606], [12.586424, 55.712204], [12.585566, 55.71275], [12.582177, 55.714351], [12.578328, 55.715812], [12.575577, 55.716728], [12.574799, 55.717111], [12.574105, 55.717527], [12.573461, 55.717977], [12.572917, 55.718469], [12.57247, 55.718986], [12.572105, 55.719527], [12.570873, 55.72173], [12.569237, 55.724754], [12.568321, 55.726939], [12.567583, 55.729145], [12.56708, 55.730967], [12.56625, 55.733922], [12.565434, 55.737552], [12.564643, 55.739193], [12.564248, 55.741147], [12.564302, 55.74209], [12.56482, 55.744098], [12.56567, 55.745548], [12.567289, 55.747389], [12.57126, 55.750726], [12.572345, 55.751774], [12.573972, 55.753174], [12.580106, 55.758867], [12.581757, 55.760527], [12.582927, 55.761806], [12.583727, 55.76305], [12.583876, 55.76328], [12.584408, 55.764559], [12.585208, 55.767017], [12.58589, 55.768364], [12.587045, 55.769823], [12.588944, 55.771737], [12.589596, 55.773453], [12.589222, 55.774768], [12.588666, 55.776007], [12.588068, 55.777481]]}, "properties": {"shape_id": "2460", "route_id": "16451_109", "route_short_name": "C", "agency_id": "318"}}, {"type": "Feature", "geometry": {"type": "LineString", "coordinates": [[12.065326, 55.83614], [12.06765, 55.833394], [12.069063, 55.831867], [12.07034, 55.830433], [12.071698, 55.828816], [12.073068, 55.827155], [12.074882, 55.825051], [12.076397, 55.823601], [12.078704, 55.822078], [12.081894, 55.820416], [12.089678, 55.816481], [12.093534, 55.814568], [12.096562, 55.813305], [12.099098, 55.812459], [12.101774, 55.81178], [12.10563, 55.811089], [12.108668, 55.810743], [12.111654, 55.81055], [12.115626, 55.810315], [12.121139, 55.809977], [12.124704, 55.809644], [12.127945, 55.809058], [12.131693, 55.808018], [12.135615, 55.806363], [12.138076, 55.805015], [12.14566, 55.800676], [12.147815, 55.799497], [12.150364, 55.798452], [12.153823, 55.79741], [12.15705, 55.796464], [12.159713, 55.79565], [12.16004, 55.795551], [12.16324, 55.794282], [12.171061, 55.790763], [12.177437, 55.787937], [12.179614, 55.786856], [12.181556, 55.785619], [12.183249, 55.784083], [12.184661, 55.782023], [12.185481, 55.779952], [12.190318, 55.766341], [12.191186, 55.763891], [12.19246, 55.761727], [12.194589, 55.759883], [12.197206, 55.758547], [12.200231, 55.757515], [12.209379, 55.754759], [12.212107, 55.754005], [12.21457, 55.753518], [12.21727, 55.753204], [12.220828, 55.753048], [12.224107, 55.752791], [12.227891, 55.752098], [12.231078, 55.751313], [12.234112, 55.750604], [12.237246, 55.750144], [12.238389, 55.750078], [12.24037, 55.749944], [12.242892, 55.749986], [12.250678, 55.750256], [12.252952, 55.750385], [12.255311, 55.750574], [12.257918, 55.750865], [12.260435, 55.751229], [12.26349, 55.751733], [12.26832, 55.752494], [12.271323, 55.752756], [12.274417, 55.752763], [12.286624, 55.751961], [12.298388, 55.751187], [12.304637, 55.750821], [12.307676, 55.750559], [12.311278, 55.749985], [12.314931, 55.748889], [12.318217, 55.747415], [12.320952, 55.746029], [12.323447, 55.74481], [12.329621, 55.741883], [12.334803, 55.739674], [12.34588, 55.73503], [12.348329, 55.734037], [12.351761, 55.732811], [12.354012, 55.731742], [12.355813, 55.73083], [12.358276, 55.729819], [12.359627, 55.729224], [12.3622, 55.728201], [12.366076, 55.726962], [12.370025, 55.726197], [12.374966, 55.725674], [12.380468, 55.725181], [12.386029, 55.724641], [12.396362, 55.723654], [12.403601, 55.722995], [12.406258, 55.722769], [12.411467, 55.722228], [12.414823, 55.721982], [12.428958, 55.721489], [12.432556, 55.721281], [12.435662, 55.720915], [12.438868, 55.720241], [12.442769, 55.719133], [12.443621, 55.718867], [12.453042, 55.715877], [12.455295, 55.715059], [12.457533, 55.714061], [12.459403, 55.713064], [12.461107, 55.711973], [12.462983, 55.710499], [12.464098, 55.709425], [12.464302, 55.709212], [12.465624, 55.707601], [12.466735, 55.705763], [12.467757, 55.703279], [12.469238, 55.699506], [12.470689, 55.69612], [12.471848, 55.694469], [12.472322, 55.693889], [12.472703, 55.693527], [12.473102, 55.693174], [12.473935, 55.692521], [12.474565, 55.692081], [12.475034, 55.691807], [12.475521, 55.69155], [12.477172, 55.690784], [12.478381, 55.690238], [12.479457, 55.689811], [12.480585, 55.689429], [12.481514, 55.689142], [12.482089, 55.688981], [12.482965, 55.688804], [12.486133, 55.688273], [12.490624, 55.687408], [12.492203, 55.687093], [12.495164, 55.686568], [12.496014, 55.686454], [12.496826, 55.686287], [12.497292, 55.686157], [12.497816, 55.685962], [12.498303, 55.685715], [12.498692, 55.685434], [12.499047, 55.685136], [12.499235, 55.684924], [12.503091, 55.679464], [12.503337, 55.679007], [12.503475, 55.67859], [12.50378, 55.677907], [12.504273, 55.67631], [12.505381, 55.672511], [12.505414, 55.672348], [12.505404, 55.671872], [12.505359, 55.671549], [12.505251, 55.671238], [12.505096, 55.670927], [12.504786, 55.670487], [12.504392, 55.669815], [12.504176, 55.669353], [12.504007, 55.66889], [12.503962, 55.668388], [12.503995, 55.668046], [12.50411, 55.667548], [12.504336, 55.667056], [12.504542, 55.66669], [12.504869, 55.666258], [12.505294, 55.66585], [12.505785, 55.665468], [12.50616, 55.665214], [12.506781, 55.664864], [12.50747, 55.664565], [12.507963, 55.664389], [12.50849, 55.664239], [12.50902, 55.664116], [12.509583, 55.66401], [12.510433, 55.663905], [12.51132, 55.663862], [12.514372, 55.663837], [12.5191, 55.663702], [12.523119, 55.66364], [12.531457, 55.66349], [12.535312, 55.663379], [12.536024, 55.663341], [12.537292, 55.663286], [12.538621, 55.663203], [12.541496, 55.662805], [12.542394, 55.662707], [12.543011, 55.662671], [12.54363, 55.662662], [12.544668, 55.662704], [12.545711, 55.6628], [12.546387, 55.662897], [12.54705, 55.663013], [12.5477, 55.663165], [12.558024, 55.664394], [12.558413, 55.664473], [12.558804, 55.66457], [12.559164, 55.664685], [12.55951, 55.664819], [12.559909, 55.665005], [12.562396, 55.666291], [12.564835, 55.667568], [12.565208, 55.667818], [12.56569, 55.668218], [12.565939, 55.668507], [12.566157, 55.668807], [12.566406, 55.669267], [12.566529, 55.669749], [12.566541, 55.670225], [12.566441, 55.670705], [12.566311, 55.671023], [12.56592, 55.671619], [12.565448, 55.672199], [12.564894, 55.672755]]}, "properties": {"shape_id": "2461", "route_id": "16451_109", "route_short_name": "C", "agency_id": "318"}}, {"type": "Feature", "geometry": {"type": "LineString", "coordinates": [[12.065326, 55.83614], [12.06765, 55.833394], [12.069063, 55.831867], [12.07034, 55.830433], [12.071698, 55.828816], [12.073068, 55.827155], [12.074882, 55.825051], [12.076397, 55.823601], [12.078704, 55.822078], [12.081894, 55.820416], [12.089678, 55.816481], [12.093534, 55.814568], [12.096562, 55.813305], [12.099098, 55.812459], [12.101774, 55.81178], [12.10563, 55.811089], [12.108668, 55.810743], [12.111654, 55.81055], [12.115626, 55.810315], [12.121139, 55.809977], [12.124704, 55.809644], [12.127945, 55.809058], [12.131693, 55.808018], [12.135615, 55.806363], [12.138076, 55.805015], [12.14566, 55.800676], [12.147815, 55.799497], [12.150364, 55.798452], [12.153823, 55.79741], [12.15705, 55.796464], [12.159713, 55.79565], [12.16004, 55.795551], [12.16324, 55.794282], [12.171061, 55.790763], [12.177437, 55.787937], [12.179614, 55.786856], [12.181556, 55.785619], [12.183249, 55.784083], [12.184661, 55.782023], [12.185481, 55.779952], [12.190318, 55.766341], [12.191186, 55.763891], [12.19246, 55.761727], [12.194589, 55.759883], [12.197206, 55.758547], [12.200231, 55.757515], [12.209379, 55.754759], [12.212107, 55.754005], [12.21457, 55.753518], [12.21727, 55.753204], [12.220828, 55.753048], [12.224107, 55.752791], [12.227891, 55.752098], [12.231078, 55.751313], [12.234112, 55.750604], [12.237246, 55.750144], [12.238389, 55.750078], [12.24037, 55.749944], [12.242892, 55.749986], [12.250678, 55.750256], [12.252952, 55.750385], [12.255311, 55.750574], [12.257918, 55.750865], [12.260435, 55.751229], [12.26349, 55.751733], [12.26832, 55.752494], [12.271323, 55.752756], [12.274417, 55.752763], [12.286624, 55.751961], [12.298388, 55.751187], [12.304637, 55.750821], [12.307676, 55.750559], [12.311278, 55.749985], [12.314931, 55.748889], [12.318217, 55.747415], [12.320952, 55.746029], [12.323447, 55.74481], [12.329621, 55.741883], [12.334803, 55.739674], [12.34588, 55.73503], [12.348329, 55.734037], [12.351761, 55.732811], [12.354012, 55.731742], [12.355813, 55.73083], [12.358276, 55.729819], [12.359627, 55.729224], [12.3622, 55.728201], [12.366076, 55.726962], [12.370025, 55.726197], [12.374966, 55.725674], [12.380468, 55.725181], [12.386029, 55.724641], [12.396362, 55.723654], [12.403601, 55.722995], [12.406258, 55.722769], [12.411467, 55.722228], [12.414823, 55.721982], [12.428958, 55.721489], [12.432556, 55.721281], [12.435662, 55.720915], [12.438868, 55.720241], [12.442769, 55.719133], [12.443621, 55.718867], [12.453042, 55.715877], [12.455295, 55.715059], [12.457533, 55.714061], [12.459403, 55.713064], [12.461107, 55.711973], [12.462983, 55.710499], [12.464098, 55.709425], [12.464302, 55.709212], [12.465624, 55.707601], [12.466735, 55.705763], [12.467757, 55.703279], [12.469238, 55.699506], [12.470689, 55.69612], [12.471848, 55.694469], [12.472322, 55.693889], [12.472703, 55.693527], [12.473102, 55.693174], [12.473935, 55.692521], [12.474565, 55.692081], [12.475034, 55.691807], [12.475521, 55.69155], [12.477172, 55.690784], [12.478381, 55.690238], [12.479457, 55.689811], [12.480585, 55.689429], [12.481514, 55.689142], [12.482089, 55.688981], [12.482965, 55.688804], [12.486133, 55.688273], [12.490624, 55.687408], [12.492203, 55.687093], [12.495164, 55.686568], [12.496014, 55.686454], [12.496826, 55.686287], [12.497292, 55.686157], [12.497816, 55.685962], [12.498303, 55.685715], [12.498692, 55.685434], [12.499047, 55.685136], [12.499235, 55.684924], [12.503091, 55.679464], [12.503337, 55.679007], [12.503475, 55.67859], [12.50378, 55.677907], [12.504273, 55.67631], [12.505381, 55.672511], [12.505414, 55.672348], [12.505404, 55.671872], [12.505359, 55.671549], [12.505251, 55.671238], [12.505096, 55.670927], [12.504786, 55.670487], [12.504392, 55.669815], [12.504176, 55.669353], [12.504007, 55.66889], [12.503962, 55.668388], [12.503995, 55.668046], [12.50411, 55.667548], [12.504336, 55.667056], [12.504542, 55.66669], [12.504869, 55.666258], [12.505294, 55.66585], [12.505785, 55.665468], [12.50616, 55.665214], [12.506781, 55.664864], [12.50747, 55.664565], [12.507963, 55.664389], [12.50849, 55.664239], [12.50902, 55.664116], [12.509583, 55.66401], [12.510433, 55.663905], [12.51132, 55.663862], [12.514372, 55.663837], [12.5191, 55.663702], [12.523119, 55.66364], [12.531457, 55.66349], [12.535312, 55.663379], [12.536024, 55.663341], [12.537292, 55.663286], [12.538621, 55.663203], [12.541496, 55.662805], [12.542394, 55.662707], [12.543011, 55.662671], [12.54363, 55.662662], [12.544668, 55.662704], [12.545711, 55.6628], [12.546387, 55.662897], [12.54705, 55.663013], [12.5477, 55.663165], [12.558024, 55.664394], [12.558413, 55.664473], [12.558804, 55.66457], [12.559164, 55.664685], [12.55951, 55.664819], [12.559909, 55.665005], [12.562396, 55.666291], [12.564835, 55.667568], [12.565208, 55.667818], [12.56569, 55.668218], [12.565939, 55.668507], [12.566157, 55.668807], [12.566406, 55.669267], [12.566529, 55.669749], [12.566541, 55.670225], [12.566441, 55.670705], [12.566311, 55.671023], [12.56592, 55.671619], [12.565448, 55.672199], [12.564894, 55.672755], [12.564471, 55.673001], [12.563903, 55.673413], [12.56358, 55.673701], [12.563177, 55.674172], [12.562952, 55.674493], [12.562711, 55.674995], [12.562614, 55.67533], [12.562566, 55.675673], [12.562567, 55.676033], [12.562595, 55.676347], [12.562686, 55.67665], [12.562887, 55.677102], [12.563197, 55.677543], [12.563461, 55.677814], [12.563771, 55.678075], [12.563926, 55.678205], [12.566925, 55.679862], [12.570342, 55.682425], [12.571245, 55.683073], [12.572231, 55.683772], [12.574645, 55.685275], [12.57656, 55.686559], [12.580036, 55.688535], [12.581921, 55.689478], [12.583845, 55.690501], [12.587131, 55.692482], [12.587571, 55.692766], [12.590621, 55.69461], [12.590794, 55.694758], [12.591124, 55.695054], [12.59155, 55.695536], [12.59185, 55.69603], [12.592057, 55.696546], [12.592138, 55.696903], [12.592154, 55.697433], [12.592059, 55.697958], [12.591365, 55.703229], [12.590943, 55.70522], [12.590774, 55.705638], [12.589962, 55.70755], [12.588928, 55.70964], [12.588619, 55.710098], [12.588263, 55.710549], [12.587653, 55.711197], [12.587197, 55.711606], [12.586424, 55.712204], [12.585566, 55.71275], [12.582177, 55.714351], [12.578328, 55.715812]]}, "properties": {"shape_id": "2462", "route_id": "16451_109", "route_short_name": "C", "agency_id": "318"}}, {"type": "Feature", "geometry": {"type": "LineString", "coordinates": [[12.065326, 55.83614], [12.06765, 55.833394], [12.069063, 55.831867], [12.07034, 55.830433], [12.071698, 55.828816], [12.073068, 55.827155], [12.074882, 55.825051], [12.076397, 55.823601], [12.078704, 55.822078], [12.081894, 55.820416], [12.089678, 55.816481], [12.093534, 55.814568], [12.096562, 55.813305], [12.099098, 55.812459], [12.101774, 55.81178], [12.10563, 55.811089], [12.108668, 55.810743], [12.111654, 55.81055], [12.115626, 55.810315], [12.121139, 55.809977], [12.124704, 55.809644], [12.127945, 55.809058], [12.131693, 55.808018], [12.135615, 55.806363], [12.138076, 55.805015], [12.14566, 55.800676], [12.147815, 55.799497], [12.150364, 55.798452], [12.153823, 55.79741], [12.15705, 55.796464], [12.159713, 55.79565], [12.16004, 55.795551], [12.16324, 55.794282], [12.171061, 55.790763], [12.177437, 55.787937], [12.179614, 55.786856], [12.181556, 55.785619], [12.183249, 55.784083], [12.184661, 55.782023], [12.185481, 55.779952], [12.190318, 55.766341], [12.191186, 55.763891], [12.19246, 55.761727], [12.194589, 55.759883], [12.197206, 55.758547], [12.200231, 55.757515], [12.209379, 55.754759], [12.212107, 55.754005], [12.21457, 55.753518], [12.21727, 55.753204], [12.220828, 55.753048], [12.224107, 55.752791], [12.227891, 55.752098], [12.231078, 55.751313], [12.234112, 55.750604], [12.237246, 55.750144], [12.238389, 55.750078], [12.24037, 55.749944], [12.242892, 55.749986], [12.250678, 55.750256], [12.252952, 55.750385], [12.255311, 55.750574], [12.257918, 55.750865], [12.260435, 55.751229], [12.26349, 55.751733], [12.26832, 55.752494], [12.271323, 55.752756], [12.274417, 55.752763], [12.286624, 55.751961], [12.298388, 55.751187], [12.304637, 55.750821], [12.307676, 55.750559], [12.311278, 55.749985], [12.314931, 55.748889], [12.318217, 55.747415], [12.320952, 55.746029], [12.323447, 55.74481], [12.329621, 55.741883], [12.334803, 55.739674], [12.34588, 55.73503], [12.348329, 55.734037], [12.351761, 55.732811], [12.354012, 55.731742], [12.355813, 55.73083], [12.358276, 55.729819], [12.359627, 55.729224], [12.3622, 55.728201], [12.366076, 55.726962], [12.370025, 55.726197], [12.374966, 55.725674], [12.380468, 55.725181], [12.386029, 55.724641], [12.396362, 55.723654], [12.403601, 55.722995], [12.406258, 55.722769], [12.411467, 55.722228], [12.414823, 55.721982], [12.428958, 55.721489], [12.432556, 55.721281], [12.435662, 55.720915], [12.438868, 55.720241], [12.442769, 55.719133], [12.443621, 55.718867], [12.453042, 55.715877], [12.455295, 55.715059], [12.457533, 55.714061], [12.459403, 55.713064], [12.461107, 55.711973], [12.462983, 55.710499], [12.464098, 55.709425], [12.464302, 55.709212], [12.465624, 55.707601], [12.466735, 55.705763], [12.467757, 55.703279], [12.469238, 55.699506], [12.470689, 55.69612], [12.471848, 55.694469], [12.472322, 55.693889], [12.472703, 55.693527], [12.473102, 55.693174], [12.473935, 55.692521], [12.474565, 55.692081], [12.475034, 55.691807], [12.475521, 55.69155], [12.477172, 55.690784], [12.478381, 55.690238], [12.479457, 55.689811], [12.480585, 55.689429], [12.481514, 55.689142], [12.482089, 55.688981], [12.482965, 55.688804], [12.486133, 55.688273], [12.490624, 55.687408], [12.492203, 55.687093], [12.495164, 55.686568], [12.496014, 55.686454], [12.496826, 55.686287], [12.497292, 55.686157], [12.497816, 55.685962], [12.498303, 55.685715], [12.498692, 55.685434], [12.499047, 55.685136], [12.499235, 55.684924], [12.503091, 55.679464], [12.503337, 55.679007], [12.503475, 55.67859], [12.50378, 55.677907], [12.504273, 55.67631], [12.505381, 55.672511], [12.505414, 55.672348], [12.505404, 55.671872], [12.505359, 55.671549], [12.505251, 55.671238], [12.505096, 55.670927], [12.504786, 55.670487], [12.504392, 55.669815], [12.504176, 55.669353], [12.504007, 55.66889], [12.503962, 55.668388], [12.503995, 55.668046], [12.50411, 55.667548], [12.504336, 55.667056], [12.504542, 55.66669], [12.504869, 55.666258], [12.505294, 55.66585], [12.505785, 55.665468], [12.50616, 55.665214], [12.506781, 55.664864], [12.50747, 55.664565], [12.507963, 55.664389], [12.50849, 55.664239], [12.50902, 55.664116], [12.509583, 55.66401], [12.510433, 55.663905], [12.51132, 55.663862], [12.514372, 55.663837], [12.5191, 55.663702], [12.523119, 55.66364], [12.531457, 55.66349], [12.535312, 55.663379], [12.536024, 55.663341], [12.537292, 55.663286], [12.538621, 55.663203], [12.541496, 55.662805], [12.542394, 55.662707], [12.543011, 55.662671], [12.54363, 55.662662], [12.544668, 55.662704], [12.545711, 55.6628], [12.546387, 55.662897], [12.54705, 55.663013], [12.5477, 55.663165], [12.558024, 55.664394], [12.558413, 55.664473], [12.558804, 55.66457], [12.559164, 55.664685], [12.55951, 55.664819], [12.559909, 55.665005], [12.562396, 55.666291], [12.564835, 55.667568], [12.565208, 55.667818], [12.56569, 55.668218], [12.565939, 55.668507], [12.566157, 55.668807], [12.566406, 55.669267], [12.566529, 55.669749], [12.566541, 55.670225], [12.566441, 55.670705], [12.566311, 55.671023], [12.56592, 55.671619], [12.565448, 55.672199], [12.564894, 55.672755], [12.564471, 55.673001], [12.563903, 55.673413], [12.56358, 55.673701], [12.563177, 55.674172], [12.562952, 55.674493], [12.562711, 55.674995], [12.562614, 55.67533], [12.562566, 55.675673], [12.562567, 55.676033], [12.562595, 55.676347], [12.562686, 55.67665], [12.562887, 55.677102], [12.563197, 55.677543], [12.563461, 55.677814], [12.563771, 55.678075], [12.563926, 55.678205], [12.566925, 55.679862], [12.570342, 55.682425], [12.571245, 55.683073], [12.572231, 55.683772], [12.574645, 55.685275], [12.57656, 55.686559], [12.580036, 55.688535], [12.581921, 55.689478], [12.583845, 55.690501], [12.587131, 55.692482], [12.587571, 55.692766]]}, "properties": {"shape_id": "2463", "route_id": "16451_109", "route_short_name": "C", "agency_id": "318"}}, {"type": "Feature", "geometry": {"type": "LineString", "coordinates": [[12.065326, 55.83614], [12.06765, 55.833394], [12.069063, 55.831867], [12.07034, 55.830433], [12.071698, 55.828816], [12.073068, 55.827155], [12.074882, 55.825051], [12.076397, 55.823601], [12.078704, 55.822078], [12.081894, 55.820416], [12.089678, 55.816481], [12.093534, 55.814568], [12.096562, 55.813305], [12.099098, 55.812459], [12.101774, 55.81178], [12.10563, 55.811089], [12.108668, 55.810743], [12.111654, 55.81055], [12.115626, 55.810315], [12.121139, 55.809977], [12.124704, 55.809644], [12.127945, 55.809058], [12.131693, 55.808018], [12.135615, 55.806363], [12.138076, 55.805015], [12.14566, 55.800676], [12.147815, 55.799497], [12.150364, 55.798452], [12.153823, 55.79741], [12.15705, 55.796464], [12.159713, 55.79565], [12.16004, 55.795551], [12.16324, 55.794282], [12.171061, 55.790763], [12.177437, 55.787937], [12.179614, 55.786856], [12.181556, 55.785619], [12.183249, 55.784083], [12.184661, 55.782023], [12.185481, 55.779952], [12.190318, 55.766341], [12.191186, 55.763891], [12.19246, 55.761727], [12.194589, 55.759883], [12.197206, 55.758547], [12.200231, 55.757515], [12.209379, 55.754759], [12.212107, 55.754005], [12.21457, 55.753518], [12.21727, 55.753204], [12.220828, 55.753048], [12.224107, 55.752791], [12.227891, 55.752098], [12.231078, 55.751313], [12.234112, 55.750604], [12.237246, 55.750144], [12.238389, 55.750078], [12.24037, 55.749944], [12.242892, 55.749986], [12.250678, 55.750256], [12.252952, 55.750385], [12.255311, 55.750574], [12.257918, 55.750865], [12.260435, 55.751229], [12.26349, 55.751733], [12.26832, 55.752494], [12.271323, 55.752756], [12.274417, 55.752763], [12.286624, 55.751961], [12.298388, 55.751187], [12.304637, 55.750821], [12.307676, 55.750559], [12.311278, 55.749985], [12.314931, 55.748889], [12.318217, 55.747415], [12.320952, 55.746029], [12.323447, 55.74481], [12.329621, 55.741883], [12.334803, 55.739674], [12.34588, 55.73503], [12.348329, 55.734037], [12.351761, 55.732811], [12.354012, 55.731742], [12.355813, 55.73083], [12.358276, 55.729819], [12.359627, 55.729224], [12.3622, 55.728201], [12.366076, 55.726962], [12.370025, 55.726197], [12.374966, 55.725674], [12.380468, 55.725181], [12.386029, 55.724641], [12.396362, 55.723654], [12.403601, 55.722995], [12.406258, 55.722769], [12.411467, 55.722228], [12.414823, 55.721982], [12.428958, 55.721489], [12.432556, 55.721281], [12.435662, 55.720915], [12.438868, 55.720241], [12.442769, 55.719133], [12.443621, 55.718867], [12.453042, 55.715877], [12.455295, 55.715059], [12.457533, 55.714061], [12.459403, 55.713064], [12.461107, 55.711973], [12.462983, 55.710499], [12.464098, 55.709425], [12.464302, 55.709212], [12.465624, 55.707601], [12.466735, 55.705763], [12.467757, 55.703279], [12.469238, 55.699506], [12.470689, 55.69612], [12.471848, 55.694469], [12.472322, 55.693889], [12.472703, 55.693527], [12.473102, 55.693174], [12.473935, 55.692521], [12.474565, 55.692081], [12.475034, 55.691807], [12.475521, 55.69155], [12.477172, 55.690784], [12.478381, 55.690238], [12.479457, 55.689811], [12.480585, 55.689429], [12.481514, 55.689142], [12.482089, 55.688981], [12.482965, 55.688804], [12.486133, 55.688273], [12.490624, 55.687408], [12.492203, 55.687093], [12.495164, 55.686568], [12.496014, 55.686454], [12.496826, 55.686287], [12.497292, 55.686157], [12.497816, 55.685962], [12.498303, 55.685715], [12.498692, 55.685434], [12.499047, 55.685136], [12.499235, 55.684924], [12.503091, 55.679464], [12.503337, 55.679007], [12.503475, 55.67859], [12.50378, 55.677907], [12.504273, 55.67631], [12.505381, 55.672511], [12.505414, 55.672348], [12.505404, 55.671872], [12.505359, 55.671549], [12.505251, 55.671238], [12.505096, 55.670927], [12.504786, 55.670487], [12.504392, 55.669815], [12.504176, 55.669353], [12.504007, 55.66889], [12.503962, 55.668388], [12.503995, 55.668046], [12.50411, 55.667548], [12.504336, 55.667056], [12.504542, 55.66669], [12.504869, 55.666258], [12.505294, 55.66585], [12.505785, 55.665468], [12.50616, 55.665214], [12.506781, 55.664864], [12.50747, 55.664565], [12.507963, 55.664389], [12.50849, 55.664239], [12.50902, 55.664116], [12.509583, 55.66401], [12.510433, 55.663905], [12.51132, 55.663862], [12.514372, 55.663837]]}, "properties": {"shape_id": "2464", "route_id": "16451_109", "route_short_name": "C", "agency_id": "318"}}, {"type": "Feature", "geometry": {"type": "LineString", "coordinates": [[12.358276, 55.729819], [12.359627, 55.729224], [12.3622, 55.728201], [12.366076, 55.726962], [12.370025, 55.726197], [12.374966, 55.725674], [12.380468, 55.725181], [12.386029, 55.724641], [12.396362, 55.723654], [12.403601, 55.722995], [12.406258, 55.722769], [12.411467, 55.722228], [12.414823, 55.721982], [12.428958, 55.721489], [12.432556, 55.721281], [12.435662, 55.720915], [12.438868, 55.720241], [12.442769, 55.719133], [12.443621, 55.718867], [12.453042, 55.715877], [12.455295, 55.715059], [12.457533, 55.714061], [12.459403, 55.713064], [12.461107, 55.711973], [12.462983, 55.710499], [12.464098, 55.709425], [12.464302, 55.709212], [12.465624, 55.707601], [12.466735, 55.705763], [12.467757, 55.703279], [12.469238, 55.699506], [12.470689, 55.69612], [12.471848, 55.694469], [12.472322, 55.693889], [12.472703, 55.693527], [12.473102, 55.693174], [12.473935, 55.692521], [12.474565, 55.692081], [12.475034, 55.691807], [12.475521, 55.69155], [12.477172, 55.690784], [12.478381, 55.690238], [12.479457, 55.689811], [12.480585, 55.689429], [12.481514, 55.689142], [12.482089, 55.688981], [12.482965, 55.688804], [12.486133, 55.688273], [12.490624, 55.687408], [12.492203, 55.687093], [12.495164, 55.686568], [12.496014, 55.686454], [12.496826, 55.686287], [12.497292, 55.686157], [12.497816, 55.685962], [12.498303, 55.685715], [12.498692, 55.685434], [12.499047, 55.685136], [12.499235, 55.684924], [12.503091, 55.679464], [12.503337, 55.679007], [12.503475, 55.67859], [12.50378, 55.677907], [12.504273, 55.67631], [12.505381, 55.672511], [12.505414, 55.672348], [12.505404, 55.671872], [12.505359, 55.671549], [12.505251, 55.671238], [12.505096, 55.670927], [12.504786, 55.670487], [12.504392, 55.669815], [12.504176, 55.669353], [12.504007, 55.66889], [12.503962, 55.668388], [12.503995, 55.668046], [12.50411, 55.667548], [12.504336, 55.667056], [12.504542, 55.66669], [12.504869, 55.666258], [12.505294, 55.66585], [12.505785, 55.665468], [12.50616, 55.665214], [12.506781, 55.664864], [12.50747, 55.664565], [12.507963, 55.664389], [12.50849, 55.664239], [12.50902, 55.664116], [12.509583, 55.66401], [12.510433, 55.663905], [12.51132, 55.663862], [12.514372, 55.663837], [12.5191, 55.663702], [12.523119, 55.66364], [12.531457, 55.66349], [12.535312, 55.663379], [12.536024, 55.663341], [12.537292, 55.663286], [12.538621, 55.663203], [12.541496, 55.662805], [12.542394, 55.662707], [12.543011, 55.662671], [12.54363, 55.662662], [12.544668, 55.662704], [12.545711, 55.6628], [12.546387, 55.662897], [12.54705, 55.663013], [12.5477, 55.663165], [12.558024, 55.664394], [12.558413, 55.664473], [12.558804, 55.66457], [12.559164, 55.664685], [12.55951, 55.664819], [12.559909, 55.665005], [12.562396, 55.666291], [12.564835, 55.667568], [12.565208, 55.667818], [12.56569, 55.668218], [12.565939, 55.668507], [12.566157, 55.668807], [12.566406, 55.669267], [12.566529, 55.669749], [12.566541, 55.670225], [12.566441, 55.670705], [12.566311, 55.671023], [12.56592, 55.671619], [12.565448, 55.672199], [12.564894, 55.672755], [12.564471, 55.673001], [12.563903, 55.673413], [12.56358, 55.673701], [12.563177, 55.674172], [12.562952, 55.674493], [12.562711, 55.674995], [12.562614, 55.67533], [12.562566, 55.675673], [12.562567, 55.676033], [12.562595, 55.676347], [12.562686, 55.67665], [12.562887, 55.677102], [12.563197, 55.677543], [12.563461, 55.677814], [12.563771, 55.678075], [12.563926, 55.678205], [12.566925, 55.679862], [12.570342, 55.682425], [12.571245, 55.683073], [12.572231, 55.683772], [12.574645, 55.685275], [12.57656, 55.686559], [12.580036, 55.688535], [12.581921, 55.689478], [12.583845, 55.690501], [12.587131, 55.692482], [12.587571, 55.692766]]}, "properties": {"shape_id": "2465", "route_id": "16451_109", "route_short_name": "C", "agency_id": "318"}}, {"type": "Feature", "geometry": {"type": "LineString", "coordinates": [[12.358276, 55.729819], [12.359627, 55.729224], [12.3622, 55.728201], [12.366076, 55.726962], [12.370025, 55.726197], [12.374966, 55.725674], [12.380468, 55.725181], [12.386029, 55.724641], [12.396362, 55.723654], [12.403601, 55.722995], [12.406258, 55.722769], [12.411467, 55.722228], [12.414823, 55.721982], [12.428958, 55.721489], [12.432556, 55.721281], [12.435662, 55.720915], [12.438868, 55.720241], [12.442769, 55.719133], [12.443621, 55.718867], [12.453042, 55.715877], [12.455295, 55.715059], [12.457533, 55.714061], [12.459403, 55.713064], [12.461107, 55.711973], [12.462983, 55.710499], [12.464098, 55.709425], [12.464302, 55.709212], [12.465624, 55.707601], [12.466735, 55.705763], [12.467757, 55.703279], [12.469238, 55.699506], [12.470689, 55.69612], [12.471848, 55.694469], [12.472322, 55.693889], [12.472703, 55.693527], [12.473102, 55.693174], [12.473935, 55.692521], [12.474565, 55.692081], [12.475034, 55.691807], [12.475521, 55.69155], [12.477172, 55.690784], [12.478381, 55.690238], [12.479457, 55.689811], [12.480585, 55.689429], [12.481514, 55.689142], [12.482089, 55.688981], [12.482965, 55.688804], [12.486133, 55.688273], [12.490624, 55.687408], [12.492203, 55.687093], [12.495164, 55.686568], [12.496014, 55.686454], [12.496826, 55.686287], [12.497292, 55.686157], [12.497816, 55.685962], [12.498303, 55.685715], [12.498692, 55.685434], [12.499047, 55.685136], [12.499235, 55.684924], [12.503091, 55.679464], [12.503337, 55.679007], [12.503475, 55.67859], [12.50378, 55.677907], [12.504273, 55.67631], [12.505381, 55.672511], [12.505414, 55.672348], [12.505404, 55.671872], [12.505359, 55.671549], [12.505251, 55.671238], [12.505096, 55.670927], [12.504786, 55.670487], [12.504392, 55.669815], [12.504176, 55.669353], [12.504007, 55.66889], [12.503962, 55.668388], [12.503995, 55.668046], [12.50411, 55.667548], [12.504336, 55.667056], [12.504542, 55.66669], [12.504869, 55.666258], [12.505294, 55.66585], [12.505785, 55.665468], [12.50616, 55.665214], [12.506781, 55.664864], [12.50747, 55.664565], [12.507963, 55.664389], [12.50849, 55.664239], [12.50902, 55.664116], [12.509583, 55.66401], [12.510433, 55.663905], [12.51132, 55.663862], [12.514372, 55.663837], [12.5191, 55.663702], [12.523119, 55.66364], [12.531457, 55.66349], [12.535312, 55.663379], [12.536024, 55.663341], [12.537292, 55.663286], [12.538621, 55.663203], [12.541496, 55.662805], [12.542394, 55.662707], [12.543011, 55.662671], [12.54363, 55.662662], [12.544668, 55.662704], [12.545711, 55.6628], [12.546387, 55.662897], [12.54705, 55.663013], [12.5477, 55.663165], [12.558024, 55.664394], [12.558413, 55.664473], [12.558804, 55.66457], [12.559164, 55.664685], [12.55951, 55.664819], [12.559909, 55.665005], [12.562396, 55.666291], [12.564835, 55.667568], [12.565208, 55.667818], [12.56569, 55.668218], [12.565939, 55.668507], [12.566157, 55.668807], [12.566406, 55.669267], [12.566529, 55.669749], [12.566541, 55.670225], [12.566441, 55.670705], [12.566311, 55.671023], [12.56592, 55.671619], [12.565448, 55.672199], [12.564894, 55.672755]]}, "properties": {"shape_id": "2466", "route_id": "16451_109", "route_short_name": "C", "agency_id": "318"}}, {"type": "Feature", "geometry": {"type": "LineString", "coordinates": [[12.468662, 55.807688], [12.468095, 55.805978], [12.468058, 55.804666], [12.468705, 55.802966], [12.469782, 55.801434], [12.470808, 55.800057], [12.472022, 55.798089], [12.473268, 55.795591], [12.476463, 55.788829], [12.478088, 55.785573], [12.479509, 55.783797], [12.481215, 55.782526], [12.48304, 55.78153], [12.483577, 55.78129], [12.487164, 55.779651], [12.489552, 55.778342], [12.491039, 55.777131], [12.495486, 55.771924], [12.496992, 55.770757], [12.499114, 55.76969], [12.50317, 55.768145], [12.504589, 55.76761], [12.513594, 55.764349], [12.516221, 55.763411], [12.518918, 55.762551], [12.521613, 55.761665], [12.527111, 55.759511], [12.535844, 55.755923], [12.541637, 55.753518], [12.544897, 55.752192], [12.548514, 55.750595], [12.55117, 55.748944], [12.55305, 55.747361], [12.554539, 55.746023], [12.555724, 55.744856], [12.557572, 55.743094], [12.558159, 55.742717], [12.558812, 55.742366], [12.5607, 55.741565], [12.561592, 55.741215], [12.562158, 55.740956], [12.56269, 55.740671], [12.563189, 55.740368], [12.563862, 55.73989], [12.564277, 55.739546], [12.564643, 55.739193], [12.565434, 55.737552], [12.56625, 55.733922], [12.56708, 55.730967], [12.567583, 55.729145], [12.568321, 55.726939], [12.569237, 55.724754], [12.570873, 55.72173], [12.572105, 55.719527], [12.57247, 55.718986], [12.572917, 55.718469], [12.573461, 55.717977], [12.574105, 55.717527], [12.574799, 55.717111], [12.575577, 55.716728], [12.578328, 55.715812], [12.582177, 55.714351], [12.585566, 55.71275], [12.586424, 55.712204], [12.587197, 55.711606], [12.587653, 55.711197], [12.588263, 55.710549], [12.588619, 55.710098], [12.588928, 55.70964], [12.589962, 55.70755], [12.590774, 55.705638], [12.590943, 55.70522], [12.591365, 55.703229], [12.592059, 55.697958], [12.592154, 55.697433], [12.592138, 55.696903], [12.592057, 55.696546], [12.59185, 55.69603], [12.59155, 55.695536], [12.591124, 55.695054], [12.590794, 55.694758], [12.590621, 55.69461], [12.587571, 55.692766], [12.587131, 55.692482], [12.583845, 55.690501], [12.581921, 55.689478], [12.580036, 55.688535], [12.57656, 55.686559], [12.574645, 55.685275], [12.572231, 55.683772], [12.571245, 55.683073], [12.570342, 55.682425], [12.566925, 55.679862], [12.563926, 55.678205], [12.563771, 55.678075], [12.563461, 55.677814], [12.563197, 55.677543], [12.562887, 55.677102], [12.562686, 55.67665], [12.562595, 55.676347], [12.562567, 55.676033], [12.562566, 55.675673], [12.562614, 55.67533], [12.562711, 55.674995], [12.562952, 55.674493], [12.563177, 55.674172], [12.56358, 55.673701], [12.563903, 55.673413], [12.564471, 55.673001], [12.564894, 55.672755], [12.565448, 55.672199], [12.56592, 55.671619], [12.566311, 55.671023], [12.566441, 55.670705], [12.566541, 55.670225], [12.566529, 55.669749], [12.566406, 55.669267], [12.566157, 55.668807], [12.565939, 55.668507], [12.56569, 55.668218], [12.565208, 55.667818], [12.564835, 55.667568], [12.562396, 55.666291], [12.559909, 55.665005], [12.55951, 55.664819], [12.559511, 55.664828], [12.559164, 55.664685], [12.558804, 55.66457], [12.558429, 55.664473], [12.558024, 55.664394], [12.5477, 55.663165], [12.547051, 55.663022], [12.546065, 55.662844], [12.545389, 55.662764], [12.544539, 55.662681], [12.544377, 55.66265], [12.54359, 55.662394], [12.542944, 55.662116], [12.542343, 55.661791], [12.541817, 55.661429], [12.541383, 55.661028], [12.541134, 55.660738], [12.53992, 55.65875], [12.53929, 55.657411], [12.538906, 55.656145], [12.538576, 55.65566], [12.53831, 55.655362], [12.537997, 55.655065], [12.537482, 55.654648], [12.536557, 55.654082], [12.535749, 55.653763], [12.529576, 55.651972], [12.528437, 55.65169], [12.527341, 55.651524], [12.523831, 55.65122], [12.522845, 55.651222], [12.522196, 55.651249], [12.52122, 55.651358], [12.52028, 55.65152], [12.517843, 55.652183], [12.517389, 55.652268], [12.516918, 55.652327], [12.516443, 55.652359], [12.515967, 55.652363], [12.515503, 55.652331], [12.514955, 55.652257], [12.514438, 55.652164], [12.513918, 55.652035], [12.513442, 55.651878], [12.512981, 55.651702], [12.512351, 55.651406], [12.511964, 55.651174], [12.511624, 55.650923], [12.508406, 55.648021], [12.505956, 55.64587], [12.504546, 55.644328], [12.503428, 55.642849], [12.501936, 55.641453], [12.49999, 55.639953], [12.499649, 55.639693], [12.495383, 55.636075], [12.494193, 55.634841], [12.492718, 55.633094], [12.491382, 55.632017], [12.489502, 55.631072], [12.487374, 55.630377], [12.48463, 55.629718], [12.482352, 55.629127], [12.478222, 55.628075], [12.475036, 55.627455], [12.471667, 55.627092], [12.465002, 55.62684], [12.46233, 55.626637], [12.454604, 55.625524], [12.4541, 55.625395], [12.45212, 55.624929], [12.43934, 55.62144], [12.436961, 55.620949], [12.434662, 55.620636], [12.431182, 55.620455], [12.427773, 55.620541], [12.422664, 55.620981], [12.422332, 55.621008], [12.418228, 55.621131], [12.414784, 55.621362], [12.412287, 55.621693], [12.406566, 55.622787], [12.403074, 55.623379], [12.399624, 55.623726], [12.396642, 55.623791], [12.393695, 55.623702], [12.390984, 55.623588], [12.388414, 55.623452], [12.387472, 55.623397], [12.38253, 55.623219], [12.377398, 55.622848], [12.374908, 55.622539], [12.372098, 55.622005], [12.369459, 55.62125], [12.366912, 55.620268], [12.365204, 55.619434], [12.363627, 55.618462], [12.362113, 55.617298], [12.360166, 55.615526], [12.357887, 55.613395], [12.355749, 55.611431], [12.352959, 55.609259], [12.350084, 55.607594], [12.337971, 55.600938], [12.335923, 55.599636], [12.333188, 55.597526], [12.330635, 55.595518], [12.327313, 55.592849], [12.32546, 55.591586], [12.323219, 55.590622], [12.320078, 55.589907], [12.316964, 55.589497], [12.310803, 55.588729], [12.308226, 55.588106], [12.306039, 55.587203], [12.304515, 55.586255], [12.301563, 55.584195], [12.299632, 55.583123], [12.295539, 55.581255], [12.291828, 55.579593], [12.289605, 55.578439], [12.287977, 55.577385], [12.286653, 55.576351], [12.285375, 55.575109], [12.283316, 55.572691], [12.281732, 55.571205], [12.279495, 55.569692], [12.277046, 55.568481], [12.274969, 55.567736], [12.272029, 55.566925], [12.26898, 55.566125], [12.266156, 55.565355], [12.263637, 55.56464], [12.260395, 55.563612], [12.255439, 55.562008], [12.252734, 55.560956], [12.250563, 55.559836], [12.24854, 55.558379], [12.245704, 55.555928], [12.241855, 55.552533], [12.239384, 55.550449], [12.235718, 55.547714], [12.23399, 55.546564], [12.226713, 55.542333], [12.224697, 55.540947], [12.223294, 55.539698], [12.221292, 55.537512], [12.219847, 55.535743], [12.217969, 55.533329], [12.215147, 55.529627], [12.214095, 55.528396], [12.211915, 55.525963], [12.208442, 55.520687], [12.207333, 55.519124], [12.205992, 55.51764], [12.204209, 55.516176], [12.201936, 55.514725], [12.194734, 55.510517], [12.192695, 55.509402], [12.185924, 55.505802], [12.181603, 55.503487], [12.176758, 55.500574], [12.175236, 55.499373], [12.174851, 55.498915], [12.172743, 55.499887], [12.174851, 55.498915], [12.173905, 55.497789], [12.173214, 55.496485], [12.171878, 55.493463], [12.17103, 55.49139], [12.17082, 55.490937], [12.170656, 55.490474], [12.170589, 55.490233], [12.170504, 55.489768], [12.170466, 55.489292], [12.170475, 55.488815], [12.170504, 55.488581], [12.170592, 55.488111], [12.171229, 55.485784], [12.171892, 55.483996], [12.171927, 55.483833], [12.172044, 55.483524], [12.172111, 55.48337], [12.172276, 55.48306], [12.172476, 55.482785], [12.172708, 55.482518], [12.172824, 55.482389], [12.173089, 55.48214], [12.173528, 55.481697], [12.174, 55.481271], [12.174504, 55.480844], [12.174773, 55.480639], [12.17596, 55.479853], [12.176275, 55.479638], [12.179962, 55.477655], [12.180667, 55.477169], [12.181305, 55.47664], [12.181846, 55.476077], [12.182289, 55.47549], [12.182652, 55.474887], [12.182902, 55.474261], [12.183011, 55.473844], [12.183752, 55.471649], [12.186236, 55.464778], [12.187059, 55.462428], [12.187179, 55.461949], [12.187266, 55.461461], [12.187305, 55.460965], [12.187261, 55.460229], [12.187158, 55.459738], [12.186599, 55.457513]]}, "properties": {"shape_id": "2418", "route_id": "16452_109", "route_short_name": "E", "agency_id": "318"}}, {"type": "Feature", "geometry": {"type": "LineString", "coordinates": [[12.564894, 55.672755], [12.565448, 55.672199], [12.56592, 55.671619], [12.566311, 55.671023], [12.566441, 55.670705], [12.566541, 55.670225], [12.566529, 55.669749], [12.566406, 55.669267], [12.566157, 55.668807], [12.565939, 55.668507], [12.56569, 55.668218], [12.565208, 55.667818], [12.564835, 55.667568], [12.562396, 55.666291], [12.559909, 55.665005], [12.55951, 55.664819], [12.559511, 55.664828], [12.559164, 55.664685], [12.558804, 55.66457], [12.558429, 55.664473], [12.558024, 55.664394], [12.5477, 55.663165], [12.547051, 55.663022], [12.546065, 55.662844], [12.545389, 55.662764], [12.544539, 55.662681], [12.544377, 55.66265], [12.54359, 55.662394], [12.542944, 55.662116], [12.542343, 55.661791], [12.541817, 55.661429], [12.541383, 55.661028], [12.541134, 55.660738], [12.53992, 55.65875], [12.53929, 55.657411], [12.538906, 55.656145], [12.538576, 55.65566], [12.53831, 55.655362], [12.537997, 55.655065], [12.537482, 55.654648], [12.536557, 55.654082], [12.535749, 55.653763], [12.529576, 55.651972], [12.528437, 55.65169], [12.527341, 55.651524], [12.523831, 55.65122], [12.522845, 55.651222], [12.522196, 55.651249], [12.52122, 55.651358], [12.52028, 55.65152], [12.517843, 55.652183], [12.517389, 55.652268], [12.516918, 55.652327], [12.516443, 55.652359], [12.515967, 55.652363], [12.515503, 55.652331], [12.514955, 55.652257], [12.514438, 55.652164], [12.513918, 55.652035], [12.513442, 55.651878], [12.512981, 55.651702], [12.512351, 55.651406], [12.511964, 55.651174], [12.511624, 55.650923], [12.508406, 55.648021], [12.505956, 55.64587], [12.504546, 55.644328], [12.503428, 55.642849], [12.501936, 55.641453], [12.49999, 55.639953], [12.499649, 55.639693], [12.495383, 55.636075], [12.494193, 55.634841], [12.492718, 55.633094], [12.491382, 55.632017], [12.489502, 55.631072], [12.487374, 55.630377], [12.48463, 55.629718], [12.482352, 55.629127], [12.478222, 55.628075], [12.475036, 55.627455], [12.471667, 55.627092], [12.465002, 55.62684], [12.46233, 55.626637], [12.454604, 55.625524], [12.4541, 55.625395], [12.45212, 55.624929], [12.43934, 55.62144], [12.436961, 55.620949], [12.434662, 55.620636], [12.431182, 55.620455], [12.427773, 55.620541], [12.422664, 55.620981], [12.422332, 55.621008], [12.418228, 55.621131], [12.414784, 55.621362], [12.412287, 55.621693], [12.406566, 55.622787], [12.403074, 55.623379], [12.399624, 55.623726], [12.396642, 55.623791], [12.393695, 55.623702], [12.390984, 55.623588], [12.388414, 55.623452], [12.387472, 55.623397], [12.38253, 55.623219], [12.377398, 55.622848], [12.374908, 55.622539], [12.372098, 55.622005], [12.369459, 55.62125], [12.366912, 55.620268], [12.365204, 55.619434], [12.363627, 55.618462], [12.362113, 55.617298], [12.360166, 55.615526], [12.357887, 55.613395], [12.355749, 55.611431], [12.352959, 55.609259], [12.350084, 55.607594], [12.337971, 55.600938], [12.335923, 55.599636], [12.333188, 55.597526], [12.330635, 55.595518], [12.327313, 55.592849], [12.32546, 55.591586], [12.323219, 55.590622], [12.320078, 55.589907], [12.316964, 55.589497], [12.310803, 55.588729], [12.308226, 55.588106], [12.306039, 55.587203], [12.304515, 55.586255], [12.301563, 55.584195], [12.299632, 55.583123], [12.295539, 55.581255], [12.291828, 55.579593], [12.289605, 55.578439], [12.287977, 55.577385], [12.286653, 55.576351], [12.285375, 55.575109], [12.283316, 55.572691], [12.281732, 55.571205], [12.279495, 55.569692], [12.277046, 55.568481], [12.274969, 55.567736], [12.272029, 55.566925], [12.26898, 55.566125], [12.266156, 55.565355], [12.263637, 55.56464], [12.260395, 55.563612], [12.255439, 55.562008], [12.252734, 55.560956], [12.250563, 55.559836], [12.24854, 55.558379], [12.245704, 55.555928], [12.241855, 55.552533], [12.239384, 55.550449], [12.235718, 55.547714], [12.23399, 55.546564], [12.226713, 55.542333], [12.224697, 55.540947], [12.223294, 55.539698], [12.221292, 55.537512], [12.219847, 55.535743], [12.217969, 55.533329], [12.215147, 55.529627], [12.214095, 55.528396], [12.211915, 55.525963], [12.208442, 55.520687], [12.207333, 55.519124], [12.205992, 55.51764], [12.204209, 55.516176], [12.201936, 55.514725], [12.194734, 55.510517], [12.192695, 55.509402], [12.185924, 55.505802], [12.181603, 55.503487], [12.176758, 55.500574], [12.175236, 55.499373], [12.174851, 55.498915], [12.172743, 55.499887], [12.174851, 55.498915], [12.173905, 55.497789], [12.173214, 55.496485], [12.171878, 55.493463], [12.17103, 55.49139], [12.17082, 55.490937], [12.170656, 55.490474], [12.170589, 55.490233], [12.170504, 55.489768], [12.170466, 55.489292], [12.170475, 55.488815], [12.170504, 55.488581], [12.170592, 55.488111], [12.171229, 55.485784], [12.171892, 55.483996], [12.171927, 55.483833], [12.172044, 55.483524], [12.172111, 55.48337], [12.172276, 55.48306], [12.172476, 55.482785], [12.172708, 55.482518], [12.172824, 55.482389], [12.173089, 55.48214], [12.173528, 55.481697], [12.174, 55.481271], [12.174504, 55.480844], [12.174773, 55.480639], [12.17596, 55.479853], [12.176275, 55.479638], [12.179962, 55.477655], [12.180667, 55.477169], [12.181305, 55.47664], [12.181846, 55.476077], [12.182289, 55.47549], [12.182652, 55.474887], [12.182902, 55.474261], [12.183011, 55.473844], [12.183752, 55.471649], [12.186236, 55.464778], [12.187059, 55.462428], [12.187179, 55.461949], [12.187266, 55.461461], [12.187305, 55.460965], [12.187261, 55.460229], [12.187158, 55.459738], [12.186599, 55.457513]]}, "properties": {"shape_id": "2421", "route_id": "16452_109", "route_short_name": "E", "agency_id": "318"}}, {"type": "Feature", "geometry": {"type": "LineString", "coordinates": [[12.186599, 55.457513], [12.187158, 55.459738], [12.187261, 55.460229], [12.187305, 55.460965], [12.187266, 55.461461], [12.187179, 55.461949], [12.187059, 55.462428], [12.186236, 55.464778], [12.183752, 55.471649], [12.183011, 55.473844], [12.182902, 55.474261], [12.182652, 55.474887], [12.182289, 55.47549], [12.181846, 55.476077], [12.181305, 55.47664], [12.180667, 55.477169], [12.179962, 55.477655], [12.176275, 55.479638], [12.17596, 55.479853], [12.174773, 55.480639], [12.174504, 55.480844], [12.174, 55.481271], [12.173528, 55.481697], [12.173089, 55.48214], [12.172824, 55.482389], [12.172708, 55.482518], [12.172476, 55.482785], [12.172276, 55.48306], [12.172111, 55.48337], [12.172044, 55.483524], [12.171927, 55.483833], [12.171892, 55.483996], [12.171229, 55.485784], [12.170592, 55.488111], [12.170504, 55.488581], [12.170475, 55.488815], [12.170466, 55.489292], [12.170504, 55.489768], [12.170589, 55.490233], [12.170656, 55.490474], [12.17082, 55.490937], [12.17103, 55.49139], [12.171878, 55.493463], [12.173214, 55.496485], [12.173905, 55.497789], [12.174851, 55.498915], [12.172743, 55.499887], [12.174851, 55.498915], [12.175236, 55.499373], [12.176758, 55.500574], [12.181603, 55.503487], [12.185924, 55.505802], [12.192695, 55.509402], [12.194734, 55.510517], [12.201936, 55.514725], [12.204209, 55.516176], [12.205992, 55.51764], [12.207333, 55.519124], [12.208442, 55.520687], [12.211915, 55.525963], [12.214095, 55.528396], [12.215147, 55.529627], [12.217969, 55.533329], [12.219847, 55.535743], [12.221292, 55.537512], [12.223294, 55.539698], [12.224697, 55.540947], [12.226713, 55.542333], [12.23399, 55.546564], [12.235718, 55.547714], [12.239384, 55.550449], [12.241855, 55.552533], [12.245704, 55.555928], [12.24854, 55.558379], [12.250563, 55.559836], [12.252734, 55.560956], [12.255439, 55.562008], [12.260395, 55.563612], [12.263637, 55.56464], [12.266156, 55.565355], [12.26898, 55.566125], [12.272029, 55.566925], [12.274969, 55.567736], [12.277046, 55.568481], [12.279495, 55.569692], [12.281732, 55.571205], [12.283316, 55.572691], [12.285375, 55.575109], [12.286653, 55.576351], [12.287977, 55.577385], [12.289605, 55.578439], [12.291828, 55.579593], [12.295539, 55.581255], [12.299632, 55.583123], [12.301563, 55.584195], [12.304515, 55.586255], [12.306039, 55.587203], [12.308226, 55.588106], [12.310803, 55.588729], [12.316964, 55.589497], [12.320078, 55.589907], [12.323219, 55.590622], [12.32546, 55.591586], [12.327313, 55.592849], [12.330635, 55.595518], [12.333188, 55.597526], [12.335923, 55.599636], [12.337971, 55.600938], [12.350084, 55.607594], [12.352959, 55.609259], [12.355749, 55.611431], [12.357887, 55.613395], [12.360166, 55.615526], [12.362113, 55.617298], [12.363627, 55.618462], [12.365204, 55.619434], [12.366912, 55.620268], [12.369459, 55.62125], [12.372098, 55.622005], [12.374908, 55.622539], [12.377398, 55.622848], [12.38253, 55.623219], [12.387472, 55.623397], [12.388414, 55.623452], [12.390984, 55.623588], [12.393695, 55.623702], [12.396642, 55.623791], [12.399624, 55.623726], [12.403074, 55.623379], [12.406566, 55.622787], [12.412287, 55.621693], [12.414784, 55.621362], [12.418228, 55.621131], [12.422332, 55.621008], [12.422664, 55.620981], [12.427773, 55.620541], [12.431182, 55.620455], [12.434662, 55.620636], [12.436961, 55.620949], [12.43934, 55.62144], [12.45212, 55.624929], [12.4541, 55.625395], [12.454604, 55.625524], [12.46233, 55.626637], [12.465002, 55.62684], [12.471667, 55.627092], [12.475036, 55.627455], [12.478222, 55.628075], [12.482352, 55.629127], [12.48463, 55.629718], [12.487374, 55.630377], [12.489502, 55.631072], [12.491382, 55.632017], [12.492718, 55.633094], [12.494193, 55.634841], [12.495383, 55.636075], [12.499649, 55.639693], [12.49999, 55.639953], [12.501936, 55.641453], [12.503428, 55.642849], [12.504546, 55.644328], [12.505956, 55.64587], [12.508406, 55.648021], [12.511624, 55.650923], [12.511964, 55.651174], [12.512351, 55.651406], [12.512981, 55.651702], [12.513442, 55.651878], [12.513918, 55.652035], [12.514438, 55.652164], [12.514955, 55.652257], [12.515503, 55.652331], [12.515967, 55.652363], [12.516443, 55.652359], [12.516918, 55.652327], [12.517389, 55.652268], [12.517843, 55.652183], [12.52028, 55.65152], [12.52122, 55.651358], [12.522196, 55.651249], [12.522845, 55.651222], [12.523831, 55.65122], [12.527341, 55.651524], [12.528437, 55.65169], [12.529576, 55.651972], [12.535749, 55.653763], [12.536557, 55.654082], [12.537482, 55.654648], [12.537997, 55.655065], [12.53831, 55.655362], [12.538576, 55.65566], [12.538906, 55.656145], [12.53929, 55.657411], [12.53992, 55.65875], [12.541134, 55.660738], [12.541383, 55.661028], [12.541817, 55.661429], [12.542343, 55.661791], [12.542944, 55.662116], [12.54359, 55.662394], [12.544377, 55.66265], [12.544539, 55.662681], [12.545389, 55.662764], [12.546065, 55.662844], [12.547051, 55.663022], [12.5477, 55.663165], [12.558024, 55.664394], [12.558429, 55.664473], [12.558804, 55.66457], [12.559164, 55.664685], [12.559511, 55.664828], [12.55951, 55.664819], [12.559909, 55.665005], [12.562396, 55.666291], [12.564835, 55.667568], [12.565208, 55.667818], [12.56569, 55.668218], [12.565939, 55.668507], [12.566157, 55.668807], [12.566406, 55.669267], [12.566529, 55.669749], [12.566541, 55.670225], [12.566441, 55.670705], [12.566311, 55.671023], [12.56592, 55.671619], [12.565448, 55.672199], [12.564894, 55.672755]]}, "properties": {"shape_id": "2430", "route_id": "16452_109", "route_short_name": "E", "agency_id": "318"}}, {"type": "Feature", "geometry": {"type": "LineString", "coordinates": [[12.468662, 55.807688], [12.468095, 55.805978], [12.468058, 55.804666], [12.468705, 55.802966], [12.469782, 55.801434], [12.470808, 55.800057], [12.472022, 55.798089], [12.473268, 55.795591], [12.476463, 55.788829], [12.478088, 55.785573], [12.479509, 55.783797], [12.481215, 55.782526], [12.48304, 55.78153], [12.483577, 55.78129], [12.487164, 55.779651], [12.489552, 55.778342], [12.491039, 55.777131], [12.495486, 55.771924], [12.496992, 55.770757], [12.499114, 55.76969], [12.50317, 55.768145], [12.504589, 55.76761], [12.513594, 55.764349], [12.516221, 55.763411], [12.518918, 55.762551], [12.521613, 55.761665], [12.527111, 55.759511], [12.535844, 55.755923], [12.541637, 55.753518], [12.544897, 55.752192], [12.548514, 55.750595], [12.55117, 55.748944], [12.55305, 55.747361], [12.554539, 55.746023], [12.555724, 55.744856], [12.557572, 55.743094], [12.558159, 55.742717], [12.558812, 55.742366], [12.5607, 55.741565], [12.561592, 55.741215], [12.562158, 55.740956], [12.56269, 55.740671], [12.563189, 55.740368], [12.563862, 55.73989], [12.564277, 55.739546], [12.564643, 55.739193], [12.565434, 55.737552], [12.56625, 55.733922], [12.56708, 55.730967], [12.567583, 55.729145], [12.568321, 55.726939], [12.569237, 55.724754], [12.570873, 55.72173], [12.572105, 55.719527], [12.57247, 55.718986], [12.572917, 55.718469], [12.573461, 55.717977], [12.574105, 55.717527], [12.574799, 55.717111], [12.575577, 55.716728], [12.578328, 55.715812], [12.582177, 55.714351], [12.585566, 55.71275], [12.586424, 55.712204], [12.587197, 55.711606], [12.587653, 55.711197], [12.588263, 55.710549], [12.588619, 55.710098], [12.588928, 55.70964], [12.589962, 55.70755], [12.590774, 55.705638], [12.590943, 55.70522], [12.591365, 55.703229], [12.592059, 55.697958], [12.592154, 55.697433], [12.592138, 55.696903], [12.592057, 55.696546], [12.59185, 55.69603], [12.59155, 55.695536], [12.591124, 55.695054], [12.590794, 55.694758], [12.590621, 55.69461], [12.587571, 55.692766], [12.587131, 55.692482], [12.583845, 55.690501], [12.581921, 55.689478], [12.580036, 55.688535], [12.57656, 55.686559], [12.574645, 55.685275], [12.572231, 55.683772], [12.571245, 55.683073], [12.570342, 55.682425], [12.566925, 55.679862], [12.563926, 55.678205], [12.563771, 55.678075], [12.563461, 55.677814], [12.563197, 55.677543], [12.562887, 55.677102], [12.562686, 55.67665], [12.562595, 55.676347], [12.562567, 55.676033], [12.562566, 55.675673], [12.562614, 55.67533], [12.562711, 55.674995], [12.562952, 55.674493], [12.563177, 55.674172], [12.56358, 55.673701], [12.563903, 55.673413], [12.564471, 55.673001], [12.564894, 55.672755]]}, "properties": {"shape_id": "2467", "route_id": "16452_109", "route_short_name": "E", "agency_id": "318"}}, {"type": "Feature", "geometry": {"type": "LineString", "coordinates": [[12.468662, 55.807688], [12.468095, 55.805978], [12.468058, 55.804666], [12.468705, 55.802966], [12.469782, 55.801434], [12.470808, 55.800057], [12.472022, 55.798089], [12.473268, 55.795591], [12.476463, 55.788829], [12.478088, 55.785573], [12.479509, 55.783797], [12.481215, 55.782526], [12.48304, 55.78153], [12.483577, 55.78129], [12.487164, 55.779651], [12.489552, 55.778342], [12.491039, 55.777131], [12.495486, 55.771924], [12.496992, 55.770757], [12.499114, 55.76969], [12.50317, 55.768145], [12.504589, 55.76761], [12.513594, 55.764349], [12.516221, 55.763411], [12.518918, 55.762551], [12.521613, 55.761665], [12.527111, 55.759511], [12.535844, 55.755923], [12.541637, 55.753518], [12.544897, 55.752192], [12.548514, 55.750595], [12.55117, 55.748944], [12.55305, 55.747361], [12.554539, 55.746023], [12.555724, 55.744856], [12.557572, 55.743094], [12.558159, 55.742717], [12.558812, 55.742366], [12.5607, 55.741565], [12.561592, 55.741215], [12.562158, 55.740956], [12.56269, 55.740671], [12.563189, 55.740368], [12.563862, 55.73989], [12.564277, 55.739546], [12.564643, 55.739193], [12.565434, 55.737552], [12.56625, 55.733922], [12.56708, 55.730967], [12.567583, 55.729145], [12.568321, 55.726939], [12.569237, 55.724754], [12.570873, 55.72173], [12.572105, 55.719527], [12.57247, 55.718986], [12.572917, 55.718469], [12.573461, 55.717977], [12.574105, 55.717527], [12.574799, 55.717111], [12.575577, 55.716728], [12.578328, 55.715812], [12.582177, 55.714351], [12.585566, 55.71275], [12.586424, 55.712204], [12.587197, 55.711606], [12.587653, 55.711197], [12.588263, 55.710549], [12.588619, 55.710098], [12.588928, 55.70964], [12.589962, 55.70755], [12.590774, 55.705638], [12.590943, 55.70522], [12.591365, 55.703229], [12.592059, 55.697958], [12.592154, 55.697433], [12.592138, 55.696903], [12.592057, 55.696546], [12.59185, 55.69603], [12.59155, 55.695536], [12.591124, 55.695054], [12.590794, 55.694758], [12.590621, 55.69461], [12.587571, 55.692766], [12.587131, 55.692482], [12.583845, 55.690501], [12.581921, 55.689478], [12.580036, 55.688535], [12.57656, 55.686559], [12.574645, 55.685275], [12.572231, 55.683772], [12.571245, 55.683073], [12.570342, 55.682425], [12.566925, 55.679862], [12.563926, 55.678205], [12.563771, 55.678075], [12.563461, 55.677814], [12.563197, 55.677543], [12.562887, 55.677102], [12.562686, 55.67665], [12.562595, 55.676347], [12.562567, 55.676033], [12.562566, 55.675673], [12.562614, 55.67533], [12.562711, 55.674995], [12.562952, 55.674493], [12.563177, 55.674172], [12.56358, 55.673701], [12.563903, 55.673413], [12.564471, 55.673001], [12.564894, 55.672755], [12.565448, 55.672199], [12.56592, 55.671619], [12.566311, 55.671023], [12.566441, 55.670705], [12.566541, 55.670225], [12.566529, 55.669749], [12.566406, 55.669267], [12.566157, 55.668807], [12.565939, 55.668507], [12.56569, 55.668218], [12.565208, 55.667818], [12.564835, 55.667568], [12.562396, 55.666291], [12.559909, 55.665005], [12.55951, 55.664819], [12.559511, 55.664828], [12.559164, 55.664685], [12.558804, 55.66457], [12.558429, 55.664473], [12.558024, 55.664394], [12.5477, 55.663165], [12.547051, 55.663022], [12.546065, 55.662844], [12.545389, 55.662764], [12.544539, 55.662681], [12.544377, 55.66265], [12.54359, 55.662394], [12.542944, 55.662116], [12.542343, 55.661791], [12.541817, 55.661429], [12.541383, 55.661028], [12.541134, 55.660738], [12.53992, 55.65875], [12.53929, 55.657411], [12.538906, 55.656145], [12.538576, 55.65566], [12.53831, 55.655362], [12.537997, 55.655065], [12.537482, 55.654648], [12.536557, 55.654082], [12.535749, 55.653763], [12.529576, 55.651972], [12.528437, 55.65169], [12.527341, 55.651524], [12.523831, 55.65122], [12.522845, 55.651222], [12.522196, 55.651249], [12.52122, 55.651358], [12.52028, 55.65152], [12.517843, 55.652183], [12.517389, 55.652268], [12.516918, 55.652327], [12.516443, 55.652359], [12.515967, 55.652363], [12.515503, 55.652331], [12.514955, 55.652257], [12.514438, 55.652164], [12.513918, 55.652035], [12.513442, 55.651878], [12.512981, 55.651702], [12.512351, 55.651406], [12.511964, 55.651174], [12.511624, 55.650923], [12.508406, 55.648021], [12.505956, 55.64587], [12.504546, 55.644328], [12.503428, 55.642849], [12.501936, 55.641453], [12.49999, 55.639953], [12.499649, 55.639693], [12.495383, 55.636075], [12.494193, 55.634841], [12.492718, 55.633094], [12.491382, 55.632017], [12.489502, 55.631072], [12.487374, 55.630377], [12.48463, 55.629718], [12.482352, 55.629127], [12.478222, 55.628075], [12.475036, 55.627455], [12.471667, 55.627092], [12.465002, 55.62684], [12.46233, 55.626637], [12.454604, 55.625524], [12.4541, 55.625395], [12.45212, 55.624929], [12.43934, 55.62144], [12.436961, 55.620949], [12.434662, 55.620636], [12.431182, 55.620455], [12.427773, 55.620541], [12.422664, 55.620981], [12.422332, 55.621008], [12.418228, 55.621131], [12.414784, 55.621362], [12.412287, 55.621693], [12.406566, 55.622787], [12.403074, 55.623379], [12.399624, 55.623726], [12.396642, 55.623791], [12.393695, 55.623702], [12.390984, 55.623588], [12.388414, 55.623452], [12.387472, 55.623397], [12.38253, 55.623219], [12.377398, 55.622848], [12.374908, 55.622539], [12.372098, 55.622005], [12.369459, 55.62125], [12.366912, 55.620268], [12.365204, 55.619434], [12.363627, 55.618462], [12.362113, 55.617298], [12.360166, 55.615526], [12.357887, 55.613395], [12.355749, 55.611431], [12.352959, 55.609259], [12.350084, 55.607594], [12.337971, 55.600938], [12.335923, 55.599636], [12.333188, 55.597526]]}, "properties": {"shape_id": "2468", "route_id": "16452_109", "route_short_name": "E", "agency_id": "318"}}, {"type": "Feature", "geometry": {"type": "LineString", "coordinates": [[12.564894, 55.672755], [12.564471, 55.673001], [12.563903, 55.673413], [12.56358, 55.673701], [12.563177, 55.674172], [12.562952, 55.674493], [12.562711, 55.674995], [12.562614, 55.67533], [12.562566, 55.675673], [12.562567, 55.676033], [12.562595, 55.676347], [12.562686, 55.67665], [12.562887, 55.677102], [12.563197, 55.677543], [12.563461, 55.677814], [12.563771, 55.678075], [12.563926, 55.678205], [12.566925, 55.679862], [12.570342, 55.682425], [12.571245, 55.683073], [12.572231, 55.683772], [12.574645, 55.685275], [12.57656, 55.686559], [12.580036, 55.688535], [12.581921, 55.689478], [12.583845, 55.690501], [12.587131, 55.692482], [12.587571, 55.692766], [12.590621, 55.69461], [12.590794, 55.694758], [12.591124, 55.695054], [12.59155, 55.695536], [12.59185, 55.69603], [12.592057, 55.696546], [12.592138, 55.696903], [12.592154, 55.697433], [12.592059, 55.697958], [12.591365, 55.703229], [12.590943, 55.70522], [12.590774, 55.705638], [12.589962, 55.70755], [12.588928, 55.70964], [12.588619, 55.710098], [12.588263, 55.710549], [12.587653, 55.711197], [12.587197, 55.711606], [12.586424, 55.712204], [12.585566, 55.71275], [12.582177, 55.714351], [12.578328, 55.715812], [12.575577, 55.716728], [12.574799, 55.717111], [12.574105, 55.717527], [12.573461, 55.717977], [12.572917, 55.718469], [12.57247, 55.718986], [12.572105, 55.719527], [12.570873, 55.72173], [12.569237, 55.724754], [12.568321, 55.726939], [12.567583, 55.729145], [12.56708, 55.730967], [12.56625, 55.733922], [12.565434, 55.737552], [12.564643, 55.739193], [12.564277, 55.739546], [12.563862, 55.73989], [12.563189, 55.740368], [12.56269, 55.740671], [12.562158, 55.740956], [12.561592, 55.741215], [12.5607, 55.741565], [12.558812, 55.742366], [12.558159, 55.742717], [12.557572, 55.743094], [12.555724, 55.744856], [12.554539, 55.746023], [12.55305, 55.747361], [12.55117, 55.748944], [12.548514, 55.750595], [12.544897, 55.752192], [12.541637, 55.753518], [12.535844, 55.755923], [12.527111, 55.759511], [12.521613, 55.761665], [12.518918, 55.762551], [12.516221, 55.763411], [12.513594, 55.764349], [12.504589, 55.76761], [12.50317, 55.768145], [12.499114, 55.76969], [12.496992, 55.770757], [12.495486, 55.771924], [12.491039, 55.777131], [12.489552, 55.778342], [12.487164, 55.779651], [12.483577, 55.78129], [12.48304, 55.78153], [12.481215, 55.782526], [12.479509, 55.783797], [12.478088, 55.785573], [12.476463, 55.788829], [12.473268, 55.795591], [12.472022, 55.798089], [12.470808, 55.800057], [12.469782, 55.801434], [12.468705, 55.802966], [12.468058, 55.804666], [12.468095, 55.805978], [12.468662, 55.807688]]}, "properties": {"shape_id": "2469", "route_id": "16452_109", "route_short_name": "E", "agency_id": "318"}}, {"type": "Feature", "geometry": {"type": "LineString", "coordinates": [[12.333188, 55.597526], [12.335923, 55.599636], [12.337971, 55.600938], [12.350084, 55.607594], [12.352959, 55.609259], [12.355749, 55.611431], [12.357887, 55.613395], [12.360166, 55.615526], [12.362113, 55.617298], [12.363627, 55.618462], [12.365204, 55.619434], [12.366912, 55.620268], [12.369459, 55.62125], [12.372098, 55.622005], [12.374908, 55.622539], [12.377398, 55.622848], [12.38253, 55.623219], [12.387472, 55.623397], [12.388414, 55.623452], [12.390984, 55.623588], [12.393695, 55.623702], [12.396642, 55.623791], [12.399624, 55.623726], [12.403074, 55.623379], [12.406566, 55.622787], [12.412287, 55.621693], [12.414784, 55.621362], [12.418228, 55.621131], [12.422332, 55.621008], [12.422664, 55.620981], [12.427773, 55.620541], [12.431182, 55.620455], [12.434662, 55.620636], [12.436961, 55.620949], [12.43934, 55.62144], [12.45212, 55.624929], [12.4541, 55.625395], [12.454604, 55.625524], [12.46233, 55.626637], [12.465002, 55.62684], [12.471667, 55.627092], [12.475036, 55.627455], [12.478222, 55.628075], [12.482352, 55.629127], [12.48463, 55.629718], [12.487374, 55.630377], [12.489502, 55.631072], [12.491382, 55.632017], [12.492718, 55.633094], [12.494193, 55.634841], [12.495383, 55.636075], [12.499649, 55.639693], [12.49999, 55.639953], [12.501936, 55.641453], [12.503428, 55.642849], [12.504546, 55.644328], [12.505956, 55.64587], [12.508406, 55.648021], [12.511624, 55.650923], [12.511964, 55.651174], [12.512351, 55.651406], [12.512981, 55.651702], [12.513442, 55.651878], [12.513918, 55.652035], [12.514438, 55.652164], [12.514955, 55.652257], [12.515503, 55.652331], [12.515967, 55.652363], [12.516443, 55.652359], [12.516918, 55.652327], [12.517389, 55.652268], [12.517843, 55.652183], [12.52028, 55.65152], [12.52122, 55.651358], [12.522196, 55.651249], [12.522845, 55.651222], [12.523831, 55.65122], [12.527341, 55.651524], [12.528437, 55.65169], [12.529576, 55.651972], [12.535749, 55.653763], [12.536557, 55.654082], [12.537482, 55.654648], [12.537997, 55.655065], [12.53831, 55.655362], [12.538576, 55.65566], [12.538906, 55.656145], [12.53929, 55.657411], [12.53992, 55.65875], [12.541134, 55.660738], [12.541383, 55.661028], [12.541817, 55.661429], [12.542343, 55.661791], [12.542944, 55.662116], [12.54359, 55.662394], [12.544377, 55.66265], [12.544539, 55.662681], [12.545389, 55.662764], [12.546065, 55.662844], [12.547051, 55.663022], [12.5477, 55.663165], [12.558024, 55.664394], [12.558429, 55.664473], [12.558804, 55.66457], [12.559164, 55.664685], [12.559511, 55.664828], [12.55951, 55.664819], [12.559909, 55.665005], [12.562396, 55.666291], [12.564835, 55.667568], [12.565208, 55.667818], [12.56569, 55.668218], [12.565939, 55.668507], [12.566157, 55.668807], [12.566406, 55.669267], [12.566529, 55.669749], [12.566541, 55.670225], [12.566441, 55.670705], [12.566311, 55.671023], [12.56592, 55.671619], [12.565448, 55.672199], [12.564894, 55.672755], [12.564471, 55.673001], [12.563903, 55.673413], [12.56358, 55.673701], [12.563177, 55.674172], [12.562952, 55.674493], [12.562711, 55.674995], [12.562614, 55.67533], [12.562566, 55.675673], [12.562567, 55.676033], [12.562595, 55.676347], [12.562686, 55.67665], [12.562887, 55.677102], [12.563197, 55.677543], [12.563461, 55.677814], [12.563771, 55.678075], [12.563926, 55.678205], [12.566925, 55.679862], [12.570342, 55.682425], [12.571245, 55.683073], [12.572231, 55.683772], [12.574645, 55.685275], [12.57656, 55.686559], [12.580036, 55.688535], [12.581921, 55.689478], [12.583845, 55.690501], [12.587131, 55.692482], [12.587571, 55.692766], [12.590621, 55.69461], [12.590794, 55.694758], [12.591124, 55.695054], [12.59155, 55.695536], [12.59185, 55.69603], [12.592057, 55.696546], [12.592138, 55.696903], [12.592154, 55.697433], [12.592059, 55.697958], [12.591365, 55.703229], [12.590943, 55.70522], [12.590774, 55.705638], [12.589962, 55.70755], [12.588928, 55.70964], [12.588619, 55.710098], [12.588263, 55.710549], [12.587653, 55.711197], [12.587197, 55.711606], [12.586424, 55.712204], [12.585566, 55.71275], [12.582177, 55.714351], [12.578328, 55.715812], [12.575577, 55.716728], [12.574799, 55.717111], [12.574105, 55.717527], [12.573461, 55.717977], [12.572917, 55.718469], [12.57247, 55.718986], [12.572105, 55.719527], [12.570873, 55.72173], [12.569237, 55.724754], [12.568321, 55.726939], [12.567583, 55.729145], [12.56708, 55.730967], [12.56625, 55.733922], [12.565434, 55.737552], [12.564643, 55.739193], [12.564277, 55.739546], [12.563862, 55.73989], [12.563189, 55.740368], [12.56269, 55.740671], [12.562158, 55.740956], [12.561592, 55.741215], [12.5607, 55.741565], [12.558812, 55.742366], [12.558159, 55.742717], [12.557572, 55.743094], [12.555724, 55.744856], [12.554539, 55.746023], [12.55305, 55.747361], [12.55117, 55.748944], [12.548514, 55.750595], [12.544897, 55.752192], [12.541637, 55.753518], [12.535844, 55.755923], [12.527111, 55.759511], [12.521613, 55.761665], [12.518918, 55.762551], [12.516221, 55.763411], [12.513594, 55.764349], [12.504589, 55.76761], [12.50317, 55.768145], [12.499114, 55.76969], [12.496992, 55.770757], [12.495486, 55.771924], [12.491039, 55.777131], [12.489552, 55.778342], [12.487164, 55.779651], [12.483577, 55.78129], [12.48304, 55.78153], [12.481215, 55.782526], [12.479509, 55.783797], [12.478088, 55.785573], [12.476463, 55.788829], [12.473268, 55.795591], [12.472022, 55.798089], [12.470808, 55.800057], [12.469782, 55.801434], [12.468705, 55.802966], [12.468058, 55.804666], [12.468095, 55.805978], [12.468662, 55.807688]]}, "properties": {"shape_id": "2470", "route_id": "16452_109", "route_short_name": "E", "agency_id": "318"}}, {"type": "Feature", "geometry": {"type": "LineString", "coordinates": [[12.186599, 55.457513], [12.187158, 55.459738], [12.187261, 55.460229], [12.187305, 55.460965], [12.187266, 55.461461], [12.187179, 55.461949], [12.187059, 55.462428], [12.186236, 55.464778], [12.183752, 55.471649], [12.183011, 55.473844], [12.182902, 55.474261], [12.182652, 55.474887], [12.182289, 55.47549], [12.181846, 55.476077], [12.181305, 55.47664], [12.180667, 55.477169], [12.179962, 55.477655], [12.176275, 55.479638], [12.17596, 55.479853], [12.174773, 55.480639], [12.174504, 55.480844], [12.174, 55.481271], [12.173528, 55.481697], [12.173089, 55.48214], [12.172824, 55.482389], [12.172708, 55.482518], [12.172476, 55.482785], [12.172276, 55.48306], [12.172111, 55.48337], [12.172044, 55.483524], [12.171927, 55.483833], [12.171892, 55.483996], [12.171229, 55.485784], [12.170592, 55.488111], [12.170504, 55.488581], [12.170475, 55.488815], [12.170466, 55.489292], [12.170504, 55.489768], [12.170589, 55.490233], [12.170656, 55.490474], [12.17082, 55.490937], [12.17103, 55.49139], [12.171878, 55.493463], [12.173214, 55.496485], [12.173905, 55.497789], [12.174851, 55.498915], [12.172743, 55.499887], [12.174851, 55.498915], [12.175236, 55.499373], [12.176758, 55.500574], [12.181603, 55.503487], [12.185924, 55.505802], [12.192695, 55.509402], [12.194734, 55.510517], [12.201936, 55.514725], [12.204209, 55.516176], [12.205992, 55.51764], [12.207333, 55.519124], [12.208442, 55.520687], [12.211915, 55.525963], [12.214095, 55.528396], [12.215147, 55.529627], [12.217969, 55.533329], [12.219847, 55.535743], [12.221292, 55.537512], [12.223294, 55.539698], [12.224697, 55.540947], [12.226713, 55.542333], [12.23399, 55.546564], [12.235718, 55.547714], [12.239384, 55.550449], [12.241855, 55.552533], [12.245704, 55.555928], [12.24854, 55.558379], [12.250563, 55.559836], [12.252734, 55.560956], [12.255439, 55.562008], [12.260395, 55.563612], [12.263637, 55.56464], [12.266156, 55.565355], [12.26898, 55.566125], [12.272029, 55.566925], [12.274969, 55.567736], [12.277046, 55.568481], [12.279495, 55.569692], [12.281732, 55.571205], [12.283316, 55.572691], [12.285375, 55.575109], [12.286653, 55.576351], [12.287977, 55.577385], [12.289605, 55.578439], [12.291828, 55.579593], [12.295539, 55.581255], [12.299632, 55.583123], [12.301563, 55.584195], [12.304515, 55.586255], [12.306039, 55.587203], [12.308226, 55.588106], [12.310803, 55.588729], [12.316964, 55.589497], [12.320078, 55.589907], [12.323219, 55.590622], [12.32546, 55.591586], [12.327313, 55.592849], [12.330635, 55.595518], [12.333188, 55.597526], [12.335923, 55.599636], [12.337971, 55.600938], [12.350084, 55.607594], [12.352959, 55.609259], [12.355749, 55.611431], [12.357887, 55.613395], [12.360166, 55.615526], [12.362113, 55.617298], [12.363627, 55.618462], [12.365204, 55.619434], [12.366912, 55.620268], [12.369459, 55.62125], [12.372098, 55.622005], [12.374908, 55.622539], [12.377398, 55.622848], [12.38253, 55.623219], [12.387472, 55.623397], [12.388414, 55.623452], [12.390984, 55.623588], [12.393695, 55.623702], [12.396642, 55.623791], [12.399624, 55.623726], [12.403074, 55.623379], [12.406566, 55.622787], [12.412287, 55.621693], [12.414784, 55.621362], [12.418228, 55.621131], [12.422332, 55.621008], [12.422664, 55.620981], [12.427773, 55.620541], [12.431182, 55.620455], [12.434662, 55.620636], [12.436961, 55.620949], [12.43934, 55.62144], [12.45212, 55.624929], [12.4541, 55.625395], [12.454604, 55.625524], [12.46233, 55.626637], [12.465002, 55.62684], [12.471667, 55.627092], [12.475036, 55.627455], [12.478222, 55.628075], [12.482352, 55.629127], [12.48463, 55.629718], [12.487374, 55.630377], [12.489502, 55.631072], [12.491382, 55.632017], [12.492718, 55.633094], [12.494193, 55.634841], [12.495383, 55.636075], [12.499649, 55.639693], [12.49999, 55.639953], [12.501936, 55.641453], [12.503428, 55.642849], [12.504546, 55.644328], [12.505956, 55.64587], [12.508406, 55.648021], [12.511624, 55.650923], [12.511964, 55.651174], [12.512351, 55.651406], [12.512981, 55.651702], [12.513442, 55.651878], [12.513918, 55.652035], [12.514438, 55.652164], [12.514955, 55.652257], [12.515503, 55.652331], [12.515967, 55.652363], [12.516443, 55.652359], [12.516918, 55.652327], [12.517389, 55.652268], [12.517843, 55.652183], [12.52028, 55.65152], [12.52122, 55.651358], [12.522196, 55.651249], [12.522845, 55.651222], [12.523831, 55.65122], [12.527341, 55.651524], [12.528437, 55.65169], [12.529576, 55.651972], [12.535749, 55.653763], [12.536557, 55.654082], [12.537482, 55.654648], [12.537997, 55.655065], [12.53831, 55.655362], [12.538576, 55.65566], [12.538906, 55.656145], [12.53929, 55.657411], [12.53992, 55.65875], [12.541134, 55.660738], [12.541383, 55.661028], [12.541817, 55.661429], [12.542343, 55.661791], [12.542944, 55.662116], [12.54359, 55.662394], [12.544377, 55.66265], [12.544539, 55.662681], [12.545389, 55.662764], [12.546065, 55.662844], [12.547051, 55.663022], [12.5477, 55.663165], [12.558024, 55.664394], [12.558429, 55.664473], [12.558804, 55.66457], [12.559164, 55.664685], [12.559511, 55.664828], [12.55951, 55.664819], [12.559909, 55.665005], [12.562396, 55.666291], [12.564835, 55.667568], [12.565208, 55.667818], [12.56569, 55.668218], [12.565939, 55.668507], [12.566157, 55.668807], [12.566406, 55.669267], [12.566529, 55.669749], [12.566541, 55.670225], [12.566441, 55.670705], [12.566311, 55.671023], [12.56592, 55.671619], [12.565448, 55.672199], [12.564894, 55.672755], [12.564471, 55.673001], [12.563903, 55.673413], [12.56358, 55.673701], [12.563177, 55.674172], [12.562952, 55.674493], [12.562711, 55.674995], [12.562614, 55.67533], [12.562566, 55.675673], [12.562567, 55.676033], [12.562595, 55.676347], [12.562686, 55.67665], [12.562887, 55.677102], [12.563197, 55.677543], [12.563461, 55.677814], [12.563771, 55.678075], [12.563926, 55.678205], [12.566925, 55.679862], [12.570342, 55.682425], [12.571245, 55.683073], [12.572231, 55.683772], [12.574645, 55.685275], [12.57656, 55.686559], [12.580036, 55.688535], [12.581921, 55.689478], [12.583845, 55.690501], [12.587131, 55.692482], [12.587571, 55.692766], [12.590621, 55.69461], [12.590794, 55.694758], [12.591124, 55.695054], [12.59155, 55.695536], [12.59185, 55.69603], [12.592057, 55.696546], [12.592138, 55.696903], [12.592154, 55.697433], [12.592059, 55.697958], [12.591365, 55.703229], [12.590943, 55.70522], [12.590774, 55.705638], [12.589962, 55.70755], [12.588928, 55.70964], [12.588619, 55.710098], [12.588263, 55.710549], [12.587653, 55.711197], [12.587197, 55.711606], [12.586424, 55.712204], [12.585566, 55.71275], [12.582177, 55.714351], [12.578328, 55.715812], [12.575577, 55.716728], [12.574799, 55.717111], [12.574105, 55.717527], [12.573461, 55.717977], [12.572917, 55.718469], [12.57247, 55.718986], [12.572105, 55.719527], [12.570873, 55.72173], [12.569237, 55.724754], [12.568321, 55.726939], [12.567583, 55.729145], [12.56708, 55.730967], [12.56625, 55.733922], [12.565434, 55.737552], [12.564643, 55.739193], [12.564277, 55.739546], [12.563862, 55.73989], [12.563189, 55.740368], [12.56269, 55.740671], [12.562158, 55.740956], [12.561592, 55.741215], [12.5607, 55.741565], [12.558812, 55.742366], [12.558159, 55.742717], [12.557572, 55.743094], [12.555724, 55.744856], [12.554539, 55.746023], [12.55305, 55.747361], [12.55117, 55.748944], [12.548514, 55.750595], [12.544897, 55.752192], [12.541637, 55.753518], [12.535844, 55.755923], [12.527111, 55.759511], [12.521613, 55.761665], [12.518918, 55.762551], [12.516221, 55.763411], [12.513594, 55.764349], [12.504589, 55.76761], [12.50317, 55.768145], [12.499114, 55.76969], [12.496992, 55.770757], [12.495486, 55.771924], [12.491039, 55.777131], [12.489552, 55.778342], [12.487164, 55.779651], [12.483577, 55.78129], [12.48304, 55.78153], [12.481215, 55.782526], [12.479509, 55.783797], [12.478088, 55.785573], [12.476463, 55.788829], [12.473268, 55.795591], [12.472022, 55.798089], [12.470808, 55.800057], [12.469782, 55.801434], [12.468705, 55.802966], [12.468058, 55.804666], [12.468095, 55.805978], [12.468662, 55.807688]]}, "properties": {"shape_id": "2471", "route_id": "16452_109", "route_short_name": "E", "agency_id": "318"}}, {"type": "Feature", "geometry": {"type": "LineString", "coordinates": [[12.56708, 55.730967], [12.567583, 55.729145], [12.568321, 55.726939], [12.568871, 55.725628], [12.568904, 55.724943], [12.568862, 55.724486], [12.568721, 55.723807], [12.568452, 55.72314], [12.568091, 55.722494], [12.567619, 55.721861], [12.56462, 55.719196], [12.562399, 55.717552], [12.560552, 55.715988], [12.559598, 55.715305], [12.557672, 55.713922], [12.555331, 55.712695], [12.553938, 55.711737], [12.552481, 55.710961], [12.547334, 55.709168], [12.545408, 55.708477], [12.543579, 55.707622], [12.541885, 55.706502], [12.541709, 55.706318], [12.539294, 55.703924], [12.538081, 55.701604], [12.537853, 55.700837], [12.537638, 55.700043], [12.536592, 55.697987], [12.534622, 55.696623], [12.531718, 55.695844], [12.527419, 55.695311], [12.526019, 55.695144], [12.52281, 55.694158], [12.517825, 55.691657], [12.515872, 55.690823], [12.514629, 55.690283], [12.509904, 55.689061], [12.505448, 55.68819], [12.502437, 55.687269], [12.50036, 55.686285], [12.498692, 55.685434], [12.496953, 55.684494], [12.49528, 55.683409], [12.49411, 55.682247], [12.493184, 55.68078], [12.492514, 55.679163], [12.492439, 55.67796], [12.492401, 55.677359], [12.493146, 55.672329], [12.493631, 55.669213], [12.493836, 55.6674], [12.493925, 55.665725], [12.493748, 55.664103], [12.493704, 55.663781], [12.493707, 55.663466], [12.493759, 55.66315], [12.493858, 55.662841], [12.494006, 55.66254], [12.494202, 55.662238], [12.494611, 55.661831], [12.494939, 55.661578], [12.495299, 55.661334], [12.49589, 55.661012], [12.496564, 55.660723], [12.498703, 55.659916], [12.501782, 55.658767], [12.506228, 55.656913], [12.508207, 55.656101], [12.509981, 55.655313], [12.512294, 55.65415], [12.515503, 55.652331]]}, "properties": {"shape_id": "2472", "route_id": "16453_109", "route_short_name": "F", "agency_id": "318"}}, {"type": "Feature", "geometry": {"type": "LineString", "coordinates": [[12.56708, 55.730967], [12.567583, 55.729145], [12.568321, 55.726939], [12.568871, 55.725628], [12.568904, 55.724943], [12.568862, 55.724486], [12.568721, 55.723807], [12.568452, 55.72314], [12.568091, 55.722494], [12.567619, 55.721861], [12.56462, 55.719196], [12.562399, 55.717552], [12.560552, 55.715988], [12.559598, 55.715305], [12.557672, 55.713922], [12.555331, 55.712695], [12.553938, 55.711737], [12.552481, 55.710961], [12.547334, 55.709168], [12.545408, 55.708477], [12.543579, 55.707622], [12.541885, 55.706502], [12.541709, 55.706318], [12.539294, 55.703924], [12.538081, 55.701604], [12.537853, 55.700837], [12.537638, 55.700043], [12.536592, 55.697987], [12.534622, 55.696623], [12.531718, 55.695844], [12.527419, 55.695311]]}, "properties": {"shape_id": "2473", "route_id": "16453_109", "route_short_name": "F", "agency_id": "318"}}, {"type": "Feature", "geometry": {"type": "LineString", "coordinates": [[12.498692, 55.685434], [12.496953, 55.684494], [12.49528, 55.683409], [12.49411, 55.682247], [12.493184, 55.68078], [12.492514, 55.679163], [12.492439, 55.67796], [12.492401, 55.677359], [12.493146, 55.672329], [12.493631, 55.669213], [12.493836, 55.6674], [12.493925, 55.665725], [12.493748, 55.664103], [12.493704, 55.663781], [12.493707, 55.663466], [12.493759, 55.66315], [12.493858, 55.662841], [12.494006, 55.66254], [12.494202, 55.662238], [12.494611, 55.661831], [12.494939, 55.661578], [12.495299, 55.661334], [12.49589, 55.661012], [12.496564, 55.660723], [12.498703, 55.659916], [12.501782, 55.658767], [12.506228, 55.656913], [12.508207, 55.656101], [12.509981, 55.655313], [12.512294, 55.65415], [12.515503, 55.652331]]}, "properties": {"shape_id": "2474", "route_id": "16453_109", "route_short_name": "F", "agency_id": "318"}}, {"type": "Feature", "geometry": {"type": "LineString", "coordinates": [[12.588068, 55.777481], [12.588666, 55.776007], [12.589222, 55.774768], [12.589596, 55.773453], [12.588944, 55.771737], [12.587045, 55.769823], [12.58589, 55.768364], [12.585208, 55.767017], [12.584408, 55.764559], [12.583876, 55.76328], [12.583727, 55.76305], [12.582927, 55.761806], [12.581757, 55.760527], [12.580106, 55.758867], [12.573972, 55.753174], [12.572345, 55.751774], [12.57126, 55.750726], [12.567289, 55.747389], [12.56567, 55.745548], [12.56482, 55.744098], [12.564302, 55.74209], [12.564248, 55.741147], [12.564643, 55.739193], [12.565434, 55.737552], [12.56625, 55.733922], [12.56708, 55.730967], [12.567583, 55.729145], [12.568321, 55.726939], [12.568871, 55.725628], [12.568904, 55.724943], [12.568862, 55.724486], [12.568721, 55.723807], [12.568452, 55.72314], [12.568091, 55.722494], [12.567619, 55.721861], [12.56462, 55.719196], [12.562399, 55.717552], [12.560552, 55.715988], [12.559598, 55.715305], [12.557672, 55.713922], [12.555331, 55.712695], [12.553938, 55.711737], [12.552481, 55.710961], [12.547334, 55.709168], [12.545408, 55.708477], [12.543579, 55.707622], [12.541885, 55.706502], [12.541709, 55.706318], [12.539294, 55.703924], [12.538081, 55.701604], [12.537853, 55.700837], [12.537638, 55.700043], [12.536592, 55.697987], [12.534622, 55.696623], [12.531718, 55.695844], [12.527419, 55.695311], [12.526019, 55.695144], [12.52281, 55.694158], [12.517825, 55.691657], [12.515872, 55.690823], [12.514629, 55.690283], [12.509904, 55.689061], [12.505448, 55.68819], [12.502437, 55.687269], [12.50036, 55.686285], [12.498692, 55.685434], [12.496953, 55.684494], [12.49528, 55.683409], [12.49411, 55.682247], [12.493184, 55.68078], [12.492514, 55.679163], [12.492439, 55.67796], [12.492401, 55.677359], [12.493146, 55.672329], [12.493631, 55.669213], [12.493836, 55.6674], [12.493925, 55.665725], [12.493748, 55.664103], [12.493704, 55.663781], [12.493707, 55.663466], [12.493759, 55.66315], [12.493858, 55.662841], [12.494006, 55.66254], [12.494202, 55.662238], [12.494611, 55.661831], [12.494939, 55.661578], [12.495299, 55.661334], [12.49589, 55.661012], [12.496564, 55.660723], [12.498703, 55.659916], [12.501782, 55.658767], [12.506228, 55.656913], [12.508207, 55.656101], [12.509981, 55.655313], [12.512294, 55.65415], [12.515503, 55.652331]]}, "properties": {"shape_id": "2475", "route_id": "16453_109", "route_short_name": "F", "agency_id": "318"}}, {"type": "Feature", "geometry": {"type": "LineString", "coordinates": [[12.588068, 55.777481], [12.588666, 55.776007], [12.589222, 55.774768], [12.589596, 55.773453], [12.588944, 55.771737], [12.587045, 55.769823], [12.58589, 55.768364], [12.585208, 55.767017], [12.584408, 55.764559], [12.583876, 55.76328], [12.583727, 55.76305], [12.582927, 55.761806], [12.581757, 55.760527], [12.580106, 55.758867], [12.573972, 55.753174], [12.572345, 55.751774], [12.57126, 55.750726], [12.567289, 55.747389], [12.56567, 55.745548], [12.56482, 55.744098], [12.564302, 55.74209], [12.564248, 55.741147], [12.564643, 55.739193], [12.565434, 55.737552], [12.56625, 55.733922], [12.56708, 55.730967], [12.567583, 55.729145], [12.568321, 55.726939], [12.568871, 55.725628], [12.568904, 55.724943], [12.568862, 55.724486], [12.568721, 55.723807], [12.568452, 55.72314], [12.568091, 55.722494], [12.567619, 55.721861], [12.56462, 55.719196], [12.562399, 55.717552], [12.560552, 55.715988], [12.559598, 55.715305], [12.557672, 55.713922], [12.555331, 55.712695], [12.553938, 55.711737], [12.552481, 55.710961], [12.547334, 55.709168], [12.545408, 55.708477], [12.543579, 55.707622], [12.541885, 55.706502], [12.541709, 55.706318], [12.539294, 55.703924], [12.538081, 55.701604], [12.537853, 55.700837], [12.537638, 55.700043], [12.536592, 55.697987], [12.534622, 55.696623], [12.531718, 55.695844], [12.527419, 55.695311]]}, "properties": {"shape_id": "2476", "route_id": "16453_109", "route_short_name": "F", "agency_id": "318"}}, {"type": "Feature", "geometry": {"type": "LineString", "coordinates": [[12.515503, 55.652331], [12.512294, 55.65415], [12.509981, 55.655313], [12.508207, 55.656101], [12.506228, 55.656913], [12.501782, 55.658767], [12.498703, 55.659916], [12.496564, 55.660723], [12.49589, 55.661012], [12.495299, 55.661334], [12.494939, 55.661578], [12.494611, 55.661831], [12.494202, 55.662238], [12.494006, 55.66254], [12.493858, 55.662841], [12.493759, 55.66315], [12.493707, 55.663466], [12.493704, 55.663781], [12.493748, 55.664103], [12.493925, 55.665725], [12.493836, 55.6674], [12.493631, 55.669213], [12.493146, 55.672329], [12.492401, 55.677359], [12.492439, 55.67796], [12.492514, 55.679163], [12.493184, 55.68078], [12.49411, 55.682247], [12.49528, 55.683409], [12.496953, 55.684494], [12.498692, 55.685434]]}, "properties": {"shape_id": "2477", "route_id": "16453_109", "route_short_name": "F", "agency_id": "318"}}, {"type": "Feature", "geometry": {"type": "LineString", "coordinates": [[12.515503, 55.652331], [12.512294, 55.65415], [12.509981, 55.655313], [12.508207, 55.656101], [12.506228, 55.656913], [12.501782, 55.658767], [12.498703, 55.659916], [12.496564, 55.660723], [12.49589, 55.661012], [12.495299, 55.661334], [12.494939, 55.661578], [12.494611, 55.661831], [12.494202, 55.662238], [12.494006, 55.66254], [12.493858, 55.662841], [12.493759, 55.66315], [12.493707, 55.663466], [12.493704, 55.663781], [12.493748, 55.664103], [12.493925, 55.665725], [12.493836, 55.6674], [12.493631, 55.669213], [12.493146, 55.672329], [12.492401, 55.677359], [12.492439, 55.67796], [12.492514, 55.679163], [12.493184, 55.68078], [12.49411, 55.682247], [12.49528, 55.683409], [12.496953, 55.684494], [12.498692, 55.685434], [12.50036, 55.686285], [12.502437, 55.687269], [12.505448, 55.68819], [12.509904, 55.689061], [12.514629, 55.690283], [12.515872, 55.690823], [12.517825, 55.691657], [12.52281, 55.694158], [12.526019, 55.695144], [12.527419, 55.695311], [12.531718, 55.695844], [12.534622, 55.696623], [12.536592, 55.697987], [12.537638, 55.700043], [12.537853, 55.700837], [12.538081, 55.701604], [12.539294, 55.703924], [12.541709, 55.706318], [12.541885, 55.706502], [12.543579, 55.707622], [12.545408, 55.708477], [12.547334, 55.709168], [12.552481, 55.710961], [12.553938, 55.711737], [12.555331, 55.712695], [12.557672, 55.713922], [12.559598, 55.715305], [12.560552, 55.715988], [12.562399, 55.717552], [12.56462, 55.719196], [12.567619, 55.721861], [12.568091, 55.722494], [12.568452, 55.72314], [12.568721, 55.723807], [12.568862, 55.724486], [12.568904, 55.724943], [12.568871, 55.725628], [12.568321, 55.726939], [12.567583, 55.729145], [12.56708, 55.730967]]}, "properties": {"shape_id": "2478", "route_id": "16453_109", "route_short_name": "F", "agency_id": "318"}}, {"type": "Feature", "geometry": {"type": "LineString", "coordinates": [[12.527419, 55.695311], [12.531718, 55.695844], [12.534622, 55.696623], [12.536592, 55.697987], [12.537638, 55.700043], [12.537853, 55.700837], [12.538081, 55.701604], [12.539294, 55.703924], [12.541709, 55.706318], [12.541885, 55.706502], [12.543579, 55.707622], [12.545408, 55.708477], [12.547334, 55.709168], [12.552481, 55.710961], [12.553938, 55.711737], [12.555331, 55.712695], [12.557672, 55.713922], [12.559598, 55.715305], [12.560552, 55.715988], [12.562399, 55.717552], [12.56462, 55.719196], [12.567619, 55.721861], [12.568091, 55.722494], [12.568452, 55.72314], [12.568721, 55.723807], [12.568862, 55.724486], [12.568904, 55.724943], [12.568871, 55.725628], [12.568321, 55.726939], [12.567583, 55.729145], [12.56708, 55.730967]]}, "properties": {"shape_id": "2479", "route_id": "16453_109", "route_short_name": "F", "agency_id": "318"}}, {"type": "Feature", "geometry": {"type": "LineString", "coordinates": [[12.515503, 55.652331], [12.512294, 55.65415], [12.509981, 55.655313], [12.508207, 55.656101], [12.506228, 55.656913], [12.501782, 55.658767], [12.498703, 55.659916], [12.496564, 55.660723], [12.49589, 55.661012], [12.495299, 55.661334], [12.494939, 55.661578], [12.494611, 55.661831], [12.494202, 55.662238], [12.494006, 55.66254], [12.493858, 55.662841], [12.493759, 55.66315], [12.493707, 55.663466], [12.493704, 55.663781], [12.493748, 55.664103], [12.493925, 55.665725], [12.493836, 55.6674], [12.493631, 55.669213], [12.493146, 55.672329], [12.492401, 55.677359], [12.492439, 55.67796], [12.492514, 55.679163], [12.493184, 55.68078], [12.49411, 55.682247], [12.49528, 55.683409], [12.496953, 55.684494], [12.498692, 55.685434], [12.50036, 55.686285], [12.502437, 55.687269], [12.505448, 55.68819], [12.509904, 55.689061], [12.514629, 55.690283], [12.515872, 55.690823], [12.517825, 55.691657], [12.52281, 55.694158], [12.526019, 55.695144], [12.527419, 55.695311], [12.531718, 55.695844], [12.534622, 55.696623], [12.536592, 55.697987], [12.537638, 55.700043], [12.537853, 55.700837], [12.538081, 55.701604], [12.539294, 55.703924], [12.541709, 55.706318], [12.541885, 55.706502], [12.543579, 55.707622], [12.545408, 55.708477], [12.547334, 55.709168], [12.552481, 55.710961], [12.553938, 55.711737], [12.555331, 55.712695], [12.557672, 55.713922], [12.559598, 55.715305], [12.560552, 55.715988], [12.562399, 55.717552], [12.56462, 55.719196], [12.567619, 55.721861], [12.568091, 55.722494], [12.568452, 55.72314], [12.568721, 55.723807], [12.568862, 55.724486], [12.568904, 55.724943], [12.568871, 55.725628], [12.568321, 55.726939], [12.567583, 55.729145], [12.56708, 55.730967], [12.56625, 55.733922], [12.565434, 55.737552], [12.564643, 55.739193], [12.564248, 55.741147], [12.564302, 55.74209], [12.56482, 55.744098], [12.56567, 55.745548], [12.567289, 55.747389], [12.57126, 55.750726], [12.572345, 55.751774], [12.573972, 55.753174], [12.580106, 55.758867], [12.581757, 55.760527], [12.582927, 55.761806], [12.583727, 55.76305], [12.583876, 55.76328], [12.584408, 55.764559], [12.585208, 55.767017], [12.58589, 55.768364], [12.587045, 55.769823], [12.588944, 55.771737], [12.589596, 55.773453], [12.589222, 55.774768], [12.588666, 55.776007], [12.588068, 55.777481]]}, "properties": {"shape_id": "2480", "route_id": "16453_109", "route_short_name": "F", "agency_id": "318"}}, {"type": "Feature", "geometry": {"type": "LineString", "coordinates": [[12.587571, 55.692766], [12.587131, 55.692482], [12.583845, 55.690501], [12.581921, 55.689478], [12.580036, 55.688535], [12.57656, 55.686559], [12.574645, 55.685275], [12.572231, 55.683772], [12.571245, 55.683073], [12.570342, 55.682425], [12.566925, 55.679862], [12.563926, 55.678205], [12.563771, 55.678075], [12.563461, 55.677814], [12.563197, 55.677543], [12.562887, 55.677102], [12.562686, 55.67665], [12.562595, 55.676347], [12.562567, 55.676033], [12.562566, 55.675673], [12.562614, 55.67533], [12.562711, 55.674995], [12.562952, 55.674493], [12.563177, 55.674172], [12.56358, 55.673701], [12.563903, 55.673413], [12.564471, 55.673001], [12.564894, 55.672755], [12.565448, 55.672199], [12.56592, 55.671619], [12.566311, 55.671023], [12.566441, 55.670705], [12.566541, 55.670225], [12.566529, 55.669749], [12.566406, 55.669267], [12.566157, 55.668807], [12.565939, 55.668507], [12.56569, 55.668218], [12.565208, 55.667818], [12.564835, 55.667568], [12.562396, 55.666291], [12.559909, 55.665005], [12.55951, 55.664819], [12.559164, 55.664685], [12.558804, 55.66457], [12.558413, 55.664473], [12.558024, 55.664394], [12.5477, 55.663165], [12.54705, 55.663013], [12.546387, 55.662897], [12.545711, 55.6628], [12.544668, 55.662704], [12.54363, 55.662662], [12.543011, 55.662671], [12.542394, 55.662707], [12.541496, 55.662805], [12.538621, 55.663203], [12.537181, 55.663289], [12.536024, 55.663341], [12.535312, 55.663379], [12.531457, 55.66349], [12.523119, 55.66364], [12.5191, 55.663702], [12.514372, 55.663837], [12.51132, 55.663862], [12.510433, 55.663905], [12.509583, 55.66401], [12.50902, 55.664116], [12.50849, 55.664239], [12.507963, 55.664389], [12.50747, 55.664565], [12.506781, 55.664864], [12.50616, 55.665214], [12.505785, 55.665468], [12.505294, 55.66585], [12.504869, 55.666258], [12.504542, 55.66669], [12.504336, 55.667056], [12.50411, 55.667548], [12.503995, 55.668046], [12.503962, 55.668388], [12.504007, 55.66889], [12.504176, 55.669353], [12.504392, 55.669815], [12.504786, 55.670487], [12.505096, 55.670927], [12.505251, 55.671238], [12.505359, 55.671549], [12.505404, 55.671872], [12.505414, 55.672348], [12.505381, 55.672511], [12.504273, 55.67631], [12.50378, 55.677907], [12.503475, 55.67859], [12.503337, 55.679007], [12.503091, 55.679464], [12.499235, 55.684924], [12.499047, 55.685136], [12.498692, 55.685434], [12.498303, 55.685715], [12.497816, 55.685962], [12.497292, 55.686157], [12.496826, 55.686287], [12.496014, 55.686454], [12.495164, 55.686568], [12.492203, 55.687093], [12.490624, 55.687408], [12.486133, 55.688273], [12.482965, 55.688804], [12.482089, 55.688981], [12.481514, 55.689142], [12.480585, 55.689429], [12.479457, 55.689811], [12.478381, 55.690238], [12.477172, 55.690784], [12.475521, 55.69155], [12.475034, 55.691807], [12.474565, 55.692081], [12.473935, 55.692521], [12.473102, 55.693174], [12.472703, 55.693527], [12.472322, 55.693889], [12.471848, 55.694469], [12.470689, 55.69612], [12.469238, 55.699506], [12.467757, 55.703279], [12.466735, 55.705763], [12.465624, 55.707601], [12.464302, 55.709212], [12.464098, 55.709425], [12.462983, 55.710499], [12.461107, 55.711973], [12.459403, 55.713064], [12.457533, 55.714061], [12.455295, 55.715059], [12.453042, 55.715877], [12.443621, 55.718867], [12.442769, 55.719133], [12.438868, 55.720241], [12.435662, 55.720915], [12.432556, 55.721281], [12.428958, 55.721489], [12.414823, 55.721982], [12.411467, 55.722228], [12.406258, 55.722769], [12.403601, 55.722995], [12.396362, 55.723654], [12.386029, 55.724641], [12.380468, 55.725181], [12.374966, 55.725674], [12.370025, 55.726197], [12.366076, 55.726962], [12.3622, 55.728201], [12.359627, 55.729224], [12.358276, 55.729819]]}, "properties": {"shape_id": "2456", "route_id": "16454_109", "route_short_name": "H", "agency_id": "318"}}, {"type": "Feature", "geometry": {"type": "LineString", "coordinates": [[12.065326, 55.83614], [12.06765, 55.833394], [12.069063, 55.831867], [12.07034, 55.830433], [12.071698, 55.828816], [12.073068, 55.827155], [12.074882, 55.825051], [12.076397, 55.823601], [12.078704, 55.822078], [12.081894, 55.820416], [12.089678, 55.816481], [12.093534, 55.814568], [12.096562, 55.813305], [12.099098, 55.812459], [12.101774, 55.81178], [12.10563, 55.811089], [12.108668, 55.810743], [12.111654, 55.81055], [12.115626, 55.810315], [12.121139, 55.809977], [12.124704, 55.809644], [12.127945, 55.809058], [12.131693, 55.808018], [12.135615, 55.806363], [12.138076, 55.805015], [12.14566, 55.800676], [12.147815, 55.799497], [12.150364, 55.798452], [12.153823, 55.79741], [12.15705, 55.796464], [12.159713, 55.79565], [12.16004, 55.795551], [12.16324, 55.794282], [12.171061, 55.790763], [12.177437, 55.787937], [12.179614, 55.786856], [12.181556, 55.785619], [12.183249, 55.784083], [12.184661, 55.782023], [12.185481, 55.779952], [12.190318, 55.766341], [12.191186, 55.763891], [12.19246, 55.761727], [12.194589, 55.759883], [12.197206, 55.758547], [12.200231, 55.757515], [12.209379, 55.754759], [12.212107, 55.754005], [12.21457, 55.753518], [12.21727, 55.753204], [12.220828, 55.753048], [12.224107, 55.752791], [12.227891, 55.752098], [12.231078, 55.751313], [12.234112, 55.750604], [12.237246, 55.750144], [12.238389, 55.750078], [12.24037, 55.749944], [12.242892, 55.749986], [12.250678, 55.750256], [12.252952, 55.750385], [12.255311, 55.750574], [12.257918, 55.750865], [12.260435, 55.751229], [12.26349, 55.751733], [12.26832, 55.752494], [12.271323, 55.752756], [12.274417, 55.752763], [12.286624, 55.751961], [12.298388, 55.751187], [12.304637, 55.750821], [12.307676, 55.750559], [12.311278, 55.749985], [12.314931, 55.748889], [12.318217, 55.747415], [12.320952, 55.746029], [12.323447, 55.74481], [12.329621, 55.741883], [12.334803, 55.739674], [12.34588, 55.73503], [12.348329, 55.734037], [12.351761, 55.732811], [12.354012, 55.731742], [12.355813, 55.73083], [12.358276, 55.729819], [12.359627, 55.729224], [12.3622, 55.728201], [12.366076, 55.726962], [12.370025, 55.726197], [12.374966, 55.725674], [12.380468, 55.725181], [12.386029, 55.724641], [12.396362, 55.723654], [12.403601, 55.722995], [12.406258, 55.722769], [12.411467, 55.722228], [12.414823, 55.721982], [12.428958, 55.721489], [12.432556, 55.721281], [12.435662, 55.720915], [12.438868, 55.720241], [12.442769, 55.719133], [12.443621, 55.718867], [12.453042, 55.715877], [12.455295, 55.715059], [12.457533, 55.714061], [12.459403, 55.713064], [12.461107, 55.711973], [12.462983, 55.710499], [12.464098, 55.709425], [12.464302, 55.709212], [12.465624, 55.707601], [12.466735, 55.705763], [12.467757, 55.703279], [12.469238, 55.699506], [12.470689, 55.69612], [12.471848, 55.694469], [12.472322, 55.693889], [12.472703, 55.693527], [12.473102, 55.693174], [12.473935, 55.692521], [12.474565, 55.692081], [12.475034, 55.691807], [12.475521, 55.69155], [12.477172, 55.690784], [12.478381, 55.690238], [12.479457, 55.689811], [12.480585, 55.689429], [12.481514, 55.689142], [12.482089, 55.688981], [12.482965, 55.688804], [12.486133, 55.688273], [12.490624, 55.687408], [12.492203, 55.687093], [12.495164, 55.686568], [12.496014, 55.686454], [12.496826, 55.686287], [12.497292, 55.686157], [12.497816, 55.685962], [12.498303, 55.685715], [12.498692, 55.685434], [12.499047, 55.685136], [12.499235, 55.684924], [12.503091, 55.679464], [12.503337, 55.679007], [12.503475, 55.67859], [12.50378, 55.677907], [12.504273, 55.67631], [12.505381, 55.672511], [12.505414, 55.672348], [12.505404, 55.671872], [12.505359, 55.671549], [12.505251, 55.671238], [12.505096, 55.670927], [12.504786, 55.670487], [12.504392, 55.669815], [12.504176, 55.669353], [12.504007, 55.66889], [12.503962, 55.668388], [12.503995, 55.668046], [12.50411, 55.667548], [12.504336, 55.667056], [12.504542, 55.66669], [12.504869, 55.666258], [12.505294, 55.66585], [12.505785, 55.665468], [12.50616, 55.665214], [12.506781, 55.664864], [12.50747, 55.664565], [12.507963, 55.664389], [12.50849, 55.664239], [12.50902, 55.664116], [12.509583, 55.66401], [12.510433, 55.663905], [12.51132, 55.663862], [12.514372, 55.663837], [12.5191, 55.663702], [12.523119, 55.66364], [12.531457, 55.66349], [12.535312, 55.663379], [12.536024, 55.663341], [12.537292, 55.663286], [12.538621, 55.663203], [12.541496, 55.662805], [12.542394, 55.662707], [12.543011, 55.662671], [12.54363, 55.662662], [12.544668, 55.662704], [12.545711, 55.6628], [12.546387, 55.662897], [12.54705, 55.663013], [12.5477, 55.663165], [12.558024, 55.664394], [12.558413, 55.664473], [12.558804, 55.66457], [12.559164, 55.664685], [12.55951, 55.664819], [12.559909, 55.665005], [12.562396, 55.666291], [12.564835, 55.667568], [12.565208, 55.667818], [12.56569, 55.668218], [12.565939, 55.668507], [12.566157, 55.668807], [12.566406, 55.669267], [12.566529, 55.669749], [12.566541, 55.670225], [12.566441, 55.670705], [12.566311, 55.671023], [12.56592, 55.671619], [12.565448, 55.672199], [12.564894, 55.672755], [12.564471, 55.673001], [12.563903, 55.673413], [12.56358, 55.673701], [12.563177, 55.674172], [12.562952, 55.674493], [12.562711, 55.674995], [12.562614, 55.67533], [12.562566, 55.675673], [12.562567, 55.676033], [12.562595, 55.676347], [12.562686, 55.67665], [12.562887, 55.677102], [12.563197, 55.677543], [12.563461, 55.677814], [12.563771, 55.678075], [12.563926, 55.678205], [12.566925, 55.679862], [12.570342, 55.682425], [12.571245, 55.683073], [12.572231, 55.683772], [12.574645, 55.685275], [12.57656, 55.686559], [12.580036, 55.688535], [12.581921, 55.689478], [12.583845, 55.690501], [12.587131, 55.692482], [12.587571, 55.692766]]}, "properties": {"shape_id": "2463", "route_id": "16454_109", "route_short_name": "H", "agency_id": "318"}}, {"type": "Feature", "geometry": {"type": "LineString", "coordinates": [[12.358276, 55.729819], [12.359627, 55.729224], [12.3622, 55.728201], [12.366076, 55.726962], [12.370025, 55.726197], [12.374966, 55.725674], [12.380468, 55.725181], [12.386029, 55.724641], [12.396362, 55.723654], [12.403601, 55.722995], [12.406258, 55.722769], [12.411467, 55.722228], [12.414823, 55.721982], [12.428958, 55.721489], [12.432556, 55.721281], [12.435662, 55.720915], [12.438868, 55.720241], [12.442769, 55.719133], [12.443621, 55.718867], [12.453042, 55.715877], [12.455295, 55.715059], [12.457533, 55.714061], [12.459403, 55.713064], [12.461107, 55.711973], [12.462983, 55.710499], [12.464098, 55.709425], [12.464302, 55.709212], [12.465624, 55.707601], [12.466735, 55.705763], [12.467757, 55.703279], [12.469238, 55.699506], [12.470689, 55.69612], [12.471848, 55.694469], [12.472322, 55.693889], [12.472703, 55.693527], [12.473102, 55.693174], [12.473935, 55.692521], [12.474565, 55.692081], [12.475034, 55.691807], [12.475521, 55.69155], [12.477172, 55.690784], [12.478381, 55.690238], [12.479457, 55.689811], [12.480585, 55.689429], [12.481514, 55.689142], [12.482089, 55.688981], [12.482965, 55.688804], [12.486133, 55.688273], [12.490624, 55.687408], [12.492203, 55.687093], [12.495164, 55.686568], [12.496014, 55.686454], [12.496826, 55.686287], [12.497292, 55.686157], [12.497816, 55.685962], [12.498303, 55.685715], [12.498692, 55.685434], [12.499047, 55.685136], [12.499235, 55.684924], [12.503091, 55.679464], [12.503337, 55.679007], [12.503475, 55.67859], [12.50378, 55.677907], [12.504273, 55.67631], [12.505381, 55.672511], [12.505414, 55.672348], [12.505404, 55.671872], [12.505359, 55.671549], [12.505251, 55.671238], [12.505096, 55.670927], [12.504786, 55.670487], [12.504392, 55.669815], [12.504176, 55.669353], [12.504007, 55.66889], [12.503962, 55.668388], [12.503995, 55.668046], [12.50411, 55.667548], [12.504336, 55.667056], [12.504542, 55.66669], [12.504869, 55.666258], [12.505294, 55.66585], [12.505785, 55.665468], [12.50616, 55.665214], [12.506781, 55.664864], [12.50747, 55.664565], [12.507963, 55.664389], [12.50849, 55.664239], [12.50902, 55.664116], [12.509583, 55.66401], [12.510433, 55.663905], [12.51132, 55.663862], [12.514372, 55.663837], [12.5191, 55.663702], [12.523119, 55.66364], [12.531457, 55.66349], [12.535312, 55.663379], [12.536024, 55.663341], [12.537292, 55.663286], [12.538621, 55.663203], [12.541496, 55.662805], [12.542394, 55.662707], [12.543011, 55.662671], [12.54363, 55.662662], [12.544668, 55.662704], [12.545711, 55.6628], [12.546387, 55.662897], [12.54705, 55.663013], [12.5477, 55.663165], [12.558024, 55.664394], [12.558413, 55.664473], [12.558804, 55.66457], [12.559164, 55.664685], [12.55951, 55.664819], [12.559909, 55.665005], [12.562396, 55.666291], [12.564835, 55.667568], [12.565208, 55.667818], [12.56569, 55.668218], [12.565939, 55.668507], [12.566157, 55.668807], [12.566406, 55.669267], [12.566529, 55.669749], [12.566541, 55.670225], [12.566441, 55.670705], [12.566311, 55.671023], [12.56592, 55.671619], [12.565448, 55.672199], [12.564894, 55.672755], [12.564471, 55.673001], [12.563903, 55.673413], [12.56358, 55.673701], [12.563177, 55.674172], [12.562952, 55.674493], [12.562711, 55.674995], [12.562614, 55.67533], [12.562566, 55.675673], [12.562567, 55.676033], [12.562595, 55.676347], [12.562686, 55.67665], [12.562887, 55.677102], [12.563197, 55.677543], [12.563461, 55.677814], [12.563771, 55.678075], [12.563926, 55.678205], [12.566925, 55.679862], [12.570342, 55.682425], [12.571245, 55.683073], [12.572231, 55.683772], [12.574645, 55.685275], [12.57656, 55.686559], [12.580036, 55.688535], [12.581921, 55.689478], [12.583845, 55.690501], [12.587131, 55.692482], [12.587571, 55.692766]]}, "properties": {"shape_id": "2465", "route_id": "16454_109", "route_short_name": "H", "agency_id": "318"}}, {"type": "Feature", "geometry": {"type": "LineString", "coordinates": [[12.358276, 55.729819], [12.359627, 55.729224], [12.3622, 55.728201], [12.366076, 55.726962], [12.370025, 55.726197], [12.374966, 55.725674], [12.380468, 55.725181], [12.386029, 55.724641], [12.396362, 55.723654], [12.403601, 55.722995], [12.406258, 55.722769], [12.411467, 55.722228], [12.414823, 55.721982], [12.428958, 55.721489], [12.432556, 55.721281], [12.435662, 55.720915], [12.438868, 55.720241], [12.442769, 55.719133], [12.443621, 55.718867], [12.453042, 55.715877], [12.455295, 55.715059], [12.457533, 55.714061], [12.459403, 55.713064], [12.461107, 55.711973], [12.462983, 55.710499], [12.464098, 55.709425], [12.464302, 55.709212], [12.465624, 55.707601], [12.466735, 55.705763], [12.467757, 55.703279], [12.469238, 55.699506], [12.470689, 55.69612], [12.471848, 55.694469], [12.472322, 55.693889], [12.472703, 55.693527], [12.473102, 55.693174], [12.473935, 55.692521], [12.474565, 55.692081], [12.475034, 55.691807], [12.475521, 55.69155], [12.477172, 55.690784], [12.478381, 55.690238], [12.479457, 55.689811], [12.480585, 55.689429], [12.481514, 55.689142], [12.482089, 55.688981], [12.482965, 55.688804], [12.486133, 55.688273], [12.490624, 55.687408], [12.492203, 55.687093], [12.495164, 55.686568], [12.496014, 55.686454], [12.496826, 55.686287], [12.497292, 55.686157], [12.497816, 55.685962], [12.498303, 55.685715], [12.498692, 55.685434], [12.499047, 55.685136], [12.499235, 55.684924], [12.503091, 55.679464], [12.503337, 55.679007], [12.503475, 55.67859], [12.50378, 55.677907], [12.504273, 55.67631], [12.505381, 55.672511], [12.505414, 55.672348], [12.505404, 55.671872], [12.505359, 55.671549], [12.505251, 55.671238], [12.505096, 55.670927], [12.504786, 55.670487], [12.504392, 55.669815], [12.504176, 55.669353], [12.504007, 55.66889], [12.503962, 55.668388], [12.503995, 55.668046], [12.50411, 55.667548], [12.504336, 55.667056], [12.504542, 55.66669], [12.504869, 55.666258], [12.505294, 55.66585], [12.505785, 55.665468], [12.50616, 55.665214], [12.506781, 55.664864], [12.50747, 55.664565], [12.507963, 55.664389], [12.50849, 55.664239], [12.50902, 55.664116], [12.509583, 55.66401], [12.510433, 55.663905], [12.51132, 55.663862], [12.514372, 55.663837], [12.5191, 55.663702], [12.523119, 55.66364], [12.531457, 55.66349], [12.535312, 55.663379], [12.536024, 55.663341], [12.537292, 55.663286], [12.538621, 55.663203], [12.541496, 55.662805], [12.542394, 55.662707], [12.543011, 55.662671], [12.54363, 55.662662], [12.544668, 55.662704], [12.545711, 55.6628], [12.546387, 55.662897], [12.54705, 55.663013], [12.5477, 55.663165], [12.558024, 55.664394], [12.558413, 55.664473], [12.558804, 55.66457], [12.559164, 55.664685], [12.55951, 55.664819], [12.559909, 55.665005], [12.562396, 55.666291], [12.564835, 55.667568], [12.565208, 55.667818], [12.56569, 55.668218], [12.565939, 55.668507], [12.566157, 55.668807], [12.566406, 55.669267], [12.566529, 55.669749], [12.566541, 55.670225], [12.566441, 55.670705], [12.566311, 55.671023], [12.56592, 55.671619], [12.565448, 55.672199], [12.564894, 55.672755]]}, "properties": {"shape_id": "2466", "route_id": "16454_109", "route_short_name": "H", "agency_id": "318"}}, {"type": "Feature", "geometry": {"type": "LineString", "coordinates": [[12.564894, 55.672755], [12.565448, 55.672199], [12.56592, 55.671619], [12.566311, 55.671023], [12.566441, 55.670705], [12.566541, 55.670225], [12.566529, 55.669749], [12.566406, 55.669267], [12.566157, 55.668807], [12.565939, 55.668507], [12.56569, 55.668218], [12.565208, 55.667818], [12.564835, 55.667568], [12.562396, 55.666291], [12.559909, 55.665005], [12.55951, 55.664819], [12.559164, 55.664685], [12.558804, 55.66457], [12.558413, 55.664473], [12.558024, 55.664394], [12.5477, 55.663165], [12.54705, 55.663013], [12.546387, 55.662897], [12.545711, 55.6628], [12.544668, 55.662704], [12.54363, 55.662662], [12.543011, 55.662671], [12.542394, 55.662707], [12.541496, 55.662805], [12.538621, 55.663203], [12.537181, 55.663289], [12.536024, 55.663341], [12.535312, 55.663379], [12.531457, 55.66349], [12.523119, 55.66364], [12.5191, 55.663702], [12.514372, 55.663837], [12.51132, 55.663862], [12.510433, 55.663905], [12.509583, 55.66401], [12.50902, 55.664116], [12.50849, 55.664239], [12.507963, 55.664389], [12.50747, 55.664565], [12.506781, 55.664864], [12.50616, 55.665214], [12.505785, 55.665468], [12.505294, 55.66585], [12.504869, 55.666258], [12.504542, 55.66669], [12.504336, 55.667056], [12.50411, 55.667548], [12.503995, 55.668046], [12.503962, 55.668388], [12.504007, 55.66889], [12.504176, 55.669353], [12.504392, 55.669815], [12.504786, 55.670487], [12.505096, 55.670927], [12.505251, 55.671238], [12.505359, 55.671549], [12.505404, 55.671872], [12.505414, 55.672348], [12.505381, 55.672511], [12.504273, 55.67631], [12.50378, 55.677907], [12.503475, 55.67859], [12.503337, 55.679007], [12.503091, 55.679464], [12.499235, 55.684924], [12.499047, 55.685136], [12.498692, 55.685434], [12.498303, 55.685715], [12.497816, 55.685962], [12.497292, 55.686157], [12.496826, 55.686287], [12.496014, 55.686454], [12.495164, 55.686568], [12.492203, 55.687093], [12.490624, 55.687408], [12.486133, 55.688273], [12.482965, 55.688804], [12.482089, 55.688981], [12.481514, 55.689142], [12.480585, 55.689429], [12.479457, 55.689811], [12.478381, 55.690238], [12.477172, 55.690784], [12.475521, 55.69155], [12.475034, 55.691807], [12.474565, 55.692081], [12.473935, 55.692521], [12.473102, 55.693174], [12.472703, 55.693527], [12.472322, 55.693889], [12.471848, 55.694469], [12.470689, 55.69612], [12.469238, 55.699506], [12.467757, 55.703279], [12.466735, 55.705763], [12.465624, 55.707601], [12.464302, 55.709212], [12.464098, 55.709425], [12.462983, 55.710499], [12.461107, 55.711973], [12.459403, 55.713064], [12.457533, 55.714061], [12.455295, 55.715059], [12.453042, 55.715877], [12.443621, 55.718867], [12.442769, 55.719133], [12.438868, 55.720241], [12.435662, 55.720915], [12.432556, 55.721281], [12.428958, 55.721489], [12.414823, 55.721982], [12.411467, 55.722228], [12.406258, 55.722769], [12.403601, 55.722995], [12.396362, 55.723654], [12.386029, 55.724641], [12.380468, 55.725181], [12.374966, 55.725674], [12.370025, 55.726197], [12.366076, 55.726962], [12.3622, 55.728201], [12.359627, 55.729224], [12.358276, 55.729819]]}, "properties": {"shape_id": "2481", "route_id": "16454_109", "route_short_name": "H", "agency_id": "318"}}, {"type": "Feature", "geometry": {"type": "LineString", "coordinates": [[12.491429, 55.68734], [12.492133, 55.687203], [12.493073, 55.687033], [12.495191, 55.686685], [12.495881, 55.686566], [12.4966, 55.686429], [12.497787, 55.68617], [12.499291, 55.685902], [12.500294, 55.68573], [12.500843, 55.685642], [12.503266, 55.685321], [12.504254, 55.685167], [12.504989, 55.68502], [12.506895, 55.684615], [12.508426, 55.684292], [12.510179, 55.683964], [12.512405, 55.683585], [12.514425, 55.683222], [12.517951, 55.682617], [12.520598, 55.682136], [12.523338, 55.681635], [12.524511, 55.681404], [12.525091, 55.681315], [12.525722, 55.681243], [12.526052, 55.681206], [12.52667, 55.681171], [12.527083, 55.681159], [12.52756, 55.681154], [12.529552, 55.681187], [12.532401, 55.681194], [12.534981, 55.68121], [12.535874, 55.681238], [12.536498, 55.681274], [12.536835, 55.6813], [12.53743, 55.681364], [12.537961, 55.681439], [12.538365, 55.681499], [12.539011, 55.681606], [12.539853, 55.681771], [12.540212, 55.681859], [12.540846, 55.682012], [12.543422, 55.682693], [12.544138, 55.682861], [12.544655, 55.682954], [12.545154, 55.683011], [12.545474, 55.683029], [12.545778, 55.683047], [12.546127, 55.683037], [12.54646, 55.683019], [12.54676, 55.683001], [12.547169, 55.682944], [12.547593, 55.682878], [12.54828, 55.682732], [12.552727, 55.681758], [12.553632, 55.681561], [12.554228, 55.681463], [12.554685, 55.681414], [12.555001, 55.681387], [12.555319, 55.681377], [12.555654, 55.681386], [12.555957, 55.681395], [12.556487, 55.681451], [12.556793, 55.681496], [12.557069, 55.681551], [12.557378, 55.681623], [12.557656, 55.681705], [12.5581, 55.681863], [12.558331, 55.681955], [12.558581, 55.682074], [12.558814, 55.682193], [12.559033, 55.682322], [12.559321, 55.68252], [12.559612, 55.682745], [12.559873, 55.682981], [12.560134, 55.683234], [12.560787, 55.683934], [12.561118, 55.684248], [12.561444, 55.684509], [12.561648, 55.684647], [12.561866, 55.684775], [12.562117, 55.684903], [12.562382, 55.685021], [12.562745, 55.685163], [12.563007, 55.685245], [12.5633, 55.685318], [12.563577, 55.685382], [12.56411, 55.685474], [12.564368, 55.685503], [12.564784, 55.685536], [12.565088, 55.685545], [12.565453, 55.685543], [12.56577, 55.685525], [12.566102, 55.685497], [12.566416, 55.685452], [12.566745, 55.685398], [12.567182, 55.685304], [12.567694, 55.685154], [12.568249, 55.684958], [12.571584, 55.683656], [12.572475, 55.683306], [12.573125, 55.683099], [12.573684, 55.682948], [12.573964, 55.682876], [12.574622, 55.682758], [12.575344, 55.682656], [12.57607, 55.68259], [12.579996, 55.682359], [12.580676, 55.682312], [12.581055, 55.682274], [12.581432, 55.682218], [12.581792, 55.682154], [12.582134, 55.682072], [12.582677, 55.681912], [12.582938, 55.681814], [12.583183, 55.681699], [12.583426, 55.681575], [12.583653, 55.681452], [12.583863, 55.681311], [12.584072, 55.681161], [12.584234, 55.681012], [12.584394, 55.680846], [12.584537, 55.68068], [12.584607, 55.68057], [12.584799, 55.680231], [12.585008, 55.67974], [12.585461, 55.678602], [12.585633, 55.67822], [12.585756, 55.678], [12.585981, 55.67767], [12.58645, 55.677063], [12.587009, 55.67639], [12.587427, 55.675919], [12.589863, 55.67333], [12.590156, 55.673052], [12.590375, 55.672839], [12.59076, 55.672531], [12.591178, 55.672222], [12.591998, 55.671622], [12.592309, 55.67137], [12.592484, 55.671194], [12.592615, 55.671065], [12.592755, 55.670863], [12.592868, 55.670698], [12.592946, 55.670515], [12.592999, 55.670397], [12.593045, 55.670207], [12.593093, 55.669855], [12.593119, 55.668928], [12.593342, 55.668409], [12.593436, 55.668217], [12.59353, 55.668035], [12.593758, 55.66774], [12.593887, 55.667592], [12.594048, 55.667435], [12.59421, 55.667295], [12.594388, 55.667155], [12.594582, 55.667015], [12.594793, 55.666892], [12.595187, 55.666673], [12.595431, 55.666558], [12.595692, 55.666452], [12.595984, 55.666344], [12.596355, 55.666225], [12.596758, 55.666106], [12.598546, 55.665657], [12.599197, 55.665477], [12.599708, 55.665318], [12.6002, 55.665132], [12.60046, 55.665017], [12.60075, 55.664882], [12.601159, 55.664664], [12.601626, 55.66438], [12.602087, 55.664034], [12.602783, 55.663465], [12.603552, 55.66284], [12.603955, 55.662549], [12.604241, 55.66237], [12.604482, 55.662228], [12.604923, 55.661999], [12.605167, 55.661893], [12.60549, 55.661767], [12.605952, 55.661609], [12.606308, 55.6615], [12.606619, 55.661419], [12.607086, 55.661315], [12.607524, 55.66123], [12.607854, 55.661185], [12.608295, 55.661136], [12.6088, 55.661094], [12.609132, 55.661075], [12.609784, 55.661074], [12.610439, 55.6611], [12.611082, 55.661171], [12.611645, 55.661244], [12.612405, 55.661374], [12.615332, 55.6619], [12.616564, 55.662142], [12.61969, 55.662751], [12.620434, 55.662882], [12.620885, 55.662941], [12.621334, 55.662981], [12.621701, 55.662997], [12.622162, 55.662993], [12.622731, 55.662949], [12.623392, 55.662875], [12.625104, 55.662636], [12.626738, 55.662417], [12.627255, 55.66233], [12.627457, 55.662279], [12.627674, 55.662218], [12.627843, 55.66215], [12.628041, 55.662055], [12.628294, 55.661876], [12.628513, 55.661663], [12.629146, 55.660943], [12.629344, 55.660676], [12.630914, 55.657707], [12.631162, 55.657295], [12.631797, 55.656242], [12.632278, 55.655437], [12.633154, 55.6539], [12.63627, 55.648745], [12.637031, 55.647518], [12.637774, 55.646273], [12.638046, 55.645779], [12.638355, 55.645168], [12.638568, 55.644721], [12.638774, 55.644373], [12.638953, 55.64408], [12.639375, 55.643483], [12.639588, 55.643207], [12.639787, 55.642958], [12.640121, 55.642615], [12.640341, 55.642411], [12.640533, 55.642261], [12.64083, 55.642028], [12.641293, 55.641708], [12.64176, 55.641434], [12.643406, 55.640494], [12.643887, 55.640201], [12.644096, 55.640051], [12.644304, 55.639892], [12.644641, 55.639585], [12.644869, 55.6393], [12.645062, 55.638989], [12.645239, 55.638668], [12.645886, 55.637417], [12.646102, 55.637006], [12.646489, 55.636383], [12.646978, 55.635658], [12.647493, 55.63487], [12.648404, 55.633557], [12.648529, 55.633355], [12.648634, 55.633118], [12.648822, 55.632582], [12.648955, 55.632129], [12.649405, 55.629957]]}, "properties": {"shape_id": "5834", "route_id": "21295_1", "route_short_name": "M2", "agency_id": "319"}}, {"type": "Feature", "geometry": {"type": "LineString", "coordinates": [[12.552727, 55.681758], [12.553632, 55.681561], [12.554228, 55.681463], [12.554685, 55.681414], [12.555001, 55.681387], [12.555319, 55.681377], [12.555654, 55.681386], [12.555957, 55.681395], [12.556487, 55.681451], [12.556793, 55.681496], [12.557069, 55.681551], [12.557378, 55.681623], [12.557656, 55.681705], [12.5581, 55.681863], [12.558331, 55.681955], [12.558581, 55.682074], [12.558814, 55.682193], [12.559033, 55.682322], [12.559321, 55.68252], [12.559612, 55.682745], [12.559873, 55.682981], [12.560134, 55.683234], [12.560787, 55.683934], [12.561118, 55.684248], [12.561444, 55.684509], [12.561648, 55.684647], [12.561866, 55.684775], [12.562117, 55.684903], [12.562382, 55.685021], [12.562745, 55.685163], [12.563007, 55.685245], [12.5633, 55.685318], [12.563577, 55.685382], [12.56411, 55.685474], [12.564368, 55.685503], [12.564784, 55.685536], [12.565088, 55.685545], [12.565453, 55.685543], [12.56577, 55.685525], [12.566102, 55.685497], [12.566416, 55.685452], [12.566745, 55.685398], [12.567182, 55.685304], [12.567694, 55.685154], [12.568249, 55.684958], [12.571584, 55.683656], [12.572475, 55.683306], [12.573125, 55.683099], [12.573684, 55.682948], [12.573964, 55.682876], [12.574622, 55.682758], [12.575344, 55.682656], [12.57607, 55.68259], [12.579996, 55.682359], [12.580676, 55.682312], [12.581055, 55.682274], [12.581432, 55.682218], [12.581792, 55.682154], [12.582134, 55.682072], [12.582677, 55.681912], [12.582938, 55.681814], [12.583183, 55.681699], [12.583426, 55.681575], [12.583653, 55.681452], [12.583863, 55.681311], [12.584072, 55.681161], [12.584234, 55.681012], [12.584394, 55.680846], [12.584537, 55.68068], [12.584607, 55.68057], [12.584799, 55.680231], [12.585008, 55.67974], [12.585461, 55.678602], [12.585633, 55.67822], [12.585756, 55.678], [12.585981, 55.67767], [12.58645, 55.677063], [12.587009, 55.67639], [12.587427, 55.675919], [12.589863, 55.67333], [12.590156, 55.673052], [12.590375, 55.672839], [12.59076, 55.672531], [12.591178, 55.672222], [12.591998, 55.671622], [12.592309, 55.67137], [12.592484, 55.671194], [12.592615, 55.671065], [12.592755, 55.670863], [12.592868, 55.670698], [12.592946, 55.670515], [12.592999, 55.670397], [12.593045, 55.670207], [12.593093, 55.669855], [12.593119, 55.668928], [12.593342, 55.668409], [12.593436, 55.668217], [12.59353, 55.668035], [12.593758, 55.66774], [12.593887, 55.667592], [12.594048, 55.667435], [12.59421, 55.667295], [12.594388, 55.667155], [12.594582, 55.667015], [12.594793, 55.666892], [12.595187, 55.666673], [12.595431, 55.666558], [12.595692, 55.666452], [12.595984, 55.666344], [12.596355, 55.666225], [12.596758, 55.666106], [12.598546, 55.665657], [12.599197, 55.665477], [12.599708, 55.665318], [12.6002, 55.665132], [12.60046, 55.665017], [12.60075, 55.664882], [12.601159, 55.664664], [12.601626, 55.66438], [12.602087, 55.664034], [12.602783, 55.663465], [12.603552, 55.66284], [12.603955, 55.662549], [12.604241, 55.66237], [12.604482, 55.662228], [12.604923, 55.661999], [12.605167, 55.661893], [12.60549, 55.661767], [12.605952, 55.661609], [12.606308, 55.6615], [12.606619, 55.661419], [12.607086, 55.661315], [12.607524, 55.66123], [12.607854, 55.661185], [12.608295, 55.661136], [12.6088, 55.661094], [12.609132, 55.661075], [12.609784, 55.661074], [12.610439, 55.6611], [12.611082, 55.661171], [12.611645, 55.661244], [12.612405, 55.661374], [12.615332, 55.6619], [12.616564, 55.662142], [12.61969, 55.662751], [12.620434, 55.662882], [12.620885, 55.662941], [12.621334, 55.662981], [12.621701, 55.662997], [12.622162, 55.662993], [12.622731, 55.662949], [12.623392, 55.662875], [12.625104, 55.662636], [12.626738, 55.662417], [12.627255, 55.66233], [12.627457, 55.662279], [12.627674, 55.662218], [12.627843, 55.66215], [12.628041, 55.662055], [12.628294, 55.661876], [12.628513, 55.661663], [12.629146, 55.660943], [12.629344, 55.660676], [12.630914, 55.657707], [12.631162, 55.657295], [12.631797, 55.656242], [12.632278, 55.655437], [12.633154, 55.6539], [12.63627, 55.648745], [12.637031, 55.647518], [12.637774, 55.646273], [12.638046, 55.645779], [12.638355, 55.645168], [12.638568, 55.644721], [12.638774, 55.644373], [12.638953, 55.64408], [12.639375, 55.643483], [12.639588, 55.643207], [12.639787, 55.642958], [12.640121, 55.642615], [12.640341, 55.642411], [12.640533, 55.642261], [12.64083, 55.642028], [12.641293, 55.641708], [12.64176, 55.641434], [12.643406, 55.640494], [12.643887, 55.640201], [12.644096, 55.640051], [12.644304, 55.639892], [12.644641, 55.639585], [12.644869, 55.6393], [12.645062, 55.638989], [12.645239, 55.638668], [12.645886, 55.637417], [12.646102, 55.637006], [12.646489, 55.636383], [12.646978, 55.635658], [12.647493, 55.63487], [12.648404, 55.633557], [12.648529, 55.633355], [12.648634, 55.633118], [12.648822, 55.632582], [12.648955, 55.632129], [12.649405, 55.629957]]}, "properties": {"shape_id": "5835", "route_id": "21295_1", "route_short_name": "M2", "agency_id": "319"}}, {"type": "Feature", "geometry": {"type": "LineString", "coordinates": [[12.571584, 55.683656], [12.572475, 55.683306], [12.573125, 55.683099], [12.573684, 55.682948], [12.573964, 55.682876], [12.574622, 55.682758], [12.575344, 55.682656], [12.57607, 55.68259], [12.579996, 55.682359], [12.580676, 55.682312], [12.581055, 55.682274], [12.581432, 55.682218], [12.581792, 55.682154], [12.582134, 55.682072], [12.582677, 55.681912], [12.582938, 55.681814], [12.583183, 55.681699], [12.583426, 55.681575], [12.583653, 55.681452], [12.583863, 55.681311], [12.584072, 55.681161], [12.584234, 55.681012], [12.584394, 55.680846], [12.584537, 55.68068], [12.584607, 55.68057], [12.584799, 55.680231], [12.585008, 55.67974], [12.585461, 55.678602], [12.585633, 55.67822], [12.585756, 55.678], [12.585981, 55.67767], [12.58645, 55.677063], [12.587009, 55.67639], [12.587427, 55.675919], [12.589863, 55.67333], [12.590156, 55.673052], [12.590375, 55.672839], [12.59076, 55.672531], [12.591178, 55.672222], [12.591998, 55.671622], [12.592309, 55.67137], [12.592484, 55.671194], [12.592615, 55.671065], [12.592755, 55.670863], [12.592868, 55.670698], [12.592946, 55.670515], [12.592999, 55.670397], [12.593045, 55.670207], [12.593093, 55.669855], [12.593119, 55.668928], [12.593342, 55.668409], [12.593436, 55.668217], [12.59353, 55.668035], [12.593758, 55.66774], [12.593887, 55.667592], [12.594048, 55.667435], [12.59421, 55.667295], [12.594388, 55.667155], [12.594582, 55.667015], [12.594793, 55.666892], [12.595187, 55.666673], [12.595431, 55.666558], [12.595692, 55.666452], [12.595984, 55.666344], [12.596355, 55.666225], [12.596758, 55.666106], [12.598546, 55.665657], [12.599197, 55.665477], [12.599708, 55.665318], [12.6002, 55.665132], [12.60046, 55.665017], [12.60075, 55.664882], [12.601159, 55.664664], [12.601626, 55.66438], [12.602087, 55.664034], [12.602783, 55.663465], [12.603552, 55.66284], [12.603955, 55.662549], [12.604241, 55.66237], [12.604482, 55.662228], [12.604923, 55.661999], [12.605167, 55.661893], [12.60549, 55.661767], [12.605952, 55.661609], [12.606308, 55.6615], [12.606619, 55.661419], [12.607086, 55.661315], [12.607524, 55.66123], [12.607854, 55.661185], [12.608295, 55.661136], [12.6088, 55.661094], [12.609132, 55.661075], [12.609784, 55.661074], [12.610439, 55.6611], [12.611082, 55.661171], [12.611645, 55.661244], [12.612405, 55.661374], [12.615332, 55.6619], [12.616564, 55.662142], [12.61969, 55.662751], [12.620434, 55.662882], [12.620885, 55.662941], [12.621334, 55.662981], [12.621701, 55.662997], [12.622162, 55.662993], [12.622731, 55.662949], [12.623392, 55.662875], [12.625104, 55.662636], [12.626738, 55.662417], [12.627255, 55.66233], [12.627457, 55.662279], [12.627674, 55.662218], [12.627843, 55.66215], [12.628041, 55.662055], [12.628294, 55.661876], [12.628513, 55.661663], [12.629146, 55.660943], [12.629344, 55.660676], [12.630914, 55.657707], [12.631162, 55.657295], [12.631797, 55.656242], [12.632278, 55.655437], [12.633154, 55.6539], [12.63627, 55.648745], [12.637031, 55.647518], [12.637774, 55.646273], [12.638046, 55.645779], [12.638355, 55.645168], [12.638568, 55.644721], [12.638774, 55.644373], [12.638953, 55.64408], [12.639375, 55.643483], [12.639588, 55.643207], [12.639787, 55.642958], [12.640121, 55.642615], [12.640341, 55.642411], [12.640533, 55.642261], [12.64083, 55.642028], [12.641293, 55.641708], [12.64176, 55.641434], [12.643406, 55.640494], [12.643887, 55.640201], [12.644096, 55.640051], [12.644304, 55.639892], [12.644641, 55.639585], [12.644869, 55.6393], [12.645062, 55.638989], [12.645239, 55.638668], [12.645886, 55.637417], [12.646102, 55.637006], [12.646489, 55.636383], [12.646978, 55.635658], [12.647493, 55.63487], [12.648404, 55.633557], [12.648529, 55.633355], [12.648634, 55.633118], [12.648822, 55.632582], [12.648955, 55.632129], [12.649405, 55.629957]]}, "properties": {"shape_id": "5836", "route_id": "21295_1", "route_short_name": "M2", "agency_id": "319"}}, {"type": "Feature", "geometry": {"type": "LineString", "coordinates": [[12.591178, 55.672222], [12.591998, 55.671622], [12.592309, 55.67137], [12.592484, 55.671194], [12.592615, 55.671065], [12.592755, 55.670863], [12.592868, 55.670698], [12.592946, 55.670515], [12.592999, 55.670397], [12.593045, 55.670207], [12.593093, 55.669855], [12.593119, 55.668928], [12.593342, 55.668409], [12.593436, 55.668217], [12.59353, 55.668035], [12.593758, 55.66774], [12.593887, 55.667592], [12.594048, 55.667435], [12.59421, 55.667295], [12.594388, 55.667155], [12.594582, 55.667015], [12.594793, 55.666892], [12.595187, 55.666673], [12.595431, 55.666558], [12.595692, 55.666452], [12.595984, 55.666344], [12.596355, 55.666225], [12.596758, 55.666106], [12.598546, 55.665657], [12.599197, 55.665477], [12.599708, 55.665318], [12.6002, 55.665132], [12.60046, 55.665017], [12.60075, 55.664882], [12.601159, 55.664664], [12.601626, 55.66438], [12.602087, 55.664034], [12.602783, 55.663465], [12.603552, 55.66284], [12.603955, 55.662549], [12.604241, 55.66237], [12.604482, 55.662228], [12.604923, 55.661999], [12.605167, 55.661893], [12.60549, 55.661767], [12.605952, 55.661609], [12.606308, 55.6615], [12.606619, 55.661419], [12.607086, 55.661315], [12.607524, 55.66123], [12.607854, 55.661185], [12.608295, 55.661136], [12.6088, 55.661094], [12.609132, 55.661075], [12.609784, 55.661074], [12.610439, 55.6611], [12.611082, 55.661171], [12.611645, 55.661244], [12.612405, 55.661374], [12.615332, 55.6619], [12.616564, 55.662142], [12.61969, 55.662751], [12.620434, 55.662882], [12.620885, 55.662941], [12.621334, 55.662981], [12.621701, 55.662997], [12.622162, 55.662993], [12.622731, 55.662949], [12.623392, 55.662875], [12.625104, 55.662636], [12.626738, 55.662417], [12.627255, 55.66233], [12.627457, 55.662279], [12.627674, 55.662218], [12.627843, 55.66215], [12.628041, 55.662055], [12.628294, 55.661876], [12.628513, 55.661663], [12.629146, 55.660943], [12.629344, 55.660676], [12.630914, 55.657707], [12.631162, 55.657295], [12.631797, 55.656242], [12.632278, 55.655437], [12.633154, 55.6539], [12.63627, 55.648745], [12.637031, 55.647518], [12.637774, 55.646273], [12.638046, 55.645779], [12.638355, 55.645168], [12.638568, 55.644721], [12.638774, 55.644373], [12.638953, 55.64408], [12.639375, 55.643483], [12.639588, 55.643207], [12.639787, 55.642958], [12.640121, 55.642615], [12.640341, 55.642411], [12.640533, 55.642261], [12.64083, 55.642028], [12.641293, 55.641708], [12.64176, 55.641434], [12.643406, 55.640494], [12.643887, 55.640201], [12.644096, 55.640051], [12.644304, 55.639892], [12.644641, 55.639585], [12.644869, 55.6393], [12.645062, 55.638989], [12.645239, 55.638668], [12.645886, 55.637417], [12.646102, 55.637006], [12.646489, 55.636383], [12.646978, 55.635658], [12.647493, 55.63487], [12.648404, 55.633557], [12.648529, 55.633355], [12.648634, 55.633118], [12.648822, 55.632582], [12.648955, 55.632129], [12.649405, 55.629957]]}, "properties": {"shape_id": "5837", "route_id": "21295_1", "route_short_name": "M2", "agency_id": "319"}}, {"type": "Feature", "geometry": {"type": "LineString", "coordinates": [[12.631797, 55.656242], [12.632278, 55.655437], [12.633154, 55.6539], [12.63627, 55.648745], [12.637031, 55.647518], [12.637774, 55.646273], [12.638046, 55.645779], [12.638355, 55.645168], [12.638568, 55.644721], [12.638774, 55.644373], [12.638953, 55.64408], [12.639375, 55.643483], [12.639588, 55.643207], [12.639787, 55.642958], [12.640121, 55.642615], [12.640341, 55.642411], [12.640533, 55.642261], [12.64083, 55.642028], [12.641293, 55.641708], [12.64176, 55.641434], [12.643406, 55.640494], [12.643887, 55.640201], [12.644096, 55.640051], [12.644304, 55.639892], [12.644641, 55.639585], [12.644869, 55.6393], [12.645062, 55.638989], [12.645239, 55.638668], [12.645886, 55.637417], [12.646102, 55.637006], [12.646489, 55.636383], [12.646978, 55.635658], [12.647493, 55.63487], [12.648404, 55.633557], [12.648529, 55.633355], [12.648634, 55.633118], [12.648822, 55.632582], [12.648955, 55.632129], [12.649405, 55.629957]]}, "properties": {"shape_id": "5838", "route_id": "21295_1", "route_short_name": "M2", "agency_id": "319"}}, {"type": "Feature", "geometry": {"type": "LineString", "coordinates": [[12.491429, 55.68734], [12.492133, 55.687203], [12.493073, 55.687033], [12.495191, 55.686685], [12.495881, 55.686566], [12.4966, 55.686429], [12.497787, 55.68617], [12.499291, 55.685902], [12.500294, 55.68573], [12.500843, 55.685642], [12.503266, 55.685321], [12.504254, 55.685167], [12.504989, 55.68502], [12.506895, 55.684615], [12.508426, 55.684292], [12.510179, 55.683964], [12.512405, 55.683585], [12.514425, 55.683222], [12.517951, 55.682617], [12.520598, 55.682136], [12.523338, 55.681635], [12.524511, 55.681404], [12.525091, 55.681315], [12.525722, 55.681243], [12.526052, 55.681206], [12.52667, 55.681171], [12.527083, 55.681159], [12.52756, 55.681154], [12.529552, 55.681187], [12.532401, 55.681194], [12.534981, 55.68121], [12.535874, 55.681238], [12.536498, 55.681274], [12.536835, 55.6813], [12.53743, 55.681364], [12.537961, 55.681439], [12.538365, 55.681499], [12.539011, 55.681606], [12.539853, 55.681771], [12.540212, 55.681859], [12.540846, 55.682012], [12.543422, 55.682693], [12.544138, 55.682861], [12.544655, 55.682954], [12.545154, 55.683011], [12.545474, 55.683029], [12.545778, 55.683047], [12.546127, 55.683037], [12.54646, 55.683019], [12.54676, 55.683001], [12.547169, 55.682944], [12.547593, 55.682878], [12.54828, 55.682732], [12.552727, 55.681758], [12.553632, 55.681561], [12.554228, 55.681463], [12.554685, 55.681414], [12.555001, 55.681387], [12.555319, 55.681377], [12.555654, 55.681386], [12.555957, 55.681395], [12.556487, 55.681451], [12.556793, 55.681496], [12.557069, 55.681551], [12.557378, 55.681623], [12.557656, 55.681705], [12.5581, 55.681863], [12.558331, 55.681955], [12.558581, 55.682074], [12.558814, 55.682193], [12.559033, 55.682322], [12.559321, 55.68252], [12.559612, 55.682745], [12.559873, 55.682981], [12.560134, 55.683234], [12.560787, 55.683934], [12.561118, 55.684248], [12.561444, 55.684509], [12.561648, 55.684647], [12.561866, 55.684775], [12.562117, 55.684903], [12.562382, 55.685021], [12.562745, 55.685163], [12.563007, 55.685245], [12.5633, 55.685318], [12.563577, 55.685382], [12.56411, 55.685474], [12.564368, 55.685503], [12.564784, 55.685536], [12.565088, 55.685545], [12.565453, 55.685543], [12.56577, 55.685525], [12.566102, 55.685497], [12.566416, 55.685452], [12.566745, 55.685398], [12.567182, 55.685304], [12.567694, 55.685154], [12.568249, 55.684958], [12.571584, 55.683656]]}, "properties": {"shape_id": "5839", "route_id": "21295_1", "route_short_name": "M2", "agency_id": "319"}}, {"type": "Feature", "geometry": {"type": "LineString", "coordinates": [[12.491429, 55.68734], [12.492133, 55.687203], [12.493073, 55.687033], [12.495191, 55.686685], [12.495881, 55.686566], [12.4966, 55.686429], [12.497787, 55.68617], [12.499291, 55.685902], [12.500294, 55.68573], [12.500843, 55.685642], [12.503266, 55.685321], [12.504254, 55.685167], [12.504989, 55.68502], [12.506895, 55.684615], [12.508426, 55.684292], [12.510179, 55.683964], [12.512405, 55.683585], [12.514425, 55.683222], [12.517951, 55.682617], [12.520598, 55.682136], [12.523338, 55.681635]]}, "properties": {"shape_id": "5840", "route_id": "21295_1", "route_short_name": "M2", "agency_id": "319"}}, {"type": "Feature", "geometry": {"type": "LineString", "coordinates": [[12.491429, 55.68734], [12.492133, 55.687203], [12.493073, 55.687033], [12.495191, 55.686685], [12.495881, 55.686566], [12.4966, 55.686429], [12.497787, 55.68617], [12.499291, 55.685902], [12.500294, 55.68573], [12.500843, 55.685642], [12.503266, 55.685321], [12.504254, 55.685167], [12.504989, 55.68502], [12.506895, 55.684615], [12.508426, 55.684292], [12.510179, 55.683964], [12.512405, 55.683585], [12.514425, 55.683222], [12.517951, 55.682617], [12.520598, 55.682136], [12.523338, 55.681635], [12.524511, 55.681404], [12.525091, 55.681315], [12.525722, 55.681243], [12.526052, 55.681206], [12.52667, 55.681171], [12.527083, 55.681159], [12.52756, 55.681154], [12.529552, 55.681187], [12.532401, 55.681194]]}, "properties": {"shape_id": "5841", "route_id": "21295_1", "route_short_name": "M2", "agency_id": "319"}}, {"type": "Feature", "geometry": {"type": "LineString", "coordinates": [[12.491429, 55.68734], [12.492133, 55.687203], [12.493073, 55.687033], [12.495191, 55.686685], [12.495881, 55.686566], [12.4966, 55.686429], [12.497787, 55.68617], [12.499291, 55.685902], [12.500294, 55.68573], [12.500843, 55.685642], [12.503266, 55.685321], [12.504254, 55.685167], [12.504989, 55.68502], [12.506895, 55.684615], [12.508426, 55.684292], [12.510179, 55.683964], [12.512405, 55.683585], [12.514425, 55.683222], [12.517951, 55.682617], [12.520598, 55.682136], [12.523338, 55.681635], [12.524511, 55.681404], [12.525091, 55.681315], [12.525722, 55.681243], [12.526052, 55.681206], [12.52667, 55.681171], [12.527083, 55.681159], [12.52756, 55.681154], [12.529552, 55.681187], [12.532401, 55.681194], [12.534981, 55.68121], [12.535874, 55.681238], [12.536498, 55.681274], [12.536835, 55.6813], [12.53743, 55.681364], [12.537961, 55.681439], [12.538365, 55.681499], [12.539011, 55.681606], [12.539853, 55.681771], [12.540212, 55.681859], [12.540846, 55.682012], [12.543422, 55.682693], [12.544138, 55.682861], [12.544655, 55.682954], [12.545154, 55.683011], [12.545474, 55.683029], [12.545778, 55.683047], [12.546127, 55.683037], [12.54646, 55.683019], [12.54676, 55.683001], [12.547169, 55.682944], [12.547593, 55.682878], [12.54828, 55.682732], [12.552727, 55.681758], [12.553632, 55.681561], [12.554228, 55.681463], [12.554685, 55.681414], [12.555001, 55.681387], [12.555319, 55.681377], [12.555654, 55.681386], [12.555957, 55.681395], [12.556487, 55.681451], [12.556793, 55.681496], [12.557069, 55.681551], [12.557378, 55.681623], [12.557656, 55.681705], [12.5581, 55.681863], [12.558331, 55.681955], [12.558581, 55.682074], [12.558814, 55.682193], [12.559033, 55.682322], [12.559321, 55.68252], [12.559612, 55.682745], [12.559873, 55.682981], [12.560134, 55.683234], [12.560787, 55.683934], [12.561118, 55.684248], [12.561444, 55.684509], [12.561648, 55.684647], [12.561866, 55.684775], [12.562117, 55.684903], [12.562382, 55.685021], [12.562745, 55.685163], [12.563007, 55.685245], [12.5633, 55.685318], [12.563577, 55.685382], [12.56411, 55.685474], [12.564368, 55.685503], [12.564784, 55.685536], [12.565088, 55.685545], [12.565453, 55.685543], [12.56577, 55.685525], [12.566102, 55.685497], [12.566416, 55.685452], [12.566745, 55.685398], [12.567182, 55.685304], [12.567694, 55.685154], [12.568249, 55.684958], [12.571584, 55.683656], [12.572475, 55.683306], [12.573125, 55.683099], [12.573684, 55.682948], [12.573964, 55.682876], [12.574622, 55.682758], [12.575344, 55.682656], [12.57607, 55.68259], [12.579996, 55.682359], [12.580676, 55.682312], [12.581055, 55.682274], [12.581432, 55.682218], [12.581792, 55.682154], [12.582134, 55.682072], [12.582677, 55.681912], [12.582938, 55.681814], [12.583183, 55.681699], [12.583426, 55.681575], [12.583653, 55.681452], [12.583863, 55.681311], [12.584072, 55.681161], [12.584234, 55.681012], [12.584394, 55.680846], [12.584537, 55.68068], [12.584607, 55.68057], [12.584799, 55.680231], [12.585008, 55.67974], [12.585461, 55.678602], [12.585633, 55.67822], [12.585756, 55.678], [12.585981, 55.67767], [12.58645, 55.677063], [12.587009, 55.67639], [12.587427, 55.675919], [12.589863, 55.67333], [12.590156, 55.673052], [12.590375, 55.672839], [12.59076, 55.672531], [12.591178, 55.672222]]}, "properties": {"shape_id": "5842", "route_id": "21295_1", "route_short_name": "M2", "agency_id": "319"}}, {"type": "Feature", "geometry": {"type": "LineString", "coordinates": [[12.491429, 55.68734], [12.492133, 55.687203], [12.493073, 55.687033], [12.495191, 55.686685], [12.495881, 55.686566], [12.4966, 55.686429], [12.497787, 55.68617], [12.499291, 55.685902], [12.500294, 55.68573], [12.500843, 55.685642], [12.503266, 55.685321], [12.504254, 55.685167], [12.504989, 55.68502], [12.506895, 55.684615], [12.508426, 55.684292], [12.510179, 55.683964], [12.512405, 55.683585], [12.514425, 55.683222], [12.517951, 55.682617], [12.520598, 55.682136], [12.523338, 55.681635], [12.524511, 55.681404], [12.525091, 55.681315], [12.525722, 55.681243], [12.526052, 55.681206], [12.52667, 55.681171], [12.527083, 55.681159], [12.52756, 55.681154], [12.529552, 55.681187], [12.532401, 55.681194], [12.534981, 55.68121], [12.535874, 55.681238], [12.536498, 55.681274], [12.536835, 55.6813], [12.53743, 55.681364], [12.537961, 55.681439], [12.538365, 55.681499], [12.539011, 55.681606], [12.539853, 55.681771], [12.540212, 55.681859], [12.540846, 55.682012], [12.543422, 55.682693], [12.544138, 55.682861], [12.544655, 55.682954], [12.545154, 55.683011], [12.545474, 55.683029], [12.545778, 55.683047], [12.546127, 55.683037], [12.54646, 55.683019], [12.54676, 55.683001], [12.547169, 55.682944], [12.547593, 55.682878], [12.54828, 55.682732], [12.552727, 55.681758], [12.553632, 55.681561], [12.554228, 55.681463], [12.554685, 55.681414], [12.555001, 55.681387], [12.555319, 55.681377], [12.555654, 55.681386], [12.555957, 55.681395], [12.556487, 55.681451], [12.556793, 55.681496], [12.557069, 55.681551], [12.557378, 55.681623], [12.557656, 55.681705], [12.5581, 55.681863], [12.558331, 55.681955], [12.558581, 55.682074], [12.558814, 55.682193], [12.559033, 55.682322], [12.559321, 55.68252], [12.559612, 55.682745], [12.559873, 55.682981], [12.560134, 55.683234], [12.560787, 55.683934], [12.561118, 55.684248], [12.561444, 55.684509], [12.561648, 55.684647], [12.561866, 55.684775], [12.562117, 55.684903], [12.562382, 55.685021], [12.562745, 55.685163], [12.563007, 55.685245], [12.5633, 55.685318], [12.563577, 55.685382], [12.56411, 55.685474], [12.564368, 55.685503], [12.564784, 55.685536], [12.565088, 55.685545], [12.565453, 55.685543], [12.56577, 55.685525], [12.566102, 55.685497], [12.566416, 55.685452], [12.566745, 55.685398], [12.567182, 55.685304], [12.567694, 55.685154], [12.568249, 55.684958], [12.571584, 55.683656], [12.572475, 55.683306], [12.573125, 55.683099], [12.573684, 55.682948], [12.573964, 55.682876], [12.574622, 55.682758], [12.575344, 55.682656], [12.57607, 55.68259], [12.579996, 55.682359], [12.580676, 55.682312], [12.581055, 55.682274], [12.581432, 55.682218], [12.581792, 55.682154], [12.582134, 55.682072], [12.582677, 55.681912], [12.582938, 55.681814], [12.583183, 55.681699], [12.583426, 55.681575], [12.583653, 55.681452], [12.583863, 55.681311], [12.584072, 55.681161], [12.584234, 55.681012], [12.584394, 55.680846], [12.584537, 55.68068], [12.584607, 55.68057], [12.584799, 55.680231], [12.585008, 55.67974], [12.585461, 55.678602], [12.585633, 55.67822], [12.585756, 55.678], [12.585981, 55.67767], [12.58645, 55.677063], [12.587009, 55.67639], [12.587427, 55.675919], [12.589863, 55.67333], [12.590156, 55.673052], [12.590375, 55.672839], [12.59076, 55.672531], [12.591178, 55.672222], [12.591998, 55.671622], [12.592309, 55.67137], [12.592484, 55.671194], [12.592615, 55.671065], [12.592755, 55.670863], [12.592868, 55.670698], [12.592946, 55.670515], [12.592999, 55.670397], [12.593045, 55.670207], [12.593093, 55.669855], [12.593119, 55.668928], [12.593342, 55.668409], [12.593436, 55.668217], [12.59353, 55.668035], [12.593758, 55.66774], [12.593887, 55.667592], [12.594048, 55.667435], [12.59421, 55.667295], [12.594388, 55.667155], [12.594582, 55.667015], [12.594793, 55.666892], [12.595187, 55.666673], [12.595431, 55.666558], [12.595692, 55.666452], [12.595984, 55.666344], [12.596355, 55.666225], [12.596758, 55.666106], [12.598546, 55.665657], [12.599197, 55.665477], [12.599708, 55.665318], [12.6002, 55.665132], [12.60046, 55.665017], [12.60075, 55.664882], [12.601159, 55.664664], [12.601626, 55.66438], [12.602087, 55.664034], [12.602783, 55.663465], [12.603552, 55.66284], [12.603955, 55.662549], [12.604241, 55.66237], [12.604482, 55.662228], [12.604923, 55.661999], [12.605167, 55.661893], [12.60549, 55.661767], [12.605952, 55.661609], [12.606308, 55.6615], [12.606619, 55.661419], [12.607086, 55.661315], [12.607524, 55.66123], [12.607854, 55.661185], [12.608295, 55.661136], [12.6088, 55.661094], [12.609132, 55.661075], [12.609784, 55.661074], [12.610439, 55.6611], [12.611082, 55.661171], [12.611645, 55.661244], [12.612405, 55.661374], [12.615332, 55.6619], [12.616564, 55.662142], [12.61969, 55.662751], [12.620434, 55.662882], [12.620885, 55.662941], [12.621334, 55.662981], [12.621701, 55.662997], [12.622162, 55.662993], [12.622731, 55.662949], [12.623392, 55.662875], [12.625104, 55.662636], [12.626738, 55.662417], [12.627255, 55.66233], [12.627457, 55.662279], [12.627674, 55.662218], [12.627843, 55.66215], [12.628041, 55.662055], [12.628294, 55.661876], [12.628513, 55.661663], [12.629146, 55.660943], [12.629344, 55.660676], [12.630914, 55.657707], [12.631162, 55.657295], [12.631797, 55.656242]]}, "properties": {"shape_id": "5843", "route_id": "21295_1", "route_short_name": "M2", "agency_id": "319"}}, {"type": "Feature", "geometry": {"type": "LineString", "coordinates": [[12.628513, 55.661663], [12.628294, 55.661876], [12.628041, 55.662055], [12.627843, 55.66215], [12.627674, 55.662218], [12.627457, 55.662279], [12.627255, 55.66233], [12.626738, 55.662417], [12.625104, 55.662636], [12.623392, 55.662875], [12.622731, 55.662949], [12.622162, 55.662993], [12.621701, 55.662997], [12.621334, 55.662981], [12.620885, 55.662941], [12.620434, 55.662882], [12.61969, 55.662751], [12.616564, 55.662142], [12.615332, 55.6619], [12.612405, 55.661374], [12.611645, 55.661244], [12.611082, 55.661171], [12.610439, 55.6611], [12.609784, 55.661074], [12.609132, 55.661075], [12.6088, 55.661094], [12.608295, 55.661136], [12.607854, 55.661185], [12.607524, 55.66123], [12.607086, 55.661315], [12.606619, 55.661419], [12.606308, 55.6615], [12.605952, 55.661609], [12.60549, 55.661767], [12.605167, 55.661893], [12.604923, 55.661999], [12.604482, 55.662228], [12.604241, 55.66237], [12.603955, 55.662549], [12.603552, 55.66284], [12.602783, 55.663465], [12.602087, 55.664034], [12.601626, 55.66438], [12.601159, 55.664664], [12.60075, 55.664882], [12.60046, 55.665017], [12.6002, 55.665132], [12.599708, 55.665318], [12.599197, 55.665477], [12.598546, 55.665657], [12.596758, 55.666106], [12.596355, 55.666225], [12.595984, 55.666344], [12.595692, 55.666452], [12.595431, 55.666558], [12.595187, 55.666673], [12.594793, 55.666892], [12.594582, 55.667015], [12.594388, 55.667155], [12.59421, 55.667295], [12.594048, 55.667435], [12.593887, 55.667592], [12.593758, 55.66774], [12.59353, 55.668035], [12.593436, 55.668217], [12.593342, 55.668409], [12.593119, 55.668928], [12.593093, 55.669855], [12.593045, 55.670207], [12.592999, 55.670397], [12.592946, 55.670515], [12.592868, 55.670698], [12.592755, 55.670863], [12.592615, 55.671065], [12.592484, 55.671194], [12.592309, 55.67137], [12.591998, 55.671622], [12.591178, 55.672222], [12.59076, 55.672531], [12.590375, 55.672839], [12.590156, 55.673052], [12.589863, 55.67333], [12.587427, 55.675919], [12.587009, 55.67639], [12.58645, 55.677063], [12.585981, 55.67767], [12.585756, 55.678], [12.585633, 55.67822], [12.585461, 55.678602], [12.585008, 55.67974], [12.584799, 55.680231], [12.584607, 55.68057], [12.584537, 55.68068], [12.584394, 55.680846], [12.584234, 55.681012], [12.584072, 55.681161], [12.583863, 55.681311], [12.583653, 55.681452], [12.583426, 55.681575], [12.583183, 55.681699], [12.582938, 55.681814], [12.582677, 55.681912], [12.582134, 55.682072], [12.581792, 55.682154], [12.581432, 55.682218], [12.581055, 55.682274], [12.580676, 55.682312], [12.579996, 55.682359], [12.57607, 55.68259], [12.575344, 55.682656], [12.574622, 55.682758], [12.573964, 55.682876], [12.573684, 55.682948], [12.573125, 55.683099], [12.572475, 55.683306], [12.571584, 55.683656], [12.568249, 55.684958], [12.567694, 55.685154], [12.567182, 55.685304], [12.566745, 55.685398], [12.566416, 55.685452], [12.566102, 55.685497], [12.56577, 55.685525], [12.565453, 55.685543], [12.565088, 55.685545], [12.564784, 55.685536], [12.564368, 55.685503], [12.56411, 55.685474], [12.563577, 55.685382], [12.5633, 55.685318], [12.563007, 55.685245], [12.562745, 55.685163], [12.562382, 55.685021], [12.562117, 55.684903], [12.561866, 55.684775], [12.561648, 55.684647], [12.561444, 55.684509], [12.561118, 55.684248], [12.560787, 55.683934], [12.560134, 55.683234], [12.559873, 55.682981], [12.559612, 55.682745], [12.559321, 55.68252], [12.559033, 55.682322], [12.558814, 55.682193], [12.558581, 55.682074], [12.558331, 55.681955], [12.5581, 55.681863], [12.557656, 55.681705], [12.557378, 55.681623], [12.557069, 55.681551], [12.556793, 55.681496], [12.556487, 55.681451], [12.555957, 55.681395], [12.555654, 55.681386], [12.555319, 55.681377], [12.555001, 55.681387], [12.554685, 55.681414], [12.554228, 55.681463], [12.553632, 55.681561], [12.552727, 55.681758], [12.54828, 55.682732], [12.547593, 55.682878], [12.547169, 55.682944], [12.54676, 55.683001], [12.54646, 55.683019], [12.546127, 55.683037], [12.545778, 55.683047], [12.545474, 55.683029], [12.545154, 55.683011], [12.544655, 55.682954], [12.544138, 55.682861], [12.543422, 55.682693], [12.540846, 55.682012], [12.540212, 55.681859], [12.539853, 55.681771], [12.539011, 55.681606], [12.538365, 55.681499], [12.537961, 55.681439], [12.53743, 55.681364], [12.536835, 55.6813], [12.536498, 55.681274], [12.535874, 55.681238], [12.534981, 55.68121], [12.532401, 55.681194], [12.529552, 55.681187], [12.52756, 55.681154], [12.527083, 55.681159], [12.52667, 55.681171], [12.526052, 55.681206], [12.525722, 55.681243], [12.525091, 55.681315], [12.524511, 55.681404], [12.523338, 55.681635], [12.520598, 55.682136], [12.517951, 55.682617], [12.514425, 55.683222], [12.512405, 55.683585], [12.510179, 55.683964], [12.508426, 55.684292], [12.506895, 55.684615], [12.504989, 55.68502], [12.504254, 55.685167], [12.503266, 55.685321], [12.500843, 55.685642], [12.500294, 55.68573], [12.499291, 55.685902], [12.497787, 55.68617], [12.4966, 55.686429], [12.495881, 55.686566], [12.495191, 55.686685], [12.493073, 55.687033], [12.492133, 55.687203], [12.491429, 55.68734]]}, "properties": {"shape_id": "5844", "route_id": "21295_1", "route_short_name": "M2", "agency_id": "319"}}, {"type": "Feature", "geometry": {"type": "LineString", "coordinates": [[12.571584, 55.683656], [12.568249, 55.684958], [12.567694, 55.685154], [12.567182, 55.685304], [12.566745, 55.685398], [12.566416, 55.685452], [12.566102, 55.685497], [12.56577, 55.685525], [12.565453, 55.685543], [12.565088, 55.685545], [12.564784, 55.685536], [12.564368, 55.685503], [12.56411, 55.685474], [12.563577, 55.685382], [12.5633, 55.685318], [12.563007, 55.685245], [12.562745, 55.685163], [12.562382, 55.685021], [12.562117, 55.684903], [12.561866, 55.684775], [12.561648, 55.684647], [12.561444, 55.684509], [12.561118, 55.684248], [12.560787, 55.683934], [12.560134, 55.683234], [12.559873, 55.682981], [12.559612, 55.682745], [12.559321, 55.68252], [12.559033, 55.682322], [12.558814, 55.682193], [12.558581, 55.682074], [12.558331, 55.681955], [12.5581, 55.681863], [12.557656, 55.681705], [12.557378, 55.681623], [12.557069, 55.681551], [12.556793, 55.681496], [12.556487, 55.681451], [12.555957, 55.681395], [12.555654, 55.681386], [12.555319, 55.681377], [12.555001, 55.681387], [12.554685, 55.681414], [12.554228, 55.681463], [12.553632, 55.681561], [12.552727, 55.681758], [12.54828, 55.682732], [12.547593, 55.682878], [12.547169, 55.682944], [12.54676, 55.683001], [12.54646, 55.683019], [12.546127, 55.683037], [12.545778, 55.683047], [12.545474, 55.683029], [12.545154, 55.683011], [12.544655, 55.682954], [12.544138, 55.682861], [12.543422, 55.682693], [12.540846, 55.682012], [12.540212, 55.681859], [12.539853, 55.681771], [12.539011, 55.681606], [12.538365, 55.681499], [12.537961, 55.681439], [12.53743, 55.681364], [12.536835, 55.6813], [12.536498, 55.681274], [12.535874, 55.681238], [12.534981, 55.68121], [12.532401, 55.681194], [12.529552, 55.681187], [12.52756, 55.681154], [12.527083, 55.681159], [12.52667, 55.681171], [12.526052, 55.681206], [12.525722, 55.681243], [12.525091, 55.681315], [12.524511, 55.681404], [12.523338, 55.681635], [12.520598, 55.682136], [12.517951, 55.682617], [12.514425, 55.683222], [12.512405, 55.683585], [12.510179, 55.683964], [12.508426, 55.684292], [12.506895, 55.684615], [12.504989, 55.68502], [12.504254, 55.685167], [12.503266, 55.685321], [12.500843, 55.685642], [12.500294, 55.68573], [12.499291, 55.685902], [12.497787, 55.68617], [12.4966, 55.686429], [12.495881, 55.686566], [12.495191, 55.686685], [12.493073, 55.687033], [12.492133, 55.687203], [12.491429, 55.68734]]}, "properties": {"shape_id": "5845", "route_id": "21295_1", "route_short_name": "M2", "agency_id": "319"}}, {"type": "Feature", "geometry": {"type": "LineString", "coordinates": [[12.523338, 55.681635], [12.520598, 55.682136], [12.517951, 55.682617], [12.514425, 55.683222], [12.512405, 55.683585], [12.510179, 55.683964], [12.508426, 55.684292], [12.506895, 55.684615], [12.504989, 55.68502], [12.504254, 55.685167], [12.503266, 55.685321], [12.500843, 55.685642], [12.500294, 55.68573], [12.499291, 55.685902], [12.497787, 55.68617], [12.4966, 55.686429], [12.495881, 55.686566], [12.495191, 55.686685], [12.493073, 55.687033], [12.492133, 55.687203], [12.491429, 55.68734]]}, "properties": {"shape_id": "5846", "route_id": "21295_1", "route_short_name": "M2", "agency_id": "319"}}, {"type": "Feature", "geometry": {"type": "LineString", "coordinates": [[12.649405, 55.629957], [12.648955, 55.632129], [12.648822, 55.632582], [12.648634, 55.633118], [12.648529, 55.633355], [12.648404, 55.633557], [12.647493, 55.63487], [12.646978, 55.635658], [12.646489, 55.636383], [12.646102, 55.637006], [12.645886, 55.637417], [12.645239, 55.638668], [12.645062, 55.638989], [12.644869, 55.6393], [12.644641, 55.639585], [12.644304, 55.639892], [12.644096, 55.640051], [12.643887, 55.640201], [12.643406, 55.640494], [12.64176, 55.641434], [12.641293, 55.641708], [12.64083, 55.642028], [12.640533, 55.642261], [12.640341, 55.642411], [12.640121, 55.642615], [12.639787, 55.642958], [12.639588, 55.643207], [12.639375, 55.643483], [12.638953, 55.64408], [12.638774, 55.644373], [12.638568, 55.644721], [12.638355, 55.645168], [12.638046, 55.645779], [12.637774, 55.646273], [12.637031, 55.647518], [12.63627, 55.648745], [12.633154, 55.6539], [12.632278, 55.655437], [12.631797, 55.656242], [12.631162, 55.657295], [12.630914, 55.657707], [12.629344, 55.660676], [12.629146, 55.660943], [12.628513, 55.661663], [12.628294, 55.661876], [12.628041, 55.662055], [12.627843, 55.66215], [12.627674, 55.662218], [12.627457, 55.662279], [12.627255, 55.66233], [12.626738, 55.662417], [12.625104, 55.662636], [12.623392, 55.662875], [12.622731, 55.662949], [12.622162, 55.662993], [12.621701, 55.662997], [12.621334, 55.662981], [12.620885, 55.662941], [12.620434, 55.662882], [12.61969, 55.662751], [12.616564, 55.662142], [12.615332, 55.6619], [12.612405, 55.661374], [12.611645, 55.661244], [12.611082, 55.661171], [12.610439, 55.6611], [12.609784, 55.661074], [12.609132, 55.661075], [12.6088, 55.661094], [12.608295, 55.661136], [12.607854, 55.661185], [12.607524, 55.66123], [12.607086, 55.661315], [12.606619, 55.661419], [12.606308, 55.6615], [12.605952, 55.661609], [12.60549, 55.661767], [12.605167, 55.661893], [12.604923, 55.661999], [12.604482, 55.662228], [12.604241, 55.66237], [12.603955, 55.662549], [12.603552, 55.66284], [12.602783, 55.663465], [12.602087, 55.664034], [12.601626, 55.66438], [12.601159, 55.664664], [12.60075, 55.664882], [12.60046, 55.665017], [12.6002, 55.665132], [12.599708, 55.665318], [12.599197, 55.665477], [12.598546, 55.665657], [12.596758, 55.666106], [12.596355, 55.666225], [12.595984, 55.666344], [12.595692, 55.666452], [12.595431, 55.666558], [12.595187, 55.666673], [12.594793, 55.666892], [12.594582, 55.667015], [12.594388, 55.667155], [12.59421, 55.667295], [12.594048, 55.667435], [12.593887, 55.667592], [12.593758, 55.66774], [12.59353, 55.668035], [12.593436, 55.668217], [12.593342, 55.668409], [12.593119, 55.668928], [12.593093, 55.669855], [12.593045, 55.670207], [12.592999, 55.670397], [12.592946, 55.670515], [12.592868, 55.670698], [12.592755, 55.670863], [12.592615, 55.671065], [12.592484, 55.671194], [12.592309, 55.67137], [12.591998, 55.671622], [12.591178, 55.672222]]}, "properties": {"shape_id": "5847", "route_id": "21295_1", "route_short_name": "M2", "agency_id": "319"}}, {"type": "Feature", "geometry": {"type": "LineString", "coordinates": [[12.649405, 55.629957], [12.648955, 55.632129], [12.648822, 55.632582], [12.648634, 55.633118], [12.648529, 55.633355], [12.648404, 55.633557], [12.647493, 55.63487], [12.646978, 55.635658], [12.646489, 55.636383], [12.646102, 55.637006], [12.645886, 55.637417], [12.645239, 55.638668], [12.645062, 55.638989], [12.644869, 55.6393], [12.644641, 55.639585], [12.644304, 55.639892], [12.644096, 55.640051], [12.643887, 55.640201], [12.643406, 55.640494], [12.64176, 55.641434], [12.641293, 55.641708], [12.64083, 55.642028], [12.640533, 55.642261], [12.640341, 55.642411], [12.640121, 55.642615], [12.639787, 55.642958], [12.639588, 55.643207], [12.639375, 55.643483], [12.638953, 55.64408], [12.638774, 55.644373], [12.638568, 55.644721], [12.638355, 55.645168], [12.638046, 55.645779], [12.637774, 55.646273], [12.637031, 55.647518], [12.63627, 55.648745], [12.633154, 55.6539], [12.632278, 55.655437], [12.631797, 55.656242], [12.631162, 55.657295], [12.630914, 55.657707], [12.629344, 55.660676], [12.629146, 55.660943], [12.628513, 55.661663], [12.628294, 55.661876], [12.628041, 55.662055], [12.627843, 55.66215], [12.627674, 55.662218], [12.627457, 55.662279], [12.627255, 55.66233], [12.626738, 55.662417], [12.625104, 55.662636], [12.623392, 55.662875], [12.622731, 55.662949], [12.622162, 55.662993], [12.621701, 55.662997], [12.621334, 55.662981], [12.620885, 55.662941], [12.620434, 55.662882], [12.61969, 55.662751], [12.616564, 55.662142], [12.615332, 55.6619], [12.612405, 55.661374], [12.611645, 55.661244], [12.611082, 55.661171], [12.610439, 55.6611], [12.609784, 55.661074], [12.609132, 55.661075], [12.6088, 55.661094], [12.608295, 55.661136], [12.607854, 55.661185], [12.607524, 55.66123], [12.607086, 55.661315], [12.606619, 55.661419], [12.606308, 55.6615], [12.605952, 55.661609], [12.60549, 55.661767], [12.605167, 55.661893], [12.604923, 55.661999], [12.604482, 55.662228], [12.604241, 55.66237], [12.603955, 55.662549], [12.603552, 55.66284], [12.602783, 55.663465], [12.602087, 55.664034], [12.601626, 55.66438], [12.601159, 55.664664], [12.60075, 55.664882], [12.60046, 55.665017], [12.6002, 55.665132], [12.599708, 55.665318], [12.599197, 55.665477], [12.598546, 55.665657], [12.596758, 55.666106], [12.596355, 55.666225], [12.595984, 55.666344], [12.595692, 55.666452], [12.595431, 55.666558], [12.595187, 55.666673], [12.594793, 55.666892], [12.594582, 55.667015], [12.594388, 55.667155], [12.59421, 55.667295], [12.594048, 55.667435], [12.593887, 55.667592], [12.593758, 55.66774], [12.59353, 55.668035], [12.593436, 55.668217], [12.593342, 55.668409], [12.593119, 55.668928], [12.593093, 55.669855], [12.593045, 55.670207], [12.592999, 55.670397], [12.592946, 55.670515], [12.592868, 55.670698], [12.592755, 55.670863], [12.592615, 55.671065], [12.592484, 55.671194], [12.592309, 55.67137], [12.591998, 55.671622], [12.591178, 55.672222], [12.59076, 55.672531], [12.590375, 55.672839], [12.590156, 55.673052], [12.589863, 55.67333], [12.587427, 55.675919], [12.587009, 55.67639], [12.58645, 55.677063], [12.585981, 55.67767], [12.585756, 55.678], [12.585633, 55.67822], [12.585461, 55.678602], [12.585008, 55.67974], [12.584799, 55.680231], [12.584607, 55.68057], [12.584537, 55.68068], [12.584394, 55.680846], [12.584234, 55.681012], [12.584072, 55.681161], [12.583863, 55.681311], [12.583653, 55.681452], [12.583426, 55.681575], [12.583183, 55.681699], [12.582938, 55.681814], [12.582677, 55.681912], [12.582134, 55.682072], [12.581792, 55.682154], [12.581432, 55.682218], [12.581055, 55.682274], [12.580676, 55.682312], [12.579996, 55.682359], [12.57607, 55.68259], [12.575344, 55.682656], [12.574622, 55.682758], [12.573964, 55.682876], [12.573684, 55.682948], [12.573125, 55.683099], [12.572475, 55.683306], [12.571584, 55.683656], [12.568249, 55.684958], [12.567694, 55.685154], [12.567182, 55.685304], [12.566745, 55.685398], [12.566416, 55.685452], [12.566102, 55.685497], [12.56577, 55.685525], [12.565453, 55.685543], [12.565088, 55.685545], [12.564784, 55.685536], [12.564368, 55.685503], [12.56411, 55.685474], [12.563577, 55.685382], [12.5633, 55.685318], [12.563007, 55.685245], [12.562745, 55.685163], [12.562382, 55.685021], [12.562117, 55.684903], [12.561866, 55.684775], [12.561648, 55.684647], [12.561444, 55.684509], [12.561118, 55.684248], [12.560787, 55.683934], [12.560134, 55.683234], [12.559873, 55.682981], [12.559612, 55.682745], [12.559321, 55.68252], [12.559033, 55.682322], [12.558814, 55.682193], [12.558581, 55.682074], [12.558331, 55.681955], [12.5581, 55.681863], [12.557656, 55.681705], [12.557378, 55.681623], [12.557069, 55.681551], [12.556793, 55.681496], [12.556487, 55.681451], [12.555957, 55.681395], [12.555654, 55.681386], [12.555319, 55.681377], [12.555001, 55.681387], [12.554685, 55.681414], [12.554228, 55.681463], [12.553632, 55.681561], [12.552727, 55.681758], [12.54828, 55.682732], [12.547593, 55.682878], [12.547169, 55.682944], [12.54676, 55.683001], [12.54646, 55.683019], [12.546127, 55.683037], [12.545778, 55.683047], [12.545474, 55.683029], [12.545154, 55.683011], [12.544655, 55.682954], [12.544138, 55.682861], [12.543422, 55.682693], [12.540846, 55.682012], [12.540212, 55.681859], [12.539853, 55.681771], [12.539011, 55.681606], [12.538365, 55.681499], [12.537961, 55.681439], [12.53743, 55.681364], [12.536835, 55.6813], [12.536498, 55.681274], [12.535874, 55.681238], [12.534981, 55.68121], [12.532401, 55.681194], [12.529552, 55.681187], [12.52756, 55.681154], [12.527083, 55.681159], [12.52667, 55.681171], [12.526052, 55.681206], [12.525722, 55.681243], [12.525091, 55.681315], [12.524511, 55.681404], [12.523338, 55.681635], [12.520598, 55.682136], [12.517951, 55.682617], [12.514425, 55.683222], [12.512405, 55.683585], [12.510179, 55.683964], [12.508426, 55.684292], [12.506895, 55.684615], [12.504989, 55.68502], [12.504254, 55.685167], [12.503266, 55.685321], [12.500843, 55.685642], [12.500294, 55.68573], [12.499291, 55.685902], [12.497787, 55.68617], [12.4966, 55.686429], [12.495881, 55.686566], [12.495191, 55.686685], [12.493073, 55.687033], [12.492133, 55.687203], [12.491429, 55.68734]]}, "properties": {"shape_id": "5848", "route_id": "21295_1", "route_short_name": "M2", "agency_id": "319"}}, {"type": "Feature", "geometry": {"type": "LineString", "coordinates": [[12.631797, 55.656242], [12.631162, 55.657295], [12.630914, 55.657707], [12.629344, 55.660676], [12.629146, 55.660943], [12.628513, 55.661663], [12.628294, 55.661876], [12.628041, 55.662055], [12.627843, 55.66215], [12.627674, 55.662218], [12.627457, 55.662279], [12.627255, 55.66233], [12.626738, 55.662417], [12.625104, 55.662636], [12.623392, 55.662875], [12.622731, 55.662949], [12.622162, 55.662993], [12.621701, 55.662997], [12.621334, 55.662981], [12.620885, 55.662941], [12.620434, 55.662882], [12.61969, 55.662751], [12.616564, 55.662142], [12.615332, 55.6619], [12.612405, 55.661374], [12.611645, 55.661244], [12.611082, 55.661171], [12.610439, 55.6611], [12.609784, 55.661074], [12.609132, 55.661075], [12.6088, 55.661094], [12.608295, 55.661136], [12.607854, 55.661185], [12.607524, 55.66123], [12.607086, 55.661315], [12.606619, 55.661419], [12.606308, 55.6615], [12.605952, 55.661609], [12.60549, 55.661767], [12.605167, 55.661893], [12.604923, 55.661999], [12.604482, 55.662228], [12.604241, 55.66237], [12.603955, 55.662549], [12.603552, 55.66284], [12.602783, 55.663465], [12.602087, 55.664034], [12.601626, 55.66438], [12.601159, 55.664664], [12.60075, 55.664882], [12.60046, 55.665017], [12.6002, 55.665132], [12.599708, 55.665318], [12.599197, 55.665477], [12.598546, 55.665657], [12.596758, 55.666106], [12.596355, 55.666225], [12.595984, 55.666344], [12.595692, 55.666452], [12.595431, 55.666558], [12.595187, 55.666673], [12.594793, 55.666892], [12.594582, 55.667015], [12.594388, 55.667155], [12.59421, 55.667295], [12.594048, 55.667435], [12.593887, 55.667592], [12.593758, 55.66774], [12.59353, 55.668035], [12.593436, 55.668217], [12.593342, 55.668409], [12.593119, 55.668928], [12.593093, 55.669855], [12.593045, 55.670207], [12.592999, 55.670397], [12.592946, 55.670515], [12.592868, 55.670698], [12.592755, 55.670863], [12.592615, 55.671065], [12.592484, 55.671194], [12.592309, 55.67137], [12.591998, 55.671622], [12.591178, 55.672222], [12.59076, 55.672531], [12.590375, 55.672839], [12.590156, 55.673052], [12.589863, 55.67333], [12.587427, 55.675919], [12.587009, 55.67639], [12.58645, 55.677063], [12.585981, 55.67767], [12.585756, 55.678], [12.585633, 55.67822], [12.585461, 55.678602], [12.585008, 55.67974], [12.584799, 55.680231], [12.584607, 55.68057], [12.584537, 55.68068], [12.584394, 55.680846], [12.584234, 55.681012], [12.584072, 55.681161], [12.583863, 55.681311], [12.583653, 55.681452], [12.583426, 55.681575], [12.583183, 55.681699], [12.582938, 55.681814], [12.582677, 55.681912], [12.582134, 55.682072], [12.581792, 55.682154], [12.581432, 55.682218], [12.581055, 55.682274], [12.580676, 55.682312], [12.579996, 55.682359], [12.57607, 55.68259], [12.575344, 55.682656], [12.574622, 55.682758], [12.573964, 55.682876], [12.573684, 55.682948], [12.573125, 55.683099], [12.572475, 55.683306], [12.571584, 55.683656], [12.568249, 55.684958], [12.567694, 55.685154], [12.567182, 55.685304], [12.566745, 55.685398], [12.566416, 55.685452], [12.566102, 55.685497], [12.56577, 55.685525], [12.565453, 55.685543], [12.565088, 55.685545], [12.564784, 55.685536], [12.564368, 55.685503], [12.56411, 55.685474], [12.563577, 55.685382], [12.5633, 55.685318], [12.563007, 55.685245], [12.562745, 55.685163], [12.562382, 55.685021], [12.562117, 55.684903], [12.561866, 55.684775], [12.561648, 55.684647], [12.561444, 55.684509], [12.561118, 55.684248], [12.560787, 55.683934], [12.560134, 55.683234], [12.559873, 55.682981], [12.559612, 55.682745], [12.559321, 55.68252], [12.559033, 55.682322], [12.558814, 55.682193], [12.558581, 55.682074], [12.558331, 55.681955], [12.5581, 55.681863], [12.557656, 55.681705], [12.557378, 55.681623], [12.557069, 55.681551], [12.556793, 55.681496], [12.556487, 55.681451], [12.555957, 55.681395], [12.555654, 55.681386], [12.555319, 55.681377], [12.555001, 55.681387], [12.554685, 55.681414], [12.554228, 55.681463], [12.553632, 55.681561], [12.552727, 55.681758], [12.54828, 55.682732], [12.547593, 55.682878], [12.547169, 55.682944], [12.54676, 55.683001], [12.54646, 55.683019], [12.546127, 55.683037], [12.545778, 55.683047], [12.545474, 55.683029], [12.545154, 55.683011], [12.544655, 55.682954], [12.544138, 55.682861], [12.543422, 55.682693], [12.540846, 55.682012], [12.540212, 55.681859], [12.539853, 55.681771], [12.539011, 55.681606], [12.538365, 55.681499], [12.537961, 55.681439], [12.53743, 55.681364], [12.536835, 55.6813], [12.536498, 55.681274], [12.535874, 55.681238], [12.534981, 55.68121], [12.532401, 55.681194], [12.529552, 55.681187], [12.52756, 55.681154], [12.527083, 55.681159], [12.52667, 55.681171], [12.526052, 55.681206], [12.525722, 55.681243], [12.525091, 55.681315], [12.524511, 55.681404], [12.523338, 55.681635], [12.520598, 55.682136], [12.517951, 55.682617], [12.514425, 55.683222], [12.512405, 55.683585], [12.510179, 55.683964], [12.508426, 55.684292], [12.506895, 55.684615], [12.504989, 55.68502], [12.504254, 55.685167], [12.503266, 55.685321], [12.500843, 55.685642], [12.500294, 55.68573], [12.499291, 55.685902], [12.497787, 55.68617], [12.4966, 55.686429], [12.495881, 55.686566], [12.495191, 55.686685], [12.493073, 55.687033], [12.492133, 55.687203], [12.491429, 55.68734]]}, "properties": {"shape_id": "5849", "route_id": "21295_1", "route_short_name": "M2", "agency_id": "319"}}, {"type": "Feature", "geometry": {"type": "LineString", "coordinates": [[12.591178, 55.672222], [12.59076, 55.672531], [12.590375, 55.672839], [12.590156, 55.673052], [12.589863, 55.67333], [12.587427, 55.675919], [12.587009, 55.67639], [12.58645, 55.677063], [12.585981, 55.67767], [12.585756, 55.678], [12.585633, 55.67822], [12.585461, 55.678602], [12.585008, 55.67974], [12.584799, 55.680231], [12.584607, 55.68057], [12.584537, 55.68068], [12.584394, 55.680846], [12.584234, 55.681012], [12.584072, 55.681161], [12.583863, 55.681311], [12.583653, 55.681452], [12.583426, 55.681575], [12.583183, 55.681699], [12.582938, 55.681814], [12.582677, 55.681912], [12.582134, 55.682072], [12.581792, 55.682154], [12.581432, 55.682218], [12.581055, 55.682274], [12.580676, 55.682312], [12.579996, 55.682359], [12.57607, 55.68259], [12.575344, 55.682656], [12.574622, 55.682758], [12.573964, 55.682876], [12.573684, 55.682948], [12.573125, 55.683099], [12.572475, 55.683306], [12.571584, 55.683656], [12.568249, 55.684958], [12.567694, 55.685154], [12.567182, 55.685304], [12.566745, 55.685398], [12.566416, 55.685452], [12.566102, 55.685497], [12.56577, 55.685525], [12.565453, 55.685543], [12.565088, 55.685545], [12.564784, 55.685536], [12.564368, 55.685503], [12.56411, 55.685474], [12.563577, 55.685382], [12.5633, 55.685318], [12.563007, 55.685245], [12.562745, 55.685163], [12.562382, 55.685021], [12.562117, 55.684903], [12.561866, 55.684775], [12.561648, 55.684647], [12.561444, 55.684509], [12.561118, 55.684248], [12.560787, 55.683934], [12.560134, 55.683234], [12.559873, 55.682981], [12.559612, 55.682745], [12.559321, 55.68252], [12.559033, 55.682322], [12.558814, 55.682193], [12.558581, 55.682074], [12.558331, 55.681955], [12.5581, 55.681863], [12.557656, 55.681705], [12.557378, 55.681623], [12.557069, 55.681551], [12.556793, 55.681496], [12.556487, 55.681451], [12.555957, 55.681395], [12.555654, 55.681386], [12.555319, 55.681377], [12.555001, 55.681387], [12.554685, 55.681414], [12.554228, 55.681463], [12.553632, 55.681561], [12.552727, 55.681758], [12.54828, 55.682732], [12.547593, 55.682878], [12.547169, 55.682944], [12.54676, 55.683001], [12.54646, 55.683019], [12.546127, 55.683037], [12.545778, 55.683047], [12.545474, 55.683029], [12.545154, 55.683011], [12.544655, 55.682954], [12.544138, 55.682861], [12.543422, 55.682693], [12.540846, 55.682012], [12.540212, 55.681859], [12.539853, 55.681771], [12.539011, 55.681606], [12.538365, 55.681499], [12.537961, 55.681439], [12.53743, 55.681364], [12.536835, 55.6813], [12.536498, 55.681274], [12.535874, 55.681238], [12.534981, 55.68121], [12.532401, 55.681194], [12.529552, 55.681187], [12.52756, 55.681154], [12.527083, 55.681159], [12.52667, 55.681171], [12.526052, 55.681206], [12.525722, 55.681243], [12.525091, 55.681315], [12.524511, 55.681404], [12.523338, 55.681635], [12.520598, 55.682136], [12.517951, 55.682617], [12.514425, 55.683222], [12.512405, 55.683585], [12.510179, 55.683964], [12.508426, 55.684292], [12.506895, 55.684615], [12.504989, 55.68502], [12.504254, 55.685167], [12.503266, 55.685321], [12.500843, 55.685642], [12.500294, 55.68573], [12.499291, 55.685902], [12.497787, 55.68617], [12.4966, 55.686429], [12.495881, 55.686566], [12.495191, 55.686685], [12.493073, 55.687033], [12.492133, 55.687203], [12.491429, 55.68734]]}, "properties": {"shape_id": "5850", "route_id": "21295_1", "route_short_name": "M2", "agency_id": "319"}}, {"type": "Feature", "geometry": {"type": "LineString", "coordinates": [[12.649405, 55.629957], [12.648955, 55.632129], [12.648822, 55.632582], [12.648634, 55.633118], [12.648529, 55.633355], [12.648404, 55.633557], [12.647493, 55.63487], [12.646978, 55.635658], [12.646489, 55.636383], [12.646102, 55.637006], [12.645886, 55.637417], [12.645239, 55.638668], [12.645062, 55.638989], [12.644869, 55.6393], [12.644641, 55.639585], [12.644304, 55.639892], [12.644096, 55.640051], [12.643887, 55.640201], [12.643406, 55.640494], [12.64176, 55.641434], [12.641293, 55.641708], [12.64083, 55.642028], [12.640533, 55.642261], [12.640341, 55.642411], [12.640121, 55.642615], [12.639787, 55.642958], [12.639588, 55.643207], [12.639375, 55.643483], [12.638953, 55.64408], [12.638774, 55.644373], [12.638568, 55.644721], [12.638355, 55.645168], [12.638046, 55.645779], [12.637774, 55.646273], [12.637031, 55.647518], [12.63627, 55.648745], [12.633154, 55.6539], [12.632278, 55.655437], [12.631797, 55.656242], [12.631162, 55.657295], [12.630914, 55.657707], [12.629344, 55.660676], [12.629146, 55.660943], [12.628513, 55.661663], [12.628294, 55.661876], [12.628041, 55.662055], [12.627843, 55.66215], [12.627674, 55.662218], [12.627457, 55.662279], [12.627255, 55.66233], [12.626738, 55.662417], [12.625104, 55.662636], [12.623392, 55.662875], [12.622731, 55.662949], [12.622162, 55.662993], [12.621701, 55.662997], [12.621334, 55.662981], [12.620885, 55.662941], [12.620434, 55.662882], [12.61969, 55.662751], [12.616564, 55.662142], [12.615332, 55.6619], [12.612405, 55.661374], [12.611645, 55.661244], [12.611082, 55.661171], [12.610439, 55.6611], [12.609784, 55.661074], [12.609132, 55.661075], [12.6088, 55.661094], [12.608295, 55.661136], [12.607854, 55.661185], [12.607524, 55.66123], [12.607086, 55.661315], [12.606619, 55.661419], [12.606308, 55.6615], [12.605952, 55.661609], [12.60549, 55.661767], [12.605167, 55.661893], [12.604923, 55.661999], [12.604482, 55.662228], [12.604241, 55.66237], [12.603955, 55.662549], [12.603552, 55.66284], [12.602783, 55.663465], [12.602087, 55.664034], [12.601626, 55.66438], [12.601159, 55.664664], [12.60075, 55.664882], [12.60046, 55.665017], [12.6002, 55.665132], [12.599708, 55.665318], [12.599197, 55.665477], [12.598546, 55.665657], [12.596758, 55.666106], [12.596355, 55.666225], [12.595984, 55.666344], [12.595692, 55.666452], [12.595431, 55.666558], [12.595187, 55.666673], [12.594793, 55.666892], [12.594582, 55.667015], [12.594388, 55.667155], [12.59421, 55.667295], [12.594048, 55.667435], [12.593887, 55.667592], [12.593758, 55.66774], [12.59353, 55.668035], [12.593436, 55.668217], [12.593342, 55.668409], [12.593119, 55.668928], [12.593093, 55.669855], [12.593045, 55.670207], [12.592999, 55.670397], [12.592946, 55.670515], [12.592868, 55.670698], [12.592755, 55.670863], [12.592615, 55.671065], [12.592484, 55.671194], [12.592309, 55.67137], [12.591998, 55.671622], [12.591178, 55.672222], [12.59076, 55.672531], [12.590375, 55.672839], [12.590156, 55.673052], [12.589863, 55.67333], [12.587427, 55.675919], [12.587009, 55.67639], [12.58645, 55.677063], [12.585981, 55.67767], [12.585756, 55.678], [12.585633, 55.67822], [12.585461, 55.678602], [12.585008, 55.67974]]}, "properties": {"shape_id": "5851", "route_id": "21295_1", "route_short_name": "M2", "agency_id": "319"}}, {"type": "Feature", "geometry": {"type": "LineString", "coordinates": [[12.649405, 55.629957], [12.648955, 55.632129], [12.648822, 55.632582], [12.648634, 55.633118], [12.648529, 55.633355], [12.648404, 55.633557], [12.647493, 55.63487], [12.646978, 55.635658], [12.646489, 55.636383], [12.646102, 55.637006], [12.645886, 55.637417], [12.645239, 55.638668], [12.645062, 55.638989], [12.644869, 55.6393], [12.644641, 55.639585], [12.644304, 55.639892], [12.644096, 55.640051], [12.643887, 55.640201], [12.643406, 55.640494], [12.64176, 55.641434], [12.641293, 55.641708], [12.64083, 55.642028], [12.640533, 55.642261], [12.640341, 55.642411], [12.640121, 55.642615], [12.639787, 55.642958], [12.639588, 55.643207], [12.639375, 55.643483], [12.638953, 55.64408], [12.638774, 55.644373], [12.638568, 55.644721], [12.638355, 55.645168], [12.638046, 55.645779], [12.637774, 55.646273], [12.637031, 55.647518], [12.63627, 55.648745], [12.633154, 55.6539], [12.632278, 55.655437], [12.631797, 55.656242], [12.631162, 55.657295], [12.630914, 55.657707], [12.629344, 55.660676], [12.629146, 55.660943], [12.628513, 55.661663], [12.628294, 55.661876], [12.628041, 55.662055], [12.627843, 55.66215], [12.627674, 55.662218], [12.627457, 55.662279], [12.627255, 55.66233], [12.626738, 55.662417], [12.625104, 55.662636], [12.623392, 55.662875], [12.622731, 55.662949], [12.622162, 55.662993], [12.621701, 55.662997], [12.621334, 55.662981], [12.620885, 55.662941], [12.620434, 55.662882], [12.61969, 55.662751], [12.616564, 55.662142], [12.615332, 55.6619], [12.612405, 55.661374], [12.611645, 55.661244], [12.611082, 55.661171], [12.610439, 55.6611], [12.609784, 55.661074], [12.609132, 55.661075], [12.6088, 55.661094], [12.608295, 55.661136], [12.607854, 55.661185], [12.607524, 55.66123], [12.607086, 55.661315], [12.606619, 55.661419], [12.606308, 55.6615], [12.605952, 55.661609], [12.60549, 55.661767], [12.605167, 55.661893], [12.604923, 55.661999], [12.604482, 55.662228], [12.604241, 55.66237], [12.603955, 55.662549], [12.603552, 55.66284], [12.602783, 55.663465], [12.602087, 55.664034], [12.601626, 55.66438], [12.601159, 55.664664], [12.60075, 55.664882], [12.60046, 55.665017], [12.6002, 55.665132], [12.599708, 55.665318], [12.599197, 55.665477], [12.598546, 55.665657], [12.596758, 55.666106], [12.596355, 55.666225], [12.595984, 55.666344], [12.595692, 55.666452], [12.595431, 55.666558], [12.595187, 55.666673], [12.594793, 55.666892], [12.594582, 55.667015], [12.594388, 55.667155], [12.59421, 55.667295], [12.594048, 55.667435], [12.593887, 55.667592], [12.593758, 55.66774], [12.59353, 55.668035], [12.593436, 55.668217], [12.593342, 55.668409], [12.593119, 55.668928], [12.593093, 55.669855], [12.593045, 55.670207], [12.592999, 55.670397], [12.592946, 55.670515], [12.592868, 55.670698], [12.592755, 55.670863], [12.592615, 55.671065], [12.592484, 55.671194], [12.592309, 55.67137], [12.591998, 55.671622], [12.591178, 55.672222], [12.59076, 55.672531], [12.590375, 55.672839], [12.590156, 55.673052], [12.589863, 55.67333], [12.587427, 55.675919], [12.587009, 55.67639], [12.58645, 55.677063], [12.585981, 55.67767], [12.585756, 55.678], [12.585633, 55.67822], [12.585461, 55.678602], [12.585008, 55.67974], [12.584799, 55.680231], [12.584607, 55.68057], [12.584537, 55.68068], [12.584394, 55.680846], [12.584234, 55.681012], [12.584072, 55.681161], [12.583863, 55.681311], [12.583653, 55.681452], [12.583426, 55.681575], [12.583183, 55.681699], [12.582938, 55.681814], [12.582677, 55.681912], [12.582134, 55.682072], [12.581792, 55.682154], [12.581432, 55.682218], [12.581055, 55.682274], [12.580676, 55.682312], [12.579996, 55.682359], [12.57607, 55.68259], [12.575344, 55.682656], [12.574622, 55.682758], [12.573964, 55.682876], [12.573684, 55.682948], [12.573125, 55.683099], [12.572475, 55.683306], [12.571584, 55.683656]]}, "properties": {"shape_id": "5852", "route_id": "21295_1", "route_short_name": "M2", "agency_id": "319"}}, {"type": "Feature", "geometry": {"type": "LineString", "coordinates": [[12.649405, 55.629957], [12.648955, 55.632129], [12.648822, 55.632582], [12.648634, 55.633118], [12.648529, 55.633355], [12.648404, 55.633557], [12.647493, 55.63487], [12.646978, 55.635658], [12.646489, 55.636383], [12.646102, 55.637006], [12.645886, 55.637417], [12.645239, 55.638668], [12.645062, 55.638989], [12.644869, 55.6393], [12.644641, 55.639585], [12.644304, 55.639892], [12.644096, 55.640051], [12.643887, 55.640201], [12.643406, 55.640494], [12.64176, 55.641434], [12.641293, 55.641708], [12.64083, 55.642028], [12.640533, 55.642261], [12.640341, 55.642411], [12.640121, 55.642615], [12.639787, 55.642958], [12.639588, 55.643207], [12.639375, 55.643483], [12.638953, 55.64408], [12.638774, 55.644373], [12.638568, 55.644721], [12.638355, 55.645168], [12.638046, 55.645779], [12.637774, 55.646273], [12.637031, 55.647518], [12.63627, 55.648745], [12.633154, 55.6539], [12.632278, 55.655437], [12.631797, 55.656242], [12.631162, 55.657295], [12.630914, 55.657707], [12.629344, 55.660676], [12.629146, 55.660943], [12.628513, 55.661663], [12.628294, 55.661876], [12.628041, 55.662055], [12.627843, 55.66215], [12.627674, 55.662218], [12.627457, 55.662279], [12.627255, 55.66233], [12.626738, 55.662417], [12.625104, 55.662636], [12.623392, 55.662875], [12.622731, 55.662949], [12.622162, 55.662993], [12.621701, 55.662997], [12.621334, 55.662981], [12.620885, 55.662941], [12.620434, 55.662882], [12.61969, 55.662751], [12.616564, 55.662142], [12.615332, 55.6619], [12.612405, 55.661374], [12.611645, 55.661244], [12.611082, 55.661171], [12.610439, 55.6611], [12.609784, 55.661074], [12.609132, 55.661075], [12.6088, 55.661094], [12.608295, 55.661136], [12.607854, 55.661185], [12.607524, 55.66123], [12.607086, 55.661315], [12.606619, 55.661419], [12.606308, 55.6615], [12.605952, 55.661609], [12.60549, 55.661767], [12.605167, 55.661893], [12.604923, 55.661999], [12.604482, 55.662228], [12.604241, 55.66237], [12.603955, 55.662549], [12.603552, 55.66284], [12.602783, 55.663465], [12.602087, 55.664034], [12.601626, 55.66438], [12.601159, 55.664664], [12.60075, 55.664882], [12.60046, 55.665017], [12.6002, 55.665132], [12.599708, 55.665318], [12.599197, 55.665477], [12.598546, 55.665657], [12.596758, 55.666106], [12.596355, 55.666225], [12.595984, 55.666344], [12.595692, 55.666452], [12.595431, 55.666558], [12.595187, 55.666673], [12.594793, 55.666892], [12.594582, 55.667015], [12.594388, 55.667155], [12.59421, 55.667295], [12.594048, 55.667435], [12.593887, 55.667592], [12.593758, 55.66774], [12.59353, 55.668035], [12.593436, 55.668217], [12.593342, 55.668409], [12.593119, 55.668928], [12.593093, 55.669855], [12.593045, 55.670207], [12.592999, 55.670397], [12.592946, 55.670515], [12.592868, 55.670698], [12.592755, 55.670863], [12.592615, 55.671065], [12.592484, 55.671194], [12.592309, 55.67137], [12.591998, 55.671622], [12.591178, 55.672222], [12.59076, 55.672531], [12.590375, 55.672839], [12.590156, 55.673052], [12.589863, 55.67333], [12.587427, 55.675919], [12.587009, 55.67639], [12.58645, 55.677063], [12.585981, 55.67767], [12.585756, 55.678], [12.585633, 55.67822], [12.585461, 55.678602], [12.585008, 55.67974], [12.584799, 55.680231], [12.584607, 55.68057], [12.584537, 55.68068], [12.584394, 55.680846], [12.584234, 55.681012], [12.584072, 55.681161], [12.583863, 55.681311], [12.583653, 55.681452], [12.583426, 55.681575], [12.583183, 55.681699], [12.582938, 55.681814], [12.582677, 55.681912], [12.582134, 55.682072], [12.581792, 55.682154], [12.581432, 55.682218], [12.581055, 55.682274], [12.580676, 55.682312], [12.579996, 55.682359], [12.57607, 55.68259], [12.575344, 55.682656], [12.574622, 55.682758], [12.573964, 55.682876], [12.573684, 55.682948], [12.573125, 55.683099], [12.572475, 55.683306], [12.571584, 55.683656], [12.568249, 55.684958], [12.567694, 55.685154], [12.567182, 55.685304], [12.566745, 55.685398], [12.566416, 55.685452], [12.566102, 55.685497], [12.56577, 55.685525], [12.565453, 55.685543], [12.565088, 55.685545], [12.564784, 55.685536], [12.564368, 55.685503], [12.56411, 55.685474], [12.563577, 55.685382], [12.5633, 55.685318], [12.563007, 55.685245], [12.562745, 55.685163], [12.562382, 55.685021], [12.562117, 55.684903], [12.561866, 55.684775], [12.561648, 55.684647], [12.561444, 55.684509], [12.561118, 55.684248], [12.560787, 55.683934], [12.560134, 55.683234], [12.559873, 55.682981], [12.559612, 55.682745], [12.559321, 55.68252], [12.559033, 55.682322], [12.558814, 55.682193], [12.558581, 55.682074], [12.558331, 55.681955], [12.5581, 55.681863], [12.557656, 55.681705], [12.557378, 55.681623], [12.557069, 55.681551], [12.556793, 55.681496], [12.556487, 55.681451], [12.555957, 55.681395], [12.555654, 55.681386], [12.555319, 55.681377], [12.555001, 55.681387], [12.554685, 55.681414], [12.554228, 55.681463], [12.553632, 55.681561], [12.552727, 55.681758]]}, "properties": {"shape_id": "5853", "route_id": "21295_1", "route_short_name": "M2", "agency_id": "319"}}, {"type": "Feature", "geometry": {"type": "LineString", "coordinates": [[12.649405, 55.629957], [12.648955, 55.632129], [12.648822, 55.632582], [12.648634, 55.633118], [12.648529, 55.633355], [12.648404, 55.633557], [12.647493, 55.63487], [12.646978, 55.635658], [12.646489, 55.636383], [12.646102, 55.637006], [12.645886, 55.637417], [12.645239, 55.638668], [12.645062, 55.638989], [12.644869, 55.6393], [12.644641, 55.639585], [12.644304, 55.639892], [12.644096, 55.640051], [12.643887, 55.640201], [12.643406, 55.640494], [12.64176, 55.641434], [12.641293, 55.641708], [12.64083, 55.642028], [12.640533, 55.642261], [12.640341, 55.642411], [12.640121, 55.642615], [12.639787, 55.642958], [12.639588, 55.643207], [12.639375, 55.643483], [12.638953, 55.64408], [12.638774, 55.644373], [12.638568, 55.644721], [12.638355, 55.645168], [12.638046, 55.645779], [12.637774, 55.646273], [12.637031, 55.647518], [12.63627, 55.648745], [12.633154, 55.6539], [12.632278, 55.655437], [12.631797, 55.656242]]}, "properties": {"shape_id": "5854", "route_id": "21295_1", "route_short_name": "M2", "agency_id": "319"}}, {"type": "Feature", "geometry": {"type": "LineString", "coordinates": [[12.491429, 55.68734], [12.492133, 55.687203], [12.493073, 55.687033], [12.495191, 55.686685], [12.495881, 55.686566], [12.4966, 55.686429], [12.497787, 55.68617], [12.499291, 55.685902], [12.500294, 55.68573], [12.500843, 55.685642], [12.503266, 55.685321], [12.504254, 55.685167], [12.504989, 55.68502], [12.506895, 55.684615], [12.508426, 55.684292], [12.510179, 55.683964], [12.512405, 55.683585], [12.514425, 55.683222], [12.517951, 55.682617], [12.520598, 55.682136], [12.523338, 55.681635], [12.524511, 55.681404], [12.525091, 55.681315], [12.525722, 55.681243], [12.526052, 55.681206], [12.52667, 55.681171], [12.527083, 55.681159], [12.52756, 55.681154], [12.529552, 55.681187], [12.532401, 55.681194], [12.534981, 55.68121], [12.535874, 55.681238], [12.536498, 55.681274], [12.536835, 55.6813], [12.53743, 55.681364], [12.537961, 55.681439], [12.538365, 55.681499], [12.539011, 55.681606], [12.539853, 55.681771], [12.540212, 55.681859], [12.540846, 55.682012], [12.543422, 55.682693], [12.544138, 55.682861], [12.544655, 55.682954], [12.545154, 55.683011], [12.545474, 55.683029], [12.545778, 55.683047], [12.546127, 55.683037], [12.54646, 55.683019], [12.54676, 55.683001], [12.547169, 55.682944], [12.547593, 55.682878], [12.54828, 55.682732], [12.552727, 55.681758], [12.553632, 55.681561], [12.554228, 55.681463], [12.554685, 55.681414], [12.555001, 55.681387], [12.555319, 55.681377], [12.555654, 55.681386], [12.555957, 55.681395], [12.556487, 55.681451], [12.556793, 55.681496], [12.557069, 55.681551], [12.557378, 55.681623], [12.557656, 55.681705], [12.5581, 55.681863], [12.558331, 55.681955], [12.558581, 55.682074], [12.558814, 55.682193], [12.559033, 55.682322], [12.559321, 55.68252], [12.559612, 55.682745], [12.559873, 55.682981], [12.560134, 55.683234], [12.560787, 55.683934], [12.561118, 55.684248], [12.561444, 55.684509], [12.561648, 55.684647], [12.561866, 55.684775], [12.562117, 55.684903], [12.562382, 55.685021], [12.562745, 55.685163], [12.563007, 55.685245], [12.5633, 55.685318], [12.563577, 55.685382], [12.56411, 55.685474], [12.564368, 55.685503], [12.564784, 55.685536], [12.565088, 55.685545], [12.565453, 55.685543], [12.56577, 55.685525], [12.566102, 55.685497], [12.566416, 55.685452], [12.566745, 55.685398], [12.567182, 55.685304], [12.567694, 55.685154], [12.568249, 55.684958], [12.571584, 55.683656]]}, "properties": {"shape_id": "5839", "route_id": "21296_1", "route_short_name": "M1", "agency_id": "319"}}, {"type": "Feature", "geometry": {"type": "LineString", "coordinates": [[12.491429, 55.68734], [12.492133, 55.687203], [12.493073, 55.687033], [12.495191, 55.686685], [12.495881, 55.686566], [12.4966, 55.686429], [12.497787, 55.68617], [12.499291, 55.685902], [12.500294, 55.68573], [12.500843, 55.685642], [12.503266, 55.685321], [12.504254, 55.685167], [12.504989, 55.68502], [12.506895, 55.684615], [12.508426, 55.684292], [12.510179, 55.683964], [12.512405, 55.683585], [12.514425, 55.683222], [12.517951, 55.682617], [12.520598, 55.682136], [12.523338, 55.681635], [12.524511, 55.681404], [12.525091, 55.681315], [12.525722, 55.681243], [12.526052, 55.681206], [12.52667, 55.681171], [12.527083, 55.681159], [12.52756, 55.681154], [12.529552, 55.681187], [12.532401, 55.681194], [12.534981, 55.68121], [12.535874, 55.681238], [12.536498, 55.681274], [12.536835, 55.6813], [12.53743, 55.681364], [12.537961, 55.681439], [12.538365, 55.681499], [12.539011, 55.681606], [12.539853, 55.681771], [12.540212, 55.681859], [12.540846, 55.682012], [12.543422, 55.682693], [12.544138, 55.682861], [12.544655, 55.682954], [12.545154, 55.683011], [12.545474, 55.683029], [12.545778, 55.683047], [12.546127, 55.683037], [12.54646, 55.683019], [12.54676, 55.683001], [12.547169, 55.682944], [12.547593, 55.682878], [12.54828, 55.682732], [12.552727, 55.681758], [12.553632, 55.681561], [12.554228, 55.681463], [12.554685, 55.681414], [12.555001, 55.681387], [12.555319, 55.681377], [12.555654, 55.681386], [12.555957, 55.681395], [12.556487, 55.681451], [12.556793, 55.681496], [12.557069, 55.681551], [12.557378, 55.681623], [12.557656, 55.681705], [12.5581, 55.681863], [12.558331, 55.681955], [12.558581, 55.682074], [12.558814, 55.682193], [12.559033, 55.682322], [12.559321, 55.68252], [12.559612, 55.682745], [12.559873, 55.682981], [12.560134, 55.683234], [12.560787, 55.683934], [12.561118, 55.684248], [12.561444, 55.684509], [12.561648, 55.684647], [12.561866, 55.684775], [12.562117, 55.684903], [12.562382, 55.685021], [12.562745, 55.685163], [12.563007, 55.685245], [12.5633, 55.685318], [12.563577, 55.685382], [12.56411, 55.685474], [12.564368, 55.685503], [12.564784, 55.685536], [12.565088, 55.685545], [12.565453, 55.685543], [12.56577, 55.685525], [12.566102, 55.685497], [12.566416, 55.685452], [12.566745, 55.685398], [12.567182, 55.685304], [12.567694, 55.685154], [12.568249, 55.684958], [12.571584, 55.683656], [12.572475, 55.683306], [12.573125, 55.683099], [12.573684, 55.682948], [12.573964, 55.682876], [12.574622, 55.682758], [12.575344, 55.682656], [12.57607, 55.68259], [12.579996, 55.682359], [12.580676, 55.682312], [12.581055, 55.682274], [12.581432, 55.682218], [12.581792, 55.682154], [12.582134, 55.682072], [12.582677, 55.681912], [12.582938, 55.681814], [12.583183, 55.681699], [12.583426, 55.681575], [12.583653, 55.681452], [12.583863, 55.681311], [12.584072, 55.681161], [12.584234, 55.681012], [12.584394, 55.680846], [12.584537, 55.68068], [12.584607, 55.68057], [12.584799, 55.680231], [12.585008, 55.67974], [12.585461, 55.678602], [12.585633, 55.67822], [12.585756, 55.678], [12.585981, 55.67767], [12.58645, 55.677063], [12.587009, 55.67639], [12.587427, 55.675919], [12.589863, 55.67333], [12.590156, 55.673052], [12.590375, 55.672839], [12.59076, 55.672531], [12.591178, 55.672222]]}, "properties": {"shape_id": "5842", "route_id": "21296_1", "route_short_name": "M1", "agency_id": "319"}}, {"type": "Feature", "geometry": {"type": "LineString", "coordinates": [[12.571584, 55.683656], [12.568249, 55.684958], [12.567694, 55.685154], [12.567182, 55.685304], [12.566745, 55.685398], [12.566416, 55.685452], [12.566102, 55.685497], [12.56577, 55.685525], [12.565453, 55.685543], [12.565088, 55.685545], [12.564784, 55.685536], [12.564368, 55.685503], [12.56411, 55.685474], [12.563577, 55.685382], [12.5633, 55.685318], [12.563007, 55.685245], [12.562745, 55.685163], [12.562382, 55.685021], [12.562117, 55.684903], [12.561866, 55.684775], [12.561648, 55.684647], [12.561444, 55.684509], [12.561118, 55.684248], [12.560787, 55.683934], [12.560134, 55.683234], [12.559873, 55.682981], [12.559612, 55.682745], [12.559321, 55.68252], [12.559033, 55.682322], [12.558814, 55.682193], [12.558581, 55.682074], [12.558331, 55.681955], [12.5581, 55.681863], [12.557656, 55.681705], [12.557378, 55.681623], [12.557069, 55.681551], [12.556793, 55.681496], [12.556487, 55.681451], [12.555957, 55.681395], [12.555654, 55.681386], [12.555319, 55.681377], [12.555001, 55.681387], [12.554685, 55.681414], [12.554228, 55.681463], [12.553632, 55.681561], [12.552727, 55.681758], [12.54828, 55.682732], [12.547593, 55.682878], [12.547169, 55.682944], [12.54676, 55.683001], [12.54646, 55.683019], [12.546127, 55.683037], [12.545778, 55.683047], [12.545474, 55.683029], [12.545154, 55.683011], [12.544655, 55.682954], [12.544138, 55.682861], [12.543422, 55.682693], [12.540846, 55.682012], [12.540212, 55.681859], [12.539853, 55.681771], [12.539011, 55.681606], [12.538365, 55.681499], [12.537961, 55.681439], [12.53743, 55.681364], [12.536835, 55.6813], [12.536498, 55.681274], [12.535874, 55.681238], [12.534981, 55.68121], [12.532401, 55.681194], [12.529552, 55.681187], [12.52756, 55.681154], [12.527083, 55.681159], [12.52667, 55.681171], [12.526052, 55.681206], [12.525722, 55.681243], [12.525091, 55.681315], [12.524511, 55.681404], [12.523338, 55.681635], [12.520598, 55.682136], [12.517951, 55.682617], [12.514425, 55.683222], [12.512405, 55.683585], [12.510179, 55.683964], [12.508426, 55.684292], [12.506895, 55.684615], [12.504989, 55.68502], [12.504254, 55.685167], [12.503266, 55.685321], [12.500843, 55.685642], [12.500294, 55.68573], [12.499291, 55.685902], [12.497787, 55.68617], [12.4966, 55.686429], [12.495881, 55.686566], [12.495191, 55.686685], [12.493073, 55.687033], [12.492133, 55.687203], [12.491429, 55.68734]]}, "properties": {"shape_id": "5845", "route_id": "21296_1", "route_short_name": "M1", "agency_id": "319"}}, {"type": "Feature", "geometry": {"type": "LineString", "coordinates": [[12.552727, 55.681758], [12.553632, 55.681561], [12.554228, 55.681463], [12.554685, 55.681414], [12.555001, 55.681387], [12.555319, 55.681377], [12.555654, 55.681386], [12.555957, 55.681395], [12.556487, 55.681451], [12.556793, 55.681496], [12.557069, 55.681551], [12.557378, 55.681623], [12.557656, 55.681705], [12.5581, 55.681863], [12.558331, 55.681955], [12.558581, 55.682074], [12.558814, 55.682193], [12.559033, 55.682322], [12.559321, 55.68252], [12.559612, 55.682745], [12.559873, 55.682981], [12.560134, 55.683234], [12.560787, 55.683934], [12.561118, 55.684248], [12.561444, 55.684509], [12.561648, 55.684647], [12.561866, 55.684775], [12.562117, 55.684903], [12.562382, 55.685021], [12.562745, 55.685163], [12.563007, 55.685245], [12.5633, 55.685318], [12.563577, 55.685382], [12.56411, 55.685474], [12.564368, 55.685503], [12.564784, 55.685536], [12.565088, 55.685545], [12.565453, 55.685543], [12.56577, 55.685525], [12.566102, 55.685497], [12.566416, 55.685452], [12.566745, 55.685398], [12.567182, 55.685304], [12.567694, 55.685154], [12.568249, 55.684958], [12.571584, 55.683656], [12.572475, 55.683306], [12.573125, 55.683099], [12.573684, 55.682948], [12.573964, 55.682876], [12.574622, 55.682758], [12.575344, 55.682656], [12.57607, 55.68259], [12.579996, 55.682359], [12.580676, 55.682312], [12.581055, 55.682274], [12.581432, 55.682218], [12.581792, 55.682154], [12.582134, 55.682072], [12.582677, 55.681912], [12.582938, 55.681814], [12.583183, 55.681699], [12.583426, 55.681575], [12.583653, 55.681452], [12.583863, 55.681311], [12.584072, 55.681161], [12.584234, 55.681012], [12.584394, 55.680846], [12.584537, 55.68068], [12.584607, 55.68057], [12.584799, 55.680231], [12.585008, 55.67974], [12.585461, 55.678602], [12.585633, 55.67822], [12.585756, 55.678], [12.585981, 55.67767], [12.58645, 55.677063], [12.587009, 55.67639], [12.587427, 55.675919], [12.589863, 55.67333], [12.590156, 55.673052], [12.590375, 55.672839], [12.59076, 55.672531], [12.591178, 55.672222], [12.592057, 55.671576], [12.59231, 55.671379], [12.592426, 55.671259], [12.592615, 55.671065], [12.592756, 55.670872], [12.592868, 55.670698], [12.592946, 55.670515], [12.593035, 55.67027], [12.593076, 55.670017], [12.593121, 55.669126], [12.593119, 55.668928], [12.592929, 55.668421], [12.592795, 55.668173], [12.592668, 55.668006], [12.592492, 55.667822], [12.592318, 55.667656], [12.592131, 55.667518], [12.591928, 55.667389], [12.591694, 55.66727], [12.591478, 55.667169], [12.591214, 55.667068], [12.590837, 55.666945], [12.590592, 55.66688], [12.590333, 55.666824], [12.58988, 55.666748], [12.588654, 55.666559], [12.588346, 55.666496], [12.58807, 55.666441], [12.587678, 55.666327], [12.587383, 55.666227], [12.587134, 55.666118], [12.586851, 55.665982], [12.586649, 55.665862], [12.586446, 55.665724], [12.586256, 55.665559], [12.586097, 55.665393], [12.585917, 55.665164], [12.585786, 55.664943], [12.585684, 55.664704], [12.585305, 55.66369], [12.584534, 55.661518], [12.584464, 55.661277], [12.584394, 55.661037], [12.584349, 55.660714], [12.58437, 55.660426], [12.584415, 55.660218], [12.584529, 55.659909], [12.584668, 55.659689], [12.584781, 55.659524], [12.584924, 55.659358], [12.585204, 55.659107], [12.585501, 55.658882], [12.585742, 55.658731], [12.586075, 55.658551], [12.587218, 55.658005], [12.587598, 55.657805], [12.587809, 55.657682], [12.588004, 55.65755], [12.588285, 55.657317], [12.588487, 55.657095], [12.5886, 55.656939], [12.588724, 55.656729], [12.588839, 55.656429], [12.588992, 55.65584], [12.58918, 55.655115], [12.589228, 55.654772], [12.58923, 55.654448], [12.589197, 55.654251], [12.589145, 55.654037], [12.589015, 55.653663], [12.588313, 55.651894], [12.587662, 55.650349], [12.586603, 55.647637], [12.586437, 55.64721], [12.586007, 55.645982], [12.585713, 55.645208], [12.582853, 55.637919], [12.579327, 55.628904], [12.575499, 55.619161]]}, "properties": {"shape_id": "5855", "route_id": "21296_1", "route_short_name": "M1", "agency_id": "319"}}, {"type": "Feature", "geometry": {"type": "LineString", "coordinates": [[12.571584, 55.683656], [12.572475, 55.683306], [12.573125, 55.683099], [12.573684, 55.682948], [12.573964, 55.682876], [12.574622, 55.682758], [12.575344, 55.682656], [12.57607, 55.68259], [12.579996, 55.682359], [12.580676, 55.682312], [12.581055, 55.682274], [12.581432, 55.682218], [12.581792, 55.682154], [12.582134, 55.682072], [12.582677, 55.681912], [12.582938, 55.681814], [12.583183, 55.681699], [12.583426, 55.681575], [12.583653, 55.681452], [12.583863, 55.681311], [12.584072, 55.681161], [12.584234, 55.681012], [12.584394, 55.680846], [12.584537, 55.68068], [12.584607, 55.68057], [12.584799, 55.680231], [12.585008, 55.67974], [12.585461, 55.678602], [12.585633, 55.67822], [12.585756, 55.678], [12.585981, 55.67767], [12.58645, 55.677063], [12.587009, 55.67639], [12.587427, 55.675919], [12.589863, 55.67333], [12.590156, 55.673052], [12.590375, 55.672839], [12.59076, 55.672531], [12.591178, 55.672222], [12.592057, 55.671576], [12.59231, 55.671379], [12.592426, 55.671259], [12.592615, 55.671065], [12.592756, 55.670872], [12.592868, 55.670698], [12.592946, 55.670515], [12.593035, 55.67027], [12.593076, 55.670017], [12.593121, 55.669126], [12.593119, 55.668928], [12.592929, 55.668421], [12.592795, 55.668173], [12.592668, 55.668006], [12.592492, 55.667822], [12.592318, 55.667656], [12.592131, 55.667518], [12.591928, 55.667389], [12.591694, 55.66727], [12.591478, 55.667169], [12.591214, 55.667068], [12.590837, 55.666945], [12.590592, 55.66688], [12.590333, 55.666824], [12.58988, 55.666748], [12.588654, 55.666559], [12.588346, 55.666496], [12.58807, 55.666441], [12.587678, 55.666327], [12.587383, 55.666227], [12.587134, 55.666118], [12.586851, 55.665982], [12.586649, 55.665862], [12.586446, 55.665724], [12.586256, 55.665559], [12.586097, 55.665393], [12.585917, 55.665164], [12.585786, 55.664943], [12.585684, 55.664704], [12.585305, 55.66369], [12.584534, 55.661518], [12.584464, 55.661277], [12.584394, 55.661037], [12.584349, 55.660714], [12.58437, 55.660426], [12.584415, 55.660218], [12.584529, 55.659909], [12.584668, 55.659689], [12.584781, 55.659524], [12.584924, 55.659358], [12.585204, 55.659107], [12.585501, 55.658882], [12.585742, 55.658731], [12.586075, 55.658551], [12.587218, 55.658005], [12.587598, 55.657805], [12.587809, 55.657682], [12.588004, 55.65755], [12.588285, 55.657317], [12.588487, 55.657095], [12.5886, 55.656939], [12.588724, 55.656729], [12.588839, 55.656429], [12.588992, 55.65584], [12.58918, 55.655115], [12.589228, 55.654772], [12.58923, 55.654448], [12.589197, 55.654251], [12.589145, 55.654037], [12.589015, 55.653663], [12.588313, 55.651894], [12.587662, 55.650349], [12.586603, 55.647637], [12.586437, 55.64721], [12.586007, 55.645982], [12.585713, 55.645208], [12.582853, 55.637919], [12.579327, 55.628904], [12.575499, 55.619161]]}, "properties": {"shape_id": "5856", "route_id": "21296_1", "route_short_name": "M1", "agency_id": "319"}}, {"type": "Feature", "geometry": {"type": "LineString", "coordinates": [[12.585713, 55.645208], [12.582853, 55.637919], [12.579327, 55.628904], [12.575499, 55.619161]]}, "properties": {"shape_id": "5857", "route_id": "21296_1", "route_short_name": "M1", "agency_id": "319"}}, {"type": "Feature", "geometry": {"type": "LineString", "coordinates": [[12.491429, 55.68734], [12.492133, 55.687203], [12.493073, 55.687033], [12.495191, 55.686685], [12.495881, 55.686566], [12.4966, 55.686429], [12.497787, 55.68617], [12.499291, 55.685902], [12.500294, 55.68573], [12.500843, 55.685642], [12.503266, 55.685321], [12.504254, 55.685167], [12.504989, 55.68502], [12.506895, 55.684615], [12.508426, 55.684292], [12.510179, 55.683964], [12.512405, 55.683585], [12.514425, 55.683222], [12.517951, 55.682617], [12.520598, 55.682136], [12.523338, 55.681635], [12.524511, 55.681404], [12.525091, 55.681315], [12.525722, 55.681243], [12.526052, 55.681206], [12.52667, 55.681171], [12.527083, 55.681159], [12.52756, 55.681154], [12.529552, 55.681187], [12.532401, 55.681194], [12.534981, 55.68121], [12.535874, 55.681238], [12.536498, 55.681274], [12.536835, 55.6813], [12.53743, 55.681364], [12.537961, 55.681439], [12.538365, 55.681499], [12.539011, 55.681606], [12.539853, 55.681771], [12.540212, 55.681859], [12.540846, 55.682012], [12.543422, 55.682693], [12.544138, 55.682861], [12.544655, 55.682954], [12.545154, 55.683011], [12.545474, 55.683029], [12.545778, 55.683047], [12.546127, 55.683037], [12.54646, 55.683019], [12.54676, 55.683001], [12.547169, 55.682944], [12.547593, 55.682878], [12.54828, 55.682732], [12.552727, 55.681758], [12.553632, 55.681561], [12.554228, 55.681463], [12.554685, 55.681414], [12.555001, 55.681387], [12.555319, 55.681377], [12.555654, 55.681386], [12.555957, 55.681395], [12.556487, 55.681451], [12.556793, 55.681496], [12.557069, 55.681551], [12.557378, 55.681623], [12.557656, 55.681705], [12.5581, 55.681863], [12.558331, 55.681955], [12.558581, 55.682074], [12.558814, 55.682193], [12.559033, 55.682322], [12.559321, 55.68252], [12.559612, 55.682745], [12.559873, 55.682981], [12.560134, 55.683234], [12.560787, 55.683934], [12.561118, 55.684248], [12.561444, 55.684509], [12.561648, 55.684647], [12.561866, 55.684775], [12.562117, 55.684903], [12.562382, 55.685021], [12.562745, 55.685163], [12.563007, 55.685245], [12.5633, 55.685318], [12.563577, 55.685382], [12.56411, 55.685474], [12.564368, 55.685503], [12.564784, 55.685536], [12.565088, 55.685545], [12.565453, 55.685543], [12.56577, 55.685525], [12.566102, 55.685497], [12.566416, 55.685452], [12.566745, 55.685398], [12.567182, 55.685304], [12.567694, 55.685154], [12.568249, 55.684958], [12.571584, 55.683656], [12.572475, 55.683306], [12.573125, 55.683099], [12.573684, 55.682948], [12.573964, 55.682876], [12.574622, 55.682758], [12.575344, 55.682656], [12.57607, 55.68259], [12.579996, 55.682359], [12.580676, 55.682312], [12.581055, 55.682274], [12.581432, 55.682218], [12.581792, 55.682154], [12.582134, 55.682072], [12.582677, 55.681912], [12.582938, 55.681814], [12.583183, 55.681699], [12.583426, 55.681575], [12.583653, 55.681452], [12.583863, 55.681311], [12.584072, 55.681161], [12.584234, 55.681012], [12.584394, 55.680846], [12.584537, 55.68068], [12.584607, 55.68057], [12.584799, 55.680231], [12.585008, 55.67974], [12.585461, 55.678602], [12.585633, 55.67822], [12.585756, 55.678], [12.585981, 55.67767], [12.58645, 55.677063], [12.587009, 55.67639], [12.587427, 55.675919], [12.589863, 55.67333], [12.590156, 55.673052], [12.590375, 55.672839], [12.59076, 55.672531], [12.591178, 55.672222], [12.592057, 55.671576], [12.59231, 55.671379], [12.592426, 55.671259], [12.592615, 55.671065], [12.592756, 55.670872], [12.592868, 55.670698], [12.592946, 55.670515], [12.593035, 55.67027], [12.593076, 55.670017], [12.593121, 55.669126], [12.593119, 55.668928], [12.592929, 55.668421], [12.592795, 55.668173], [12.592668, 55.668006], [12.592492, 55.667822], [12.592318, 55.667656], [12.592131, 55.667518], [12.591928, 55.667389], [12.591694, 55.66727], [12.591478, 55.667169], [12.591214, 55.667068], [12.590837, 55.666945], [12.590592, 55.66688], [12.590333, 55.666824], [12.58988, 55.666748], [12.588654, 55.666559], [12.588346, 55.666496], [12.58807, 55.666441], [12.587678, 55.666327], [12.587383, 55.666227], [12.587134, 55.666118], [12.586851, 55.665982], [12.586649, 55.665862], [12.586446, 55.665724], [12.586256, 55.665559], [12.586097, 55.665393], [12.585917, 55.665164], [12.585786, 55.664943], [12.585684, 55.664704], [12.585305, 55.66369], [12.584534, 55.661518], [12.584464, 55.661277], [12.584394, 55.661037], [12.584349, 55.660714], [12.58437, 55.660426], [12.584415, 55.660218], [12.584529, 55.659909], [12.584668, 55.659689], [12.584781, 55.659524], [12.584924, 55.659358], [12.585204, 55.659107], [12.585501, 55.658882], [12.585742, 55.658731], [12.586075, 55.658551], [12.587218, 55.658005], [12.587598, 55.657805], [12.587809, 55.657682], [12.588004, 55.65755], [12.588285, 55.657317], [12.588487, 55.657095], [12.5886, 55.656939], [12.588724, 55.656729], [12.588839, 55.656429], [12.588992, 55.65584], [12.58918, 55.655115], [12.589228, 55.654772], [12.58923, 55.654448], [12.589197, 55.654251], [12.589145, 55.654037], [12.589015, 55.653663], [12.588313, 55.651894], [12.587662, 55.650349], [12.586603, 55.647637], [12.586437, 55.64721], [12.586007, 55.645982], [12.585713, 55.645208], [12.582853, 55.637919], [12.579327, 55.628904], [12.575499, 55.619161]]}, "properties": {"shape_id": "5858", "route_id": "21296_1", "route_short_name": "M1", "agency_id": "319"}}, {"type": "Feature", "geometry": {"type": "LineString", "coordinates": [[12.532401, 55.681194], [12.534981, 55.68121], [12.535874, 55.681238], [12.536498, 55.681274], [12.536835, 55.6813], [12.53743, 55.681364], [12.537961, 55.681439], [12.538365, 55.681499], [12.539011, 55.681606], [12.539853, 55.681771], [12.540212, 55.681859], [12.540846, 55.682012], [12.543422, 55.682693], [12.544138, 55.682861], [12.544655, 55.682954], [12.545154, 55.683011], [12.545474, 55.683029], [12.545778, 55.683047], [12.546127, 55.683037], [12.54646, 55.683019], [12.54676, 55.683001], [12.547169, 55.682944], [12.547593, 55.682878], [12.54828, 55.682732], [12.552727, 55.681758], [12.553632, 55.681561], [12.554228, 55.681463], [12.554685, 55.681414], [12.555001, 55.681387], [12.555319, 55.681377], [12.555654, 55.681386], [12.555957, 55.681395], [12.556487, 55.681451], [12.556793, 55.681496], [12.557069, 55.681551], [12.557378, 55.681623], [12.557656, 55.681705], [12.5581, 55.681863], [12.558331, 55.681955], [12.558581, 55.682074], [12.558814, 55.682193], [12.559033, 55.682322], [12.559321, 55.68252], [12.559612, 55.682745], [12.559873, 55.682981], [12.560134, 55.683234], [12.560787, 55.683934], [12.561118, 55.684248], [12.561444, 55.684509], [12.561648, 55.684647], [12.561866, 55.684775], [12.562117, 55.684903], [12.562382, 55.685021], [12.562745, 55.685163], [12.563007, 55.685245], [12.5633, 55.685318], [12.563577, 55.685382], [12.56411, 55.685474], [12.564368, 55.685503], [12.564784, 55.685536], [12.565088, 55.685545], [12.565453, 55.685543], [12.56577, 55.685525], [12.566102, 55.685497], [12.566416, 55.685452], [12.566745, 55.685398], [12.567182, 55.685304], [12.567694, 55.685154], [12.568249, 55.684958], [12.571584, 55.683656], [12.572475, 55.683306], [12.573125, 55.683099], [12.573684, 55.682948], [12.573964, 55.682876], [12.574622, 55.682758], [12.575344, 55.682656], [12.57607, 55.68259], [12.579996, 55.682359], [12.580676, 55.682312], [12.581055, 55.682274], [12.581432, 55.682218], [12.581792, 55.682154], [12.582134, 55.682072], [12.582677, 55.681912], [12.582938, 55.681814], [12.583183, 55.681699], [12.583426, 55.681575], [12.583653, 55.681452], [12.583863, 55.681311], [12.584072, 55.681161], [12.584234, 55.681012], [12.584394, 55.680846], [12.584537, 55.68068], [12.584607, 55.68057], [12.584799, 55.680231], [12.585008, 55.67974], [12.585461, 55.678602], [12.585633, 55.67822], [12.585756, 55.678], [12.585981, 55.67767], [12.58645, 55.677063], [12.587009, 55.67639], [12.587427, 55.675919], [12.589863, 55.67333], [12.590156, 55.673052], [12.590375, 55.672839], [12.59076, 55.672531], [12.591178, 55.672222], [12.592057, 55.671576], [12.59231, 55.671379], [12.592426, 55.671259], [12.592615, 55.671065], [12.592756, 55.670872], [12.592868, 55.670698], [12.592946, 55.670515], [12.593035, 55.67027], [12.593076, 55.670017], [12.593121, 55.669126], [12.593119, 55.668928], [12.592929, 55.668421], [12.592795, 55.668173], [12.592668, 55.668006], [12.592492, 55.667822], [12.592318, 55.667656], [12.592131, 55.667518], [12.591928, 55.667389], [12.591694, 55.66727], [12.591478, 55.667169], [12.591214, 55.667068], [12.590837, 55.666945], [12.590592, 55.66688], [12.590333, 55.666824], [12.58988, 55.666748], [12.588654, 55.666559], [12.588346, 55.666496], [12.58807, 55.666441], [12.587678, 55.666327], [12.587383, 55.666227], [12.587134, 55.666118], [12.586851, 55.665982], [12.586649, 55.665862], [12.586446, 55.665724], [12.586256, 55.665559], [12.586097, 55.665393], [12.585917, 55.665164], [12.585786, 55.664943], [12.585684, 55.664704], [12.585305, 55.66369], [12.584534, 55.661518], [12.584464, 55.661277], [12.584394, 55.661037], [12.584349, 55.660714], [12.58437, 55.660426], [12.584415, 55.660218], [12.584529, 55.659909], [12.584668, 55.659689], [12.584781, 55.659524], [12.584924, 55.659358], [12.585204, 55.659107], [12.585501, 55.658882], [12.585742, 55.658731], [12.586075, 55.658551], [12.587218, 55.658005], [12.587598, 55.657805], [12.587809, 55.657682], [12.588004, 55.65755], [12.588285, 55.657317], [12.588487, 55.657095], [12.5886, 55.656939], [12.588724, 55.656729], [12.588839, 55.656429], [12.588992, 55.65584], [12.58918, 55.655115], [12.589228, 55.654772], [12.58923, 55.654448], [12.589197, 55.654251], [12.589145, 55.654037], [12.589015, 55.653663], [12.588313, 55.651894], [12.587662, 55.650349], [12.586603, 55.647637], [12.586437, 55.64721], [12.586007, 55.645982], [12.585713, 55.645208], [12.582853, 55.637919], [12.579327, 55.628904], [12.575499, 55.619161]]}, "properties": {"shape_id": "5859", "route_id": "21296_1", "route_short_name": "M1", "agency_id": "319"}}, {"type": "Feature", "geometry": {"type": "LineString", "coordinates": [[12.591178, 55.672222], [12.592057, 55.671576], [12.59231, 55.671379], [12.592426, 55.671259], [12.592615, 55.671065], [12.592756, 55.670872], [12.592868, 55.670698], [12.592946, 55.670515], [12.593035, 55.67027], [12.593076, 55.670017], [12.593121, 55.669126], [12.593119, 55.668928], [12.592929, 55.668421], [12.592795, 55.668173], [12.592668, 55.668006], [12.592492, 55.667822], [12.592318, 55.667656], [12.592131, 55.667518], [12.591928, 55.667389], [12.591694, 55.66727], [12.591478, 55.667169], [12.591214, 55.667068], [12.590837, 55.666945], [12.590592, 55.66688], [12.590333, 55.666824], [12.58988, 55.666748], [12.588654, 55.666559], [12.588346, 55.666496], [12.58807, 55.666441], [12.587678, 55.666327], [12.587383, 55.666227], [12.587134, 55.666118], [12.586851, 55.665982], [12.586649, 55.665862], [12.586446, 55.665724], [12.586256, 55.665559], [12.586097, 55.665393], [12.585917, 55.665164], [12.585786, 55.664943], [12.585684, 55.664704], [12.585305, 55.66369], [12.584534, 55.661518], [12.584464, 55.661277], [12.584394, 55.661037], [12.584349, 55.660714], [12.58437, 55.660426], [12.584415, 55.660218], [12.584529, 55.659909], [12.584668, 55.659689], [12.584781, 55.659524], [12.584924, 55.659358], [12.585204, 55.659107], [12.585501, 55.658882], [12.585742, 55.658731], [12.586075, 55.658551], [12.587218, 55.658005], [12.587598, 55.657805], [12.587809, 55.657682], [12.588004, 55.65755], [12.588285, 55.657317], [12.588487, 55.657095], [12.5886, 55.656939], [12.588724, 55.656729], [12.588839, 55.656429], [12.588992, 55.65584], [12.58918, 55.655115], [12.589228, 55.654772], [12.58923, 55.654448], [12.589197, 55.654251], [12.589145, 55.654037], [12.589015, 55.653663], [12.588313, 55.651894], [12.587662, 55.650349], [12.586603, 55.647637], [12.586437, 55.64721], [12.586007, 55.645982], [12.585713, 55.645208], [12.582853, 55.637919], [12.579327, 55.628904], [12.575499, 55.619161]]}, "properties": {"shape_id": "5860", "route_id": "21296_1", "route_short_name": "M1", "agency_id": "319"}}, {"type": "Feature", "geometry": {"type": "LineString", "coordinates": [[12.588992, 55.65584], [12.58918, 55.655115], [12.589228, 55.654772], [12.58923, 55.654448], [12.589197, 55.654251], [12.589145, 55.654037], [12.589015, 55.653663], [12.588313, 55.651894], [12.587662, 55.650349], [12.586603, 55.647637], [12.586437, 55.64721], [12.586007, 55.645982], [12.585713, 55.645208], [12.582853, 55.637919], [12.579327, 55.628904], [12.575499, 55.619161]]}, "properties": {"shape_id": "5861", "route_id": "21296_1", "route_short_name": "M1", "agency_id": "319"}}, {"type": "Feature", "geometry": {"type": "LineString", "coordinates": [[12.582853, 55.637919], [12.579327, 55.628904], [12.575499, 55.619161]]}, "properties": {"shape_id": "5862", "route_id": "21296_1", "route_short_name": "M1", "agency_id": "319"}}, {"type": "Feature", "geometry": {"type": "LineString", "coordinates": [[12.579327, 55.628904], [12.575499, 55.619161]]}, "properties": {"shape_id": "5863", "route_id": "21296_1", "route_short_name": "M1", "agency_id": "319"}}, {"type": "Feature", "geometry": {"type": "LineString", "coordinates": [[12.491429, 55.68734], [12.492133, 55.687203], [12.493073, 55.687033], [12.495191, 55.686685], [12.495881, 55.686566], [12.4966, 55.686429], [12.497787, 55.68617], [12.499291, 55.685902], [12.500294, 55.68573], [12.500843, 55.685642], [12.503266, 55.685321], [12.504254, 55.685167], [12.504989, 55.68502], [12.506895, 55.684615], [12.508426, 55.684292], [12.510179, 55.683964], [12.512405, 55.683585], [12.514425, 55.683222], [12.517951, 55.682617], [12.520598, 55.682136], [12.523338, 55.681635], [12.524511, 55.681404], [12.525091, 55.681315], [12.525722, 55.681243], [12.526052, 55.681206], [12.52667, 55.681171], [12.527083, 55.681159], [12.52756, 55.681154], [12.529552, 55.681187], [12.532401, 55.681194], [12.534981, 55.68121], [12.535874, 55.681238], [12.536498, 55.681274], [12.536835, 55.6813], [12.53743, 55.681364], [12.537961, 55.681439], [12.538365, 55.681499], [12.539011, 55.681606], [12.539853, 55.681771], [12.540212, 55.681859], [12.540846, 55.682012], [12.543422, 55.682693], [12.544138, 55.682861], [12.544655, 55.682954], [12.545154, 55.683011], [12.545474, 55.683029], [12.545778, 55.683047], [12.546127, 55.683037], [12.54646, 55.683019], [12.54676, 55.683001], [12.547169, 55.682944], [12.547593, 55.682878], [12.54828, 55.682732], [12.552727, 55.681758]]}, "properties": {"shape_id": "5864", "route_id": "21296_1", "route_short_name": "M1", "agency_id": "319"}}, {"type": "Feature", "geometry": {"type": "LineString", "coordinates": [[12.491429, 55.68734], [12.492133, 55.687203], [12.493073, 55.687033], [12.495191, 55.686685], [12.495881, 55.686566], [12.4966, 55.686429], [12.497787, 55.68617], [12.499291, 55.685902], [12.500294, 55.68573], [12.500843, 55.685642], [12.503266, 55.685321], [12.504254, 55.685167], [12.504989, 55.68502], [12.506895, 55.684615], [12.508426, 55.684292], [12.510179, 55.683964], [12.512405, 55.683585], [12.514425, 55.683222], [12.517951, 55.682617], [12.520598, 55.682136], [12.523338, 55.681635], [12.524511, 55.681404], [12.525091, 55.681315], [12.525722, 55.681243], [12.526052, 55.681206], [12.52667, 55.681171], [12.527083, 55.681159], [12.52756, 55.681154], [12.529552, 55.681187], [12.532401, 55.681194], [12.534981, 55.68121], [12.535874, 55.681238], [12.536498, 55.681274], [12.536835, 55.6813], [12.53743, 55.681364], [12.537961, 55.681439], [12.538365, 55.681499], [12.539011, 55.681606], [12.539853, 55.681771], [12.540212, 55.681859], [12.540846, 55.682012], [12.543422, 55.682693], [12.544138, 55.682861], [12.544655, 55.682954], [12.545154, 55.683011], [12.545474, 55.683029], [12.545778, 55.683047], [12.546127, 55.683037], [12.54646, 55.683019], [12.54676, 55.683001], [12.547169, 55.682944], [12.547593, 55.682878], [12.54828, 55.682732], [12.552727, 55.681758], [12.553632, 55.681561], [12.554228, 55.681463], [12.554685, 55.681414], [12.555001, 55.681387], [12.555319, 55.681377], [12.555654, 55.681386], [12.555957, 55.681395], [12.556487, 55.681451], [12.556793, 55.681496], [12.557069, 55.681551], [12.557378, 55.681623], [12.557656, 55.681705], [12.5581, 55.681863], [12.558331, 55.681955], [12.558581, 55.682074], [12.558814, 55.682193], [12.559033, 55.682322], [12.559321, 55.68252], [12.559612, 55.682745], [12.559873, 55.682981], [12.560134, 55.683234], [12.560787, 55.683934], [12.561118, 55.684248], [12.561444, 55.684509], [12.561648, 55.684647], [12.561866, 55.684775], [12.562117, 55.684903], [12.562382, 55.685021], [12.562745, 55.685163], [12.563007, 55.685245], [12.5633, 55.685318], [12.563577, 55.685382], [12.56411, 55.685474], [12.564368, 55.685503], [12.564784, 55.685536], [12.565088, 55.685545], [12.565453, 55.685543], [12.56577, 55.685525], [12.566102, 55.685497], [12.566416, 55.685452], [12.566745, 55.685398], [12.567182, 55.685304], [12.567694, 55.685154], [12.568249, 55.684958], [12.571584, 55.683656], [12.572475, 55.683306], [12.573125, 55.683099], [12.573684, 55.682948], [12.573964, 55.682876], [12.574622, 55.682758], [12.575344, 55.682656], [12.57607, 55.68259], [12.579996, 55.682359], [12.580676, 55.682312], [12.581055, 55.682274], [12.581432, 55.682218], [12.581792, 55.682154], [12.582134, 55.682072], [12.582677, 55.681912], [12.582938, 55.681814], [12.583183, 55.681699], [12.583426, 55.681575], [12.583653, 55.681452], [12.583863, 55.681311], [12.584072, 55.681161], [12.584234, 55.681012], [12.584394, 55.680846], [12.584537, 55.68068], [12.584607, 55.68057], [12.584799, 55.680231], [12.585008, 55.67974], [12.585461, 55.678602], [12.585633, 55.67822], [12.585756, 55.678], [12.585981, 55.67767], [12.58645, 55.677063], [12.587009, 55.67639], [12.587427, 55.675919], [12.589863, 55.67333], [12.590156, 55.673052], [12.590375, 55.672839], [12.59076, 55.672531], [12.591178, 55.672222], [12.592057, 55.671576], [12.59231, 55.671379], [12.592426, 55.671259], [12.592615, 55.671065], [12.592756, 55.670872], [12.592868, 55.670698], [12.592946, 55.670515], [12.593035, 55.67027], [12.593076, 55.670017], [12.593121, 55.669126], [12.593119, 55.668928], [12.592929, 55.668421], [12.592795, 55.668173], [12.592668, 55.668006], [12.592492, 55.667822], [12.592318, 55.667656], [12.592131, 55.667518], [12.591928, 55.667389], [12.591694, 55.66727], [12.591478, 55.667169], [12.591214, 55.667068], [12.590837, 55.666945], [12.590592, 55.66688], [12.590333, 55.666824], [12.58988, 55.666748], [12.588654, 55.666559], [12.588346, 55.666496], [12.58807, 55.666441], [12.587678, 55.666327], [12.587383, 55.666227], [12.587134, 55.666118], [12.586851, 55.665982], [12.586649, 55.665862], [12.586446, 55.665724], [12.586256, 55.665559], [12.586097, 55.665393], [12.585917, 55.665164], [12.585786, 55.664943], [12.585684, 55.664704], [12.585305, 55.66369], [12.584534, 55.661518], [12.584464, 55.661277], [12.584394, 55.661037], [12.584349, 55.660714], [12.58437, 55.660426], [12.584415, 55.660218], [12.584529, 55.659909], [12.584668, 55.659689], [12.584781, 55.659524], [12.584924, 55.659358], [12.585204, 55.659107], [12.585501, 55.658882], [12.585742, 55.658731], [12.586075, 55.658551], [12.587218, 55.658005], [12.587598, 55.657805], [12.587809, 55.657682], [12.588004, 55.65755], [12.588285, 55.657317], [12.588487, 55.657095], [12.5886, 55.656939], [12.588724, 55.656729], [12.588839, 55.656429], [12.588992, 55.65584]]}, "properties": {"shape_id": "5865", "route_id": "21296_1", "route_short_name": "M1", "agency_id": "319"}}, {"type": "Feature", "geometry": {"type": "LineString", "coordinates": [[12.491429, 55.68734], [12.492133, 55.687203], [12.493073, 55.687033], [12.495191, 55.686685], [12.495881, 55.686566], [12.4966, 55.686429], [12.497787, 55.68617], [12.499291, 55.685902], [12.500294, 55.68573], [12.500843, 55.685642], [12.503266, 55.685321], [12.504254, 55.685167], [12.504989, 55.68502], [12.506895, 55.684615], [12.508426, 55.684292], [12.510179, 55.683964], [12.512405, 55.683585], [12.514425, 55.683222], [12.517951, 55.682617], [12.520598, 55.682136], [12.523338, 55.681635], [12.524511, 55.681404], [12.525091, 55.681315], [12.525722, 55.681243], [12.526052, 55.681206], [12.52667, 55.681171], [12.527083, 55.681159], [12.52756, 55.681154], [12.529552, 55.681187], [12.532401, 55.681194], [12.534981, 55.68121], [12.535874, 55.681238], [12.536498, 55.681274], [12.536835, 55.6813], [12.53743, 55.681364], [12.537961, 55.681439], [12.538365, 55.681499], [12.539011, 55.681606], [12.539853, 55.681771], [12.540212, 55.681859], [12.540846, 55.682012], [12.543422, 55.682693], [12.544138, 55.682861], [12.544655, 55.682954], [12.545154, 55.683011], [12.545474, 55.683029], [12.545778, 55.683047], [12.546127, 55.683037], [12.54646, 55.683019], [12.54676, 55.683001], [12.547169, 55.682944], [12.547593, 55.682878], [12.54828, 55.682732], [12.552727, 55.681758], [12.553632, 55.681561], [12.554228, 55.681463], [12.554685, 55.681414], [12.555001, 55.681387], [12.555319, 55.681377], [12.555654, 55.681386], [12.555957, 55.681395], [12.556487, 55.681451], [12.556793, 55.681496], [12.557069, 55.681551], [12.557378, 55.681623], [12.557656, 55.681705], [12.5581, 55.681863], [12.558331, 55.681955], [12.558581, 55.682074], [12.558814, 55.682193], [12.559033, 55.682322], [12.559321, 55.68252], [12.559612, 55.682745], [12.559873, 55.682981], [12.560134, 55.683234], [12.560787, 55.683934], [12.561118, 55.684248], [12.561444, 55.684509], [12.561648, 55.684647], [12.561866, 55.684775], [12.562117, 55.684903], [12.562382, 55.685021], [12.562745, 55.685163], [12.563007, 55.685245], [12.5633, 55.685318], [12.563577, 55.685382], [12.56411, 55.685474], [12.564368, 55.685503], [12.564784, 55.685536], [12.565088, 55.685545], [12.565453, 55.685543], [12.56577, 55.685525], [12.566102, 55.685497], [12.566416, 55.685452], [12.566745, 55.685398], [12.567182, 55.685304], [12.567694, 55.685154], [12.568249, 55.684958], [12.571584, 55.683656], [12.572475, 55.683306], [12.573125, 55.683099], [12.573684, 55.682948], [12.573964, 55.682876], [12.574622, 55.682758], [12.575344, 55.682656], [12.57607, 55.68259], [12.579996, 55.682359], [12.580676, 55.682312], [12.581055, 55.682274], [12.581432, 55.682218], [12.581792, 55.682154], [12.582134, 55.682072], [12.582677, 55.681912], [12.582938, 55.681814], [12.583183, 55.681699], [12.583426, 55.681575], [12.583653, 55.681452], [12.583863, 55.681311], [12.584072, 55.681161], [12.584234, 55.681012], [12.584394, 55.680846], [12.584537, 55.68068], [12.584607, 55.68057], [12.584799, 55.680231], [12.585008, 55.67974], [12.585461, 55.678602], [12.585633, 55.67822], [12.585756, 55.678], [12.585981, 55.67767], [12.58645, 55.677063], [12.587009, 55.67639], [12.587427, 55.675919], [12.589863, 55.67333], [12.590156, 55.673052], [12.590375, 55.672839], [12.59076, 55.672531], [12.591178, 55.672222], [12.592057, 55.671576], [12.59231, 55.671379], [12.592426, 55.671259], [12.592615, 55.671065], [12.592756, 55.670872], [12.592868, 55.670698], [12.592946, 55.670515], [12.593035, 55.67027], [12.593076, 55.670017], [12.593121, 55.669126], [12.593119, 55.668928], [12.592929, 55.668421], [12.592795, 55.668173], [12.592668, 55.668006], [12.592492, 55.667822], [12.592318, 55.667656], [12.592131, 55.667518], [12.591928, 55.667389], [12.591694, 55.66727], [12.591478, 55.667169], [12.591214, 55.667068], [12.590837, 55.666945], [12.590592, 55.66688], [12.590333, 55.666824], [12.58988, 55.666748], [12.588654, 55.666559], [12.588346, 55.666496], [12.58807, 55.666441], [12.587678, 55.666327], [12.587383, 55.666227], [12.587134, 55.666118], [12.586851, 55.665982], [12.586649, 55.665862], [12.586446, 55.665724], [12.586256, 55.665559], [12.586097, 55.665393], [12.585917, 55.665164], [12.585786, 55.664943], [12.585684, 55.664704], [12.585305, 55.66369], [12.584534, 55.661518], [12.584464, 55.661277], [12.584394, 55.661037], [12.584349, 55.660714], [12.58437, 55.660426], [12.584415, 55.660218], [12.584529, 55.659909], [12.584668, 55.659689], [12.584781, 55.659524], [12.584924, 55.659358], [12.585204, 55.659107], [12.585501, 55.658882], [12.585742, 55.658731], [12.586075, 55.658551], [12.587218, 55.658005], [12.587598, 55.657805], [12.587809, 55.657682], [12.588004, 55.65755], [12.588285, 55.657317], [12.588487, 55.657095], [12.5886, 55.656939], [12.588724, 55.656729], [12.588839, 55.656429], [12.588992, 55.65584], [12.58918, 55.655115], [12.589228, 55.654772], [12.58923, 55.654448], [12.589197, 55.654251], [12.589145, 55.654037], [12.589015, 55.653663], [12.588313, 55.651894], [12.587662, 55.650349], [12.586603, 55.647637], [12.586437, 55.64721], [12.586007, 55.645982], [12.585713, 55.645208]]}, "properties": {"shape_id": "5866", "route_id": "21296_1", "route_short_name": "M1", "agency_id": "319"}}, {"type": "Feature", "geometry": {"type": "LineString", "coordinates": [[12.491429, 55.68734], [12.492133, 55.687203], [12.493073, 55.687033], [12.495191, 55.686685], [12.495881, 55.686566], [12.4966, 55.686429], [12.497787, 55.68617], [12.499291, 55.685902], [12.500294, 55.68573], [12.500843, 55.685642], [12.503266, 55.685321], [12.504254, 55.685167], [12.504989, 55.68502], [12.506895, 55.684615], [12.508426, 55.684292], [12.510179, 55.683964], [12.512405, 55.683585], [12.514425, 55.683222], [12.517951, 55.682617], [12.520598, 55.682136], [12.523338, 55.681635], [12.524511, 55.681404], [12.525091, 55.681315], [12.525722, 55.681243], [12.526052, 55.681206], [12.52667, 55.681171], [12.527083, 55.681159], [12.52756, 55.681154], [12.529552, 55.681187], [12.532401, 55.681194], [12.534981, 55.68121], [12.535874, 55.681238], [12.536498, 55.681274], [12.536835, 55.6813], [12.53743, 55.681364], [12.537961, 55.681439], [12.538365, 55.681499], [12.539011, 55.681606], [12.539853, 55.681771], [12.540212, 55.681859], [12.540846, 55.682012], [12.543422, 55.682693], [12.544138, 55.682861], [12.544655, 55.682954], [12.545154, 55.683011], [12.545474, 55.683029], [12.545778, 55.683047], [12.546127, 55.683037], [12.54646, 55.683019], [12.54676, 55.683001], [12.547169, 55.682944], [12.547593, 55.682878], [12.54828, 55.682732], [12.552727, 55.681758], [12.553632, 55.681561], [12.554228, 55.681463], [12.554685, 55.681414], [12.555001, 55.681387], [12.555319, 55.681377], [12.555654, 55.681386], [12.555957, 55.681395], [12.556487, 55.681451], [12.556793, 55.681496], [12.557069, 55.681551], [12.557378, 55.681623], [12.557656, 55.681705], [12.5581, 55.681863], [12.558331, 55.681955], [12.558581, 55.682074], [12.558814, 55.682193], [12.559033, 55.682322], [12.559321, 55.68252], [12.559612, 55.682745], [12.559873, 55.682981], [12.560134, 55.683234], [12.560787, 55.683934], [12.561118, 55.684248], [12.561444, 55.684509], [12.561648, 55.684647], [12.561866, 55.684775], [12.562117, 55.684903], [12.562382, 55.685021], [12.562745, 55.685163], [12.563007, 55.685245], [12.5633, 55.685318], [12.563577, 55.685382], [12.56411, 55.685474], [12.564368, 55.685503], [12.564784, 55.685536], [12.565088, 55.685545], [12.565453, 55.685543], [12.56577, 55.685525], [12.566102, 55.685497], [12.566416, 55.685452], [12.566745, 55.685398], [12.567182, 55.685304], [12.567694, 55.685154], [12.568249, 55.684958], [12.571584, 55.683656], [12.572475, 55.683306], [12.573125, 55.683099], [12.573684, 55.682948], [12.573964, 55.682876], [12.574622, 55.682758], [12.575344, 55.682656], [12.57607, 55.68259], [12.579996, 55.682359], [12.580676, 55.682312], [12.581055, 55.682274], [12.581432, 55.682218], [12.581792, 55.682154], [12.582134, 55.682072], [12.582677, 55.681912], [12.582938, 55.681814], [12.583183, 55.681699], [12.583426, 55.681575], [12.583653, 55.681452], [12.583863, 55.681311], [12.584072, 55.681161], [12.584234, 55.681012], [12.584394, 55.680846], [12.584537, 55.68068], [12.584607, 55.68057], [12.584799, 55.680231], [12.585008, 55.67974], [12.585461, 55.678602], [12.585633, 55.67822], [12.585756, 55.678], [12.585981, 55.67767], [12.58645, 55.677063], [12.587009, 55.67639], [12.587427, 55.675919], [12.589863, 55.67333], [12.590156, 55.673052], [12.590375, 55.672839], [12.59076, 55.672531], [12.591178, 55.672222], [12.592057, 55.671576], [12.59231, 55.671379], [12.592426, 55.671259], [12.592615, 55.671065], [12.592756, 55.670872], [12.592868, 55.670698], [12.592946, 55.670515], [12.593035, 55.67027], [12.593076, 55.670017], [12.593121, 55.669126], [12.593119, 55.668928], [12.592929, 55.668421], [12.592795, 55.668173], [12.592668, 55.668006], [12.592492, 55.667822], [12.592318, 55.667656], [12.592131, 55.667518], [12.591928, 55.667389], [12.591694, 55.66727], [12.591478, 55.667169], [12.591214, 55.667068], [12.590837, 55.666945], [12.590592, 55.66688], [12.590333, 55.666824], [12.58988, 55.666748], [12.588654, 55.666559], [12.588346, 55.666496], [12.58807, 55.666441], [12.587678, 55.666327], [12.587383, 55.666227], [12.587134, 55.666118], [12.586851, 55.665982], [12.586649, 55.665862], [12.586446, 55.665724], [12.586256, 55.665559], [12.586097, 55.665393], [12.585917, 55.665164], [12.585786, 55.664943], [12.585684, 55.664704], [12.585305, 55.66369]]}, "properties": {"shape_id": "5867", "route_id": "21296_1", "route_short_name": "M1", "agency_id": "319"}}, {"type": "Feature", "geometry": {"type": "LineString", "coordinates": [[12.575499, 55.619161], [12.579327, 55.628904], [12.582853, 55.637919], [12.585713, 55.645208], [12.586007, 55.645982], [12.586437, 55.64721], [12.586603, 55.647637], [12.587662, 55.650349], [12.588313, 55.651894], [12.589015, 55.653663], [12.589145, 55.654037], [12.589197, 55.654251], [12.58923, 55.654448], [12.589228, 55.654772], [12.58918, 55.655115], [12.588992, 55.65584], [12.588839, 55.656429], [12.588724, 55.656729], [12.5886, 55.656939], [12.588487, 55.657095], [12.588285, 55.657317], [12.588004, 55.65755], [12.587809, 55.657682], [12.587598, 55.657805], [12.587218, 55.658005], [12.586075, 55.658551], [12.585742, 55.658731], [12.585501, 55.658882], [12.585204, 55.659107], [12.584924, 55.659358], [12.584781, 55.659524], [12.584668, 55.659689], [12.584529, 55.659909], [12.584415, 55.660218], [12.58437, 55.660426], [12.584349, 55.660714], [12.584394, 55.661037], [12.584464, 55.661277], [12.584534, 55.661518], [12.585305, 55.66369], [12.585684, 55.664704], [12.585786, 55.664943], [12.585917, 55.665164], [12.586097, 55.665393], [12.586256, 55.665559], [12.586446, 55.665724], [12.586649, 55.665862], [12.586851, 55.665982], [12.587134, 55.666118], [12.587383, 55.666227], [12.587678, 55.666327], [12.58807, 55.666441], [12.588346, 55.666496], [12.588654, 55.666559], [12.58988, 55.666748], [12.590333, 55.666824], [12.590592, 55.66688], [12.590837, 55.666945], [12.591214, 55.667068], [12.591478, 55.667169], [12.591694, 55.66727], [12.591928, 55.667389], [12.592131, 55.667518], [12.592318, 55.667656], [12.592492, 55.667822], [12.592668, 55.668006], [12.592795, 55.668173], [12.592929, 55.668421], [12.593119, 55.668928], [12.593121, 55.669126], [12.593076, 55.670017], [12.593035, 55.67027], [12.592946, 55.670515], [12.592868, 55.670698], [12.592756, 55.670872], [12.592615, 55.671065], [12.592426, 55.671259], [12.59231, 55.671379], [12.592057, 55.671576], [12.591178, 55.672222], [12.59076, 55.672531], [12.590375, 55.672839], [12.590156, 55.673052], [12.589863, 55.67333], [12.587427, 55.675919], [12.587009, 55.67639], [12.58645, 55.677063], [12.585981, 55.67767], [12.585756, 55.678], [12.585633, 55.67822], [12.585461, 55.678602], [12.585008, 55.67974], [12.584799, 55.680231], [12.584607, 55.68057], [12.584537, 55.68068], [12.584394, 55.680846], [12.584234, 55.681012], [12.584072, 55.681161], [12.583863, 55.681311], [12.583653, 55.681452], [12.583426, 55.681575], [12.583183, 55.681699], [12.582938, 55.681814], [12.582677, 55.681912], [12.582134, 55.682072], [12.581792, 55.682154], [12.581432, 55.682218], [12.581055, 55.682274], [12.580676, 55.682312], [12.579996, 55.682359], [12.57607, 55.68259], [12.575344, 55.682656], [12.574622, 55.682758], [12.573964, 55.682876], [12.573684, 55.682948], [12.573125, 55.683099], [12.572475, 55.683306], [12.571584, 55.683656], [12.568249, 55.684958], [12.567694, 55.685154], [12.567182, 55.685304], [12.566745, 55.685398], [12.566416, 55.685452], [12.566102, 55.685497], [12.56577, 55.685525], [12.565453, 55.685543], [12.565088, 55.685545], [12.564784, 55.685536], [12.564368, 55.685503], [12.56411, 55.685474], [12.563577, 55.685382], [12.5633, 55.685318], [12.563007, 55.685245], [12.562745, 55.685163], [12.562382, 55.685021], [12.562117, 55.684903], [12.561866, 55.684775], [12.561648, 55.684647], [12.561444, 55.684509], [12.561118, 55.684248], [12.560787, 55.683934], [12.560134, 55.683234], [12.559873, 55.682981], [12.559612, 55.682745], [12.559321, 55.68252], [12.559033, 55.682322], [12.558814, 55.682193], [12.558581, 55.682074], [12.558331, 55.681955], [12.5581, 55.681863], [12.557656, 55.681705], [12.557378, 55.681623], [12.557069, 55.681551], [12.556793, 55.681496], [12.556487, 55.681451], [12.555957, 55.681395], [12.555654, 55.681386], [12.555319, 55.681377], [12.555001, 55.681387], [12.554685, 55.681414], [12.554228, 55.681463], [12.553632, 55.681561], [12.552727, 55.681758], [12.54828, 55.682732], [12.547593, 55.682878], [12.547169, 55.682944], [12.54676, 55.683001], [12.54646, 55.683019], [12.546127, 55.683037], [12.545778, 55.683047], [12.545474, 55.683029], [12.545154, 55.683011], [12.544655, 55.682954], [12.544138, 55.682861], [12.543422, 55.682693], [12.540846, 55.682012], [12.540212, 55.681859], [12.539853, 55.681771], [12.539011, 55.681606], [12.538365, 55.681499], [12.537961, 55.681439], [12.53743, 55.681364], [12.536835, 55.6813], [12.536498, 55.681274], [12.535874, 55.681238], [12.534981, 55.68121], [12.532401, 55.681194], [12.529552, 55.681187], [12.52756, 55.681154], [12.527083, 55.681159], [12.52667, 55.681171], [12.526052, 55.681206], [12.525722, 55.681243], [12.525091, 55.681315], [12.524511, 55.681404], [12.523338, 55.681635], [12.520598, 55.682136], [12.517951, 55.682617], [12.514425, 55.683222], [12.512405, 55.683585], [12.510179, 55.683964], [12.508426, 55.684292], [12.506895, 55.684615], [12.504989, 55.68502], [12.504254, 55.685167], [12.503266, 55.685321], [12.500843, 55.685642], [12.500294, 55.68573], [12.499291, 55.685902], [12.497787, 55.68617], [12.4966, 55.686429], [12.495881, 55.686566], [12.495191, 55.686685], [12.493073, 55.687033], [12.492133, 55.687203], [12.491429, 55.68734]]}, "properties": {"shape_id": "5868", "route_id": "21296_1", "route_short_name": "M1", "agency_id": "319"}}, {"type": "Feature", "geometry": {"type": "LineString", "coordinates": [[12.588992, 55.65584], [12.588839, 55.656429], [12.588724, 55.656729], [12.5886, 55.656939], [12.588487, 55.657095], [12.588285, 55.657317], [12.588004, 55.65755], [12.587809, 55.657682], [12.587598, 55.657805], [12.587218, 55.658005], [12.586075, 55.658551], [12.585742, 55.658731], [12.585501, 55.658882], [12.585204, 55.659107], [12.584924, 55.659358], [12.584781, 55.659524], [12.584668, 55.659689], [12.584529, 55.659909], [12.584415, 55.660218], [12.58437, 55.660426], [12.584349, 55.660714], [12.584394, 55.661037], [12.584464, 55.661277], [12.584534, 55.661518], [12.585305, 55.66369], [12.585684, 55.664704], [12.585786, 55.664943], [12.585917, 55.665164], [12.586097, 55.665393], [12.586256, 55.665559], [12.586446, 55.665724], [12.586649, 55.665862], [12.586851, 55.665982], [12.587134, 55.666118], [12.587383, 55.666227], [12.587678, 55.666327], [12.58807, 55.666441], [12.588346, 55.666496], [12.588654, 55.666559], [12.58988, 55.666748], [12.590333, 55.666824], [12.590592, 55.66688], [12.590837, 55.666945], [12.591214, 55.667068], [12.591478, 55.667169], [12.591694, 55.66727], [12.591928, 55.667389], [12.592131, 55.667518], [12.592318, 55.667656], [12.592492, 55.667822], [12.592668, 55.668006], [12.592795, 55.668173], [12.592929, 55.668421], [12.593119, 55.668928], [12.593121, 55.669126], [12.593076, 55.670017], [12.593035, 55.67027], [12.592946, 55.670515], [12.592868, 55.670698], [12.592756, 55.670872], [12.592615, 55.671065], [12.592426, 55.671259], [12.59231, 55.671379], [12.592057, 55.671576], [12.591178, 55.672222], [12.59076, 55.672531], [12.590375, 55.672839], [12.590156, 55.673052], [12.589863, 55.67333], [12.587427, 55.675919], [12.587009, 55.67639], [12.58645, 55.677063], [12.585981, 55.67767], [12.585756, 55.678], [12.585633, 55.67822], [12.585461, 55.678602], [12.585008, 55.67974], [12.584799, 55.680231], [12.584607, 55.68057], [12.584537, 55.68068], [12.584394, 55.680846], [12.584234, 55.681012], [12.584072, 55.681161], [12.583863, 55.681311], [12.583653, 55.681452], [12.583426, 55.681575], [12.583183, 55.681699], [12.582938, 55.681814], [12.582677, 55.681912], [12.582134, 55.682072], [12.581792, 55.682154], [12.581432, 55.682218], [12.581055, 55.682274], [12.580676, 55.682312], [12.579996, 55.682359], [12.57607, 55.68259], [12.575344, 55.682656], [12.574622, 55.682758], [12.573964, 55.682876], [12.573684, 55.682948], [12.573125, 55.683099], [12.572475, 55.683306], [12.571584, 55.683656], [12.568249, 55.684958], [12.567694, 55.685154], [12.567182, 55.685304], [12.566745, 55.685398], [12.566416, 55.685452], [12.566102, 55.685497], [12.56577, 55.685525], [12.565453, 55.685543], [12.565088, 55.685545], [12.564784, 55.685536], [12.564368, 55.685503], [12.56411, 55.685474], [12.563577, 55.685382], [12.5633, 55.685318], [12.563007, 55.685245], [12.562745, 55.685163], [12.562382, 55.685021], [12.562117, 55.684903], [12.561866, 55.684775], [12.561648, 55.684647], [12.561444, 55.684509], [12.561118, 55.684248], [12.560787, 55.683934], [12.560134, 55.683234], [12.559873, 55.682981], [12.559612, 55.682745], [12.559321, 55.68252], [12.559033, 55.682322], [12.558814, 55.682193], [12.558581, 55.682074], [12.558331, 55.681955], [12.5581, 55.681863], [12.557656, 55.681705], [12.557378, 55.681623], [12.557069, 55.681551], [12.556793, 55.681496], [12.556487, 55.681451], [12.555957, 55.681395], [12.555654, 55.681386], [12.555319, 55.681377], [12.555001, 55.681387], [12.554685, 55.681414], [12.554228, 55.681463], [12.553632, 55.681561], [12.552727, 55.681758], [12.54828, 55.682732], [12.547593, 55.682878], [12.547169, 55.682944], [12.54676, 55.683001], [12.54646, 55.683019], [12.546127, 55.683037], [12.545778, 55.683047], [12.545474, 55.683029], [12.545154, 55.683011], [12.544655, 55.682954], [12.544138, 55.682861], [12.543422, 55.682693], [12.540846, 55.682012], [12.540212, 55.681859], [12.539853, 55.681771], [12.539011, 55.681606], [12.538365, 55.681499], [12.537961, 55.681439], [12.53743, 55.681364], [12.536835, 55.6813], [12.536498, 55.681274], [12.535874, 55.681238], [12.534981, 55.68121], [12.532401, 55.681194], [12.529552, 55.681187], [12.52756, 55.681154], [12.527083, 55.681159], [12.52667, 55.681171], [12.526052, 55.681206], [12.525722, 55.681243], [12.525091, 55.681315], [12.524511, 55.681404], [12.523338, 55.681635], [12.520598, 55.682136], [12.517951, 55.682617], [12.514425, 55.683222], [12.512405, 55.683585], [12.510179, 55.683964], [12.508426, 55.684292], [12.506895, 55.684615], [12.504989, 55.68502], [12.504254, 55.685167], [12.503266, 55.685321], [12.500843, 55.685642], [12.500294, 55.68573], [12.499291, 55.685902], [12.497787, 55.68617], [12.4966, 55.686429], [12.495881, 55.686566], [12.495191, 55.686685], [12.493073, 55.687033], [12.492133, 55.687203], [12.491429, 55.68734]]}, "properties": {"shape_id": "5869", "route_id": "21296_1", "route_short_name": "M1", "agency_id": "319"}}, {"type": "Feature", "geometry": {"type": "LineString", "coordinates": [[12.575499, 55.619161], [12.579327, 55.628904], [12.582853, 55.637919], [12.585713, 55.645208], [12.586007, 55.645982], [12.586437, 55.64721], [12.586603, 55.647637], [12.587662, 55.650349], [12.588313, 55.651894], [12.589015, 55.653663], [12.589145, 55.654037], [12.589197, 55.654251], [12.58923, 55.654448], [12.589228, 55.654772], [12.58918, 55.655115], [12.588992, 55.65584], [12.588839, 55.656429], [12.588724, 55.656729], [12.5886, 55.656939], [12.588487, 55.657095], [12.588285, 55.657317], [12.588004, 55.65755], [12.587809, 55.657682], [12.587598, 55.657805], [12.587218, 55.658005], [12.586075, 55.658551], [12.585742, 55.658731], [12.585501, 55.658882], [12.585204, 55.659107], [12.584924, 55.659358], [12.584781, 55.659524], [12.584668, 55.659689], [12.584529, 55.659909], [12.584415, 55.660218], [12.58437, 55.660426], [12.584349, 55.660714], [12.584394, 55.661037], [12.584464, 55.661277], [12.584534, 55.661518], [12.585305, 55.66369], [12.585684, 55.664704], [12.585786, 55.664943], [12.585917, 55.665164], [12.586097, 55.665393], [12.586256, 55.665559], [12.586446, 55.665724], [12.586649, 55.665862], [12.586851, 55.665982], [12.587134, 55.666118], [12.587383, 55.666227], [12.587678, 55.666327], [12.58807, 55.666441], [12.588346, 55.666496], [12.588654, 55.666559], [12.58988, 55.666748], [12.590333, 55.666824], [12.590592, 55.66688], [12.590837, 55.666945], [12.591214, 55.667068], [12.591478, 55.667169], [12.591694, 55.66727], [12.591928, 55.667389], [12.592131, 55.667518], [12.592318, 55.667656], [12.592492, 55.667822], [12.592668, 55.668006], [12.592795, 55.668173], [12.592929, 55.668421], [12.593119, 55.668928], [12.593121, 55.669126], [12.593076, 55.670017], [12.593035, 55.67027], [12.592946, 55.670515], [12.592868, 55.670698], [12.592756, 55.670872], [12.592615, 55.671065], [12.592426, 55.671259], [12.59231, 55.671379], [12.592057, 55.671576], [12.591178, 55.672222]]}, "properties": {"shape_id": "5870", "route_id": "21296_1", "route_short_name": "M1", "agency_id": "319"}}, {"type": "Feature", "geometry": {"type": "LineString", "coordinates": [[12.575499, 55.619161], [12.579327, 55.628904], [12.582853, 55.637919], [12.585713, 55.645208], [12.586007, 55.645982], [12.586437, 55.64721], [12.586603, 55.647637], [12.587662, 55.650349], [12.588313, 55.651894], [12.589015, 55.653663], [12.589145, 55.654037], [12.589197, 55.654251], [12.58923, 55.654448], [12.589228, 55.654772], [12.58918, 55.655115], [12.588992, 55.65584], [12.588839, 55.656429], [12.588724, 55.656729], [12.5886, 55.656939], [12.588487, 55.657095], [12.588285, 55.657317], [12.588004, 55.65755], [12.587809, 55.657682], [12.587598, 55.657805], [12.587218, 55.658005], [12.586075, 55.658551], [12.585742, 55.658731], [12.585501, 55.658882], [12.585204, 55.659107], [12.584924, 55.659358], [12.584781, 55.659524], [12.584668, 55.659689], [12.584529, 55.659909], [12.584415, 55.660218], [12.58437, 55.660426], [12.584349, 55.660714], [12.584394, 55.661037], [12.584464, 55.661277], [12.584534, 55.661518], [12.585305, 55.66369], [12.585684, 55.664704], [12.585786, 55.664943], [12.585917, 55.665164], [12.586097, 55.665393], [12.586256, 55.665559], [12.586446, 55.665724], [12.586649, 55.665862], [12.586851, 55.665982], [12.587134, 55.666118], [12.587383, 55.666227], [12.587678, 55.666327], [12.58807, 55.666441], [12.588346, 55.666496], [12.588654, 55.666559], [12.58988, 55.666748], [12.590333, 55.666824], [12.590592, 55.66688], [12.590837, 55.666945], [12.591214, 55.667068], [12.591478, 55.667169], [12.591694, 55.66727], [12.591928, 55.667389], [12.592131, 55.667518], [12.592318, 55.667656], [12.592492, 55.667822], [12.592668, 55.668006], [12.592795, 55.668173], [12.592929, 55.668421], [12.593119, 55.668928], [12.593121, 55.669126], [12.593076, 55.670017], [12.593035, 55.67027], [12.592946, 55.670515], [12.592868, 55.670698], [12.592756, 55.670872], [12.592615, 55.671065], [12.592426, 55.671259], [12.59231, 55.671379], [12.592057, 55.671576], [12.591178, 55.672222], [12.59076, 55.672531], [12.590375, 55.672839], [12.590156, 55.673052], [12.589863, 55.67333], [12.587427, 55.675919], [12.587009, 55.67639], [12.58645, 55.677063], [12.585981, 55.67767], [12.585756, 55.678], [12.585633, 55.67822], [12.585461, 55.678602], [12.585008, 55.67974], [12.584799, 55.680231], [12.584607, 55.68057], [12.584537, 55.68068], [12.584394, 55.680846], [12.584234, 55.681012], [12.584072, 55.681161], [12.583863, 55.681311], [12.583653, 55.681452], [12.583426, 55.681575], [12.583183, 55.681699], [12.582938, 55.681814], [12.582677, 55.681912], [12.582134, 55.682072], [12.581792, 55.682154], [12.581432, 55.682218], [12.581055, 55.682274], [12.580676, 55.682312], [12.579996, 55.682359], [12.57607, 55.68259], [12.575344, 55.682656], [12.574622, 55.682758], [12.573964, 55.682876], [12.573684, 55.682948], [12.573125, 55.683099], [12.572475, 55.683306], [12.571584, 55.683656]]}, "properties": {"shape_id": "5871", "route_id": "21296_1", "route_short_name": "M1", "agency_id": "319"}}, {"type": "Feature", "geometry": {"type": "LineString", "coordinates": [[12.575499, 55.619161], [12.579327, 55.628904], [12.582853, 55.637919], [12.585713, 55.645208], [12.586007, 55.645982], [12.586437, 55.64721], [12.586603, 55.647637], [12.587662, 55.650349], [12.588313, 55.651894], [12.589015, 55.653663], [12.589145, 55.654037], [12.589197, 55.654251], [12.58923, 55.654448], [12.589228, 55.654772], [12.58918, 55.655115], [12.588992, 55.65584], [12.588839, 55.656429], [12.588724, 55.656729], [12.5886, 55.656939], [12.588487, 55.657095], [12.588285, 55.657317], [12.588004, 55.65755], [12.587809, 55.657682], [12.587598, 55.657805], [12.587218, 55.658005], [12.586075, 55.658551], [12.585742, 55.658731], [12.585501, 55.658882], [12.585204, 55.659107], [12.584924, 55.659358], [12.584781, 55.659524], [12.584668, 55.659689], [12.584529, 55.659909], [12.584415, 55.660218], [12.58437, 55.660426], [12.584349, 55.660714], [12.584394, 55.661037], [12.584464, 55.661277], [12.584534, 55.661518], [12.585305, 55.66369], [12.585684, 55.664704], [12.585786, 55.664943], [12.585917, 55.665164], [12.586097, 55.665393], [12.586256, 55.665559], [12.586446, 55.665724], [12.586649, 55.665862], [12.586851, 55.665982], [12.587134, 55.666118], [12.587383, 55.666227], [12.587678, 55.666327], [12.58807, 55.666441], [12.588346, 55.666496], [12.588654, 55.666559], [12.58988, 55.666748], [12.590333, 55.666824], [12.590592, 55.66688], [12.590837, 55.666945], [12.591214, 55.667068], [12.591478, 55.667169], [12.591694, 55.66727], [12.591928, 55.667389], [12.592131, 55.667518], [12.592318, 55.667656], [12.592492, 55.667822], [12.592668, 55.668006], [12.592795, 55.668173], [12.592929, 55.668421], [12.593119, 55.668928], [12.593121, 55.669126], [12.593076, 55.670017], [12.593035, 55.67027], [12.592946, 55.670515], [12.592868, 55.670698], [12.592756, 55.670872], [12.592615, 55.671065], [12.592426, 55.671259], [12.59231, 55.671379], [12.592057, 55.671576], [12.591178, 55.672222], [12.59076, 55.672531], [12.590375, 55.672839], [12.590156, 55.673052], [12.589863, 55.67333], [12.587427, 55.675919], [12.587009, 55.67639], [12.58645, 55.677063], [12.585981, 55.67767], [12.585756, 55.678], [12.585633, 55.67822], [12.585461, 55.678602], [12.585008, 55.67974], [12.584799, 55.680231], [12.584607, 55.68057], [12.584537, 55.68068], [12.584394, 55.680846], [12.584234, 55.681012], [12.584072, 55.681161], [12.583863, 55.681311], [12.583653, 55.681452], [12.583426, 55.681575], [12.583183, 55.681699], [12.582938, 55.681814], [12.582677, 55.681912], [12.582134, 55.682072], [12.581792, 55.682154], [12.581432, 55.682218], [12.581055, 55.682274], [12.580676, 55.682312], [12.579996, 55.682359], [12.57607, 55.68259], [12.575344, 55.682656], [12.574622, 55.682758], [12.573964, 55.682876], [12.573684, 55.682948], [12.573125, 55.683099], [12.572475, 55.683306], [12.571584, 55.683656], [12.568249, 55.684958], [12.567694, 55.685154], [12.567182, 55.685304], [12.566745, 55.685398], [12.566416, 55.685452], [12.566102, 55.685497], [12.56577, 55.685525], [12.565453, 55.685543], [12.565088, 55.685545], [12.564784, 55.685536], [12.564368, 55.685503], [12.56411, 55.685474], [12.563577, 55.685382], [12.5633, 55.685318], [12.563007, 55.685245], [12.562745, 55.685163], [12.562382, 55.685021], [12.562117, 55.684903], [12.561866, 55.684775], [12.561648, 55.684647], [12.561444, 55.684509], [12.561118, 55.684248], [12.560787, 55.683934], [12.560134, 55.683234], [12.559873, 55.682981], [12.559612, 55.682745], [12.559321, 55.68252], [12.559033, 55.682322], [12.558814, 55.682193], [12.558581, 55.682074], [12.558331, 55.681955], [12.5581, 55.681863], [12.557656, 55.681705], [12.557378, 55.681623], [12.557069, 55.681551], [12.556793, 55.681496], [12.556487, 55.681451], [12.555957, 55.681395], [12.555654, 55.681386], [12.555319, 55.681377], [12.555001, 55.681387], [12.554685, 55.681414], [12.554228, 55.681463], [12.553632, 55.681561], [12.552727, 55.681758]]}, "properties": {"shape_id": "5872", "route_id": "21296_1", "route_short_name": "M1", "agency_id": "319"}}, {"type": "Feature", "geometry": {"type": "LineString", "coordinates": [[12.575499, 55.619161], [12.579327, 55.628904], [12.582853, 55.637919], [12.585713, 55.645208], [12.586007, 55.645982], [12.586437, 55.64721], [12.586603, 55.647637], [12.587662, 55.650349], [12.588313, 55.651894], [12.589015, 55.653663], [12.589145, 55.654037], [12.589197, 55.654251], [12.58923, 55.654448], [12.589228, 55.654772], [12.58918, 55.655115], [12.588992, 55.65584], [12.588839, 55.656429], [12.588724, 55.656729], [12.5886, 55.656939], [12.588487, 55.657095], [12.588285, 55.657317], [12.588004, 55.65755], [12.587809, 55.657682], [12.587598, 55.657805], [12.587218, 55.658005], [12.586075, 55.658551], [12.585742, 55.658731], [12.585501, 55.658882], [12.585204, 55.659107], [12.584924, 55.659358], [12.584781, 55.659524], [12.584668, 55.659689], [12.584529, 55.659909], [12.584415, 55.660218], [12.58437, 55.660426], [12.584349, 55.660714], [12.584394, 55.661037], [12.584464, 55.661277], [12.584534, 55.661518], [12.585305, 55.66369], [12.585684, 55.664704], [12.585786, 55.664943], [12.585917, 55.665164], [12.586097, 55.665393], [12.586256, 55.665559], [12.586446, 55.665724], [12.586649, 55.665862], [12.586851, 55.665982], [12.587134, 55.666118], [12.587383, 55.666227], [12.587678, 55.666327], [12.58807, 55.666441], [12.588346, 55.666496], [12.588654, 55.666559], [12.58988, 55.666748], [12.590333, 55.666824], [12.590592, 55.66688], [12.590837, 55.666945], [12.591214, 55.667068], [12.591478, 55.667169], [12.591694, 55.66727], [12.591928, 55.667389], [12.592131, 55.667518], [12.592318, 55.667656], [12.592492, 55.667822], [12.592668, 55.668006], [12.592795, 55.668173], [12.592929, 55.668421], [12.593119, 55.668928], [12.593121, 55.669126], [12.593076, 55.670017], [12.593035, 55.67027], [12.592946, 55.670515], [12.592868, 55.670698], [12.592756, 55.670872], [12.592615, 55.671065], [12.592426, 55.671259], [12.59231, 55.671379], [12.592057, 55.671576], [12.591178, 55.672222], [12.59076, 55.672531], [12.590375, 55.672839], [12.590156, 55.673052], [12.589863, 55.67333], [12.587427, 55.675919], [12.587009, 55.67639], [12.58645, 55.677063], [12.585981, 55.67767], [12.585756, 55.678], [12.585633, 55.67822], [12.585461, 55.678602], [12.585008, 55.67974], [12.584799, 55.680231], [12.584607, 55.68057], [12.584537, 55.68068], [12.584394, 55.680846], [12.584234, 55.681012], [12.584072, 55.681161], [12.583863, 55.681311], [12.583653, 55.681452], [12.583426, 55.681575], [12.583183, 55.681699], [12.582938, 55.681814], [12.582677, 55.681912], [12.582134, 55.682072], [12.581792, 55.682154], [12.581432, 55.682218], [12.581055, 55.682274], [12.580676, 55.682312], [12.579996, 55.682359], [12.57607, 55.68259], [12.575344, 55.682656], [12.574622, 55.682758], [12.573964, 55.682876], [12.573684, 55.682948], [12.573125, 55.683099], [12.572475, 55.683306], [12.571584, 55.683656], [12.568249, 55.684958], [12.567694, 55.685154], [12.567182, 55.685304], [12.566745, 55.685398], [12.566416, 55.685452], [12.566102, 55.685497], [12.56577, 55.685525], [12.565453, 55.685543], [12.565088, 55.685545], [12.564784, 55.685536], [12.564368, 55.685503], [12.56411, 55.685474], [12.563577, 55.685382], [12.5633, 55.685318], [12.563007, 55.685245], [12.562745, 55.685163], [12.562382, 55.685021], [12.562117, 55.684903], [12.561866, 55.684775], [12.561648, 55.684647], [12.561444, 55.684509], [12.561118, 55.684248], [12.560787, 55.683934], [12.560134, 55.683234], [12.559873, 55.682981], [12.559612, 55.682745], [12.559321, 55.68252], [12.559033, 55.682322], [12.558814, 55.682193], [12.558581, 55.682074], [12.558331, 55.681955], [12.5581, 55.681863], [12.557656, 55.681705], [12.557378, 55.681623], [12.557069, 55.681551], [12.556793, 55.681496], [12.556487, 55.681451], [12.555957, 55.681395], [12.555654, 55.681386], [12.555319, 55.681377], [12.555001, 55.681387], [12.554685, 55.681414], [12.554228, 55.681463], [12.553632, 55.681561], [12.552727, 55.681758], [12.54828, 55.682732], [12.547593, 55.682878], [12.547169, 55.682944], [12.54676, 55.683001], [12.54646, 55.683019], [12.546127, 55.683037], [12.545778, 55.683047], [12.545474, 55.683029], [12.545154, 55.683011], [12.544655, 55.682954], [12.544138, 55.682861], [12.543422, 55.682693], [12.540846, 55.682012], [12.540212, 55.681859], [12.539853, 55.681771], [12.539011, 55.681606], [12.538365, 55.681499], [12.537961, 55.681439], [12.53743, 55.681364], [12.536835, 55.6813], [12.536498, 55.681274], [12.535874, 55.681238], [12.534981, 55.68121], [12.532401, 55.681194]]}, "properties": {"shape_id": "5873", "route_id": "21296_1", "route_short_name": "M1", "agency_id": "319"}}, {"type": "Feature", "geometry": {"type": "LineString", "coordinates": [[12.575499, 55.619161], [12.579327, 55.628904], [12.582853, 55.637919], [12.585713, 55.645208], [12.586007, 55.645982], [12.586437, 55.64721], [12.586603, 55.647637], [12.587662, 55.650349], [12.588313, 55.651894], [12.589015, 55.653663], [12.589145, 55.654037], [12.589197, 55.654251], [12.58923, 55.654448], [12.589228, 55.654772], [12.58918, 55.655115], [12.588992, 55.65584]]}, "properties": {"shape_id": "5874", "route_id": "21296_1", "route_short_name": "M1", "agency_id": "319"}}, {"type": "Feature", "geometry": {"type": "LineString", "coordinates": [[12.575499, 55.619161], [12.579327, 55.628904], [12.582853, 55.637919], [12.585713, 55.645208]]}, "properties": {"shape_id": "5875", "route_id": "21296_1", "route_short_name": "M1", "agency_id": "319"}}, {"type": "Feature", "geometry": {"type": "LineString", "coordinates": [[12.575499, 55.619161], [12.579327, 55.628904], [12.582853, 55.637919]]}, "properties": {"shape_id": "5876", "route_id": "21296_1", "route_short_name": "M1", "agency_id": "319"}}, {"type": "Feature", "geometry": {"type": "LineString", "coordinates": [[12.575499, 55.619161], [12.579327, 55.628904]]}, "properties": {"shape_id": "5877", "route_id": "21296_1", "route_short_name": "M1", "agency_id": "319"}}, {"type": "Feature", "geometry": {"type": "LineString", "coordinates": [[12.493977, 55.747241], [12.494562, 55.747179], [12.496966, 55.746787], [12.503094, 55.745983], [12.506172, 55.745283], [12.508465, 55.744553], [12.509628, 55.744187], [12.517038, 55.741691], [12.523325, 55.73964], [12.523897, 55.739453], [12.528857, 55.737719], [12.530756, 55.736864], [12.532754, 55.7357], [12.534626, 55.734199], [12.53584, 55.732644], [12.536369, 55.731973], [12.537201, 55.73007], [12.539772, 55.723279], [12.540389, 55.721822], [12.540979, 55.720951], [12.541806, 55.719704], [12.545314, 55.714999], [12.545966, 55.713398], [12.546065, 55.713269], [12.54643, 55.712899], [12.546743, 55.712665], [12.547074, 55.712449], [12.547638, 55.712172], [12.54827, 55.711938], [12.548971, 55.711764], [12.549441, 55.711679], [12.550198, 55.711594], [12.55069, 55.71158], [12.551201, 55.711592], [12.55194, 55.71166], [12.552668, 55.711783], [12.553125, 55.711905], [12.553567, 55.712045], [12.555331, 55.712695], [12.557672, 55.713922], [12.559598, 55.715305], [12.560552, 55.715988], [12.561187, 55.716311], [12.561897, 55.716587], [12.562666, 55.716816], [12.563479, 55.716991], [12.564317, 55.717101], [12.565183, 55.717166], [12.566043, 55.717159], [12.567438, 55.717082], [12.57119, 55.717009], [12.572257, 55.717005], [12.57297, 55.716966], [12.573665, 55.716901], [12.574703, 55.716754], [12.575376, 55.716626], [12.57822, 55.715851], [12.578328, 55.715812], [12.582177, 55.714351], [12.585566, 55.71275], [12.586424, 55.712204], [12.587197, 55.711606], [12.587653, 55.711197], [12.588263, 55.710549], [12.588619, 55.710098], [12.588928, 55.70964], [12.589962, 55.70755], [12.590774, 55.705638], [12.590943, 55.70522], [12.591365, 55.703229], [12.592059, 55.697958], [12.592154, 55.697433], [12.592138, 55.696903], [12.592057, 55.696546], [12.59185, 55.69603], [12.59155, 55.695536], [12.591124, 55.695054], [12.590794, 55.694758], [12.590621, 55.69461], [12.587571, 55.692766], [12.587131, 55.692482], [12.583845, 55.690501], [12.581921, 55.689478], [12.580036, 55.688535], [12.57656, 55.686559], [12.574645, 55.685275], [12.572231, 55.683772], [12.571245, 55.683073], [12.570342, 55.682425], [12.566925, 55.679862], [12.563926, 55.678205], [12.563771, 55.678075], [12.563461, 55.677814], [12.563197, 55.677543], [12.562887, 55.677102], [12.562686, 55.67665], [12.562595, 55.676347], [12.562567, 55.676033], [12.562566, 55.675673], [12.562614, 55.67533], [12.562711, 55.674995], [12.562952, 55.674493], [12.563177, 55.674172], [12.56358, 55.673701], [12.563903, 55.673413], [12.564471, 55.673001], [12.564894, 55.672755], [12.565448, 55.672199], [12.56592, 55.671619], [12.566311, 55.671023], [12.566441, 55.670705], [12.566541, 55.670225], [12.566529, 55.669749], [12.566406, 55.669267], [12.566157, 55.668807], [12.565939, 55.668507], [12.56569, 55.668218], [12.565208, 55.667818], [12.564835, 55.667568], [12.562396, 55.666291], [12.559909, 55.665005], [12.55951, 55.664819], [12.559164, 55.664685], [12.558804, 55.66457], [12.558413, 55.664473], [12.558024, 55.664394], [12.5477, 55.663165], [12.54705, 55.663013], [12.546387, 55.662897], [12.545711, 55.6628], [12.544668, 55.662704], [12.54363, 55.662662], [12.543011, 55.662671], [12.542394, 55.662707], [12.541496, 55.662805], [12.538621, 55.663203], [12.537181, 55.663289], [12.536024, 55.663341], [12.535312, 55.663379], [12.531457, 55.66349], [12.523119, 55.66364], [12.5191, 55.663702], [12.514372, 55.663837], [12.51132, 55.663862], [12.508128, 55.663917], [12.505741, 55.663913], [12.503462, 55.664042], [12.500991, 55.663986], [12.493748, 55.664103], [12.491492, 55.664131], [12.488518, 55.664144], [12.485647, 55.664226], [12.478672, 55.664325], [12.474336, 55.664403], [12.470809, 55.664449], [12.458628, 55.664676], [12.45437, 55.664724], [12.444821, 55.664858], [12.440201, 55.664952], [12.438323, 55.664951], [12.428235, 55.665098], [12.423801, 55.665141], [12.420455, 55.665082], [12.417258, 55.664901], [12.413572, 55.664581], [12.407614, 55.663929], [12.401645, 55.663339], [12.397902, 55.662913], [12.394431, 55.662505], [12.378497, 55.660706], [12.356998, 55.658339], [12.353148, 55.65795], [12.348456, 55.657395], [12.310185, 55.653165], [12.306946, 55.652839], [12.302941, 55.652488], [12.302171, 55.65241], [12.297069, 55.651873], [12.293057, 55.651433], [12.289007, 55.650921], [12.269331, 55.648741]]}, "properties": {"shape_id": "2439", "route_id": "24609_109", "route_short_name": "Bx", "agency_id": "318"}}, {"type": "Feature", "geometry": {"type": "LineString", "coordinates": [[12.269331, 55.648741], [12.289007, 55.650921], [12.293057, 55.651433], [12.297069, 55.651873], [12.302171, 55.65241], [12.302941, 55.652488], [12.306946, 55.652839], [12.310185, 55.653165], [12.348456, 55.657395], [12.353148, 55.65795], [12.356998, 55.658339], [12.378497, 55.660706], [12.394431, 55.662505], [12.397902, 55.662913], [12.401645, 55.663339], [12.407614, 55.663929], [12.413572, 55.664581], [12.417258, 55.664901], [12.420455, 55.665082], [12.423801, 55.665141], [12.428235, 55.665098], [12.438323, 55.664951], [12.440201, 55.664952], [12.444821, 55.664858], [12.45437, 55.664724], [12.458628, 55.664676], [12.470809, 55.664449], [12.474336, 55.664403], [12.478672, 55.664325], [12.485647, 55.664226], [12.488518, 55.664144], [12.491492, 55.664131], [12.493748, 55.664103], [12.500991, 55.663986], [12.503462, 55.664042], [12.505741, 55.663913], [12.508128, 55.663917], [12.51132, 55.663862], [12.514372, 55.663837], [12.5191, 55.663702], [12.523119, 55.66364], [12.531457, 55.66349], [12.535312, 55.663379], [12.536024, 55.663341], [12.537292, 55.663286], [12.538621, 55.663203], [12.541496, 55.662805], [12.542394, 55.662707], [12.543011, 55.662671], [12.54363, 55.662662], [12.544668, 55.662704], [12.545711, 55.6628], [12.546387, 55.662897], [12.54705, 55.663013], [12.5477, 55.663165], [12.558024, 55.664394], [12.558413, 55.664473], [12.558804, 55.66457], [12.559164, 55.664685], [12.55951, 55.664819], [12.559909, 55.665005], [12.562396, 55.666291], [12.564835, 55.667568], [12.565208, 55.667818], [12.56569, 55.668218], [12.565939, 55.668507], [12.566157, 55.668807], [12.566406, 55.669267], [12.566529, 55.669749], [12.566541, 55.670225], [12.566441, 55.670705], [12.566311, 55.671023], [12.56592, 55.671619], [12.565448, 55.672199], [12.564894, 55.672755], [12.564471, 55.673001], [12.563903, 55.673413], [12.56358, 55.673701], [12.563177, 55.674172], [12.562952, 55.674493], [12.562711, 55.674995], [12.562614, 55.67533], [12.562566, 55.675673], [12.562567, 55.676033], [12.562595, 55.676347], [12.562686, 55.67665], [12.562887, 55.677102], [12.563197, 55.677543], [12.563461, 55.677814], [12.563771, 55.678075], [12.563926, 55.678205], [12.566925, 55.679862], [12.570342, 55.682425], [12.571245, 55.683073], [12.572231, 55.683772], [12.574645, 55.685275], [12.57656, 55.686559], [12.580036, 55.688535], [12.581921, 55.689478], [12.583845, 55.690501], [12.587131, 55.692482], [12.587571, 55.692766], [12.590621, 55.69461], [12.590794, 55.694758], [12.591124, 55.695054], [12.59155, 55.695536], [12.59185, 55.69603], [12.592057, 55.696546], [12.592138, 55.696903], [12.592154, 55.697433], [12.592059, 55.697958], [12.591365, 55.703229], [12.590943, 55.70522], [12.590774, 55.705638], [12.589962, 55.70755], [12.588928, 55.70964], [12.588619, 55.710098], [12.588263, 55.710549], [12.587653, 55.711197], [12.587197, 55.711606], [12.586424, 55.712204], [12.585566, 55.71275], [12.582177, 55.714351], [12.578328, 55.715812], [12.57822, 55.715851], [12.575376, 55.716626], [12.574703, 55.716754], [12.573665, 55.716901], [12.57297, 55.716966], [12.572257, 55.717005], [12.57119, 55.717009], [12.567438, 55.717082], [12.566043, 55.717159], [12.565183, 55.717166], [12.564317, 55.717101], [12.563479, 55.716991], [12.562666, 55.716816], [12.561897, 55.716587], [12.561187, 55.716311], [12.560552, 55.715988], [12.559598, 55.715305], [12.557672, 55.713922], [12.555331, 55.712695], [12.553567, 55.712045], [12.553125, 55.711905], [12.552668, 55.711783], [12.55194, 55.71166], [12.551201, 55.711592], [12.55069, 55.71158], [12.550198, 55.711594], [12.549441, 55.711679], [12.548971, 55.711764], [12.54827, 55.711938], [12.547638, 55.712172], [12.547074, 55.712449], [12.546743, 55.712665], [12.54643, 55.712899], [12.546065, 55.713269], [12.545966, 55.713398], [12.545314, 55.714999], [12.541806, 55.719704], [12.540979, 55.720951], [12.540389, 55.721822], [12.539772, 55.723279], [12.537201, 55.73007], [12.536369, 55.731973], [12.53584, 55.732644], [12.534626, 55.734199], [12.532754, 55.7357], [12.530756, 55.736864], [12.528857, 55.737719], [12.523897, 55.739453], [12.523325, 55.73964], [12.517038, 55.741691], [12.509628, 55.744187], [12.508465, 55.744553], [12.506172, 55.745283], [12.503094, 55.745983], [12.496966, 55.746787], [12.494562, 55.747179], [12.493977, 55.747241]]}, "properties": {"shape_id": "2449", "route_id": "24609_109", "route_short_name": "Bx", "agency_id": "318"}}, {"type": "Feature", "geometry": {"type": "LineString", "coordinates": [[12.493977, 55.747241], [12.494562, 55.747179], [12.496966, 55.746787], [12.503094, 55.745983], [12.506172, 55.745283], [12.508465, 55.744553], [12.509628, 55.744187], [12.517038, 55.741691], [12.523325, 55.73964], [12.523897, 55.739453], [12.528857, 55.737719], [12.530756, 55.736864], [12.532754, 55.7357], [12.534626, 55.734199], [12.53584, 55.732644], [12.536369, 55.731973], [12.537201, 55.73007], [12.539772, 55.723279], [12.540389, 55.721822], [12.540979, 55.720951], [12.541806, 55.719704], [12.545314, 55.714999], [12.545966, 55.713398], [12.546065, 55.713269], [12.54643, 55.712899], [12.546743, 55.712665], [12.547074, 55.712449], [12.547638, 55.712172], [12.54827, 55.711938], [12.548971, 55.711764], [12.549441, 55.711679], [12.550198, 55.711594], [12.55069, 55.71158], [12.551201, 55.711592], [12.55194, 55.71166], [12.552668, 55.711783], [12.553125, 55.711905], [12.553567, 55.712045], [12.555331, 55.712695], [12.557672, 55.713922], [12.559598, 55.715305], [12.560552, 55.715988], [12.561187, 55.716311], [12.561897, 55.716587], [12.562666, 55.716816], [12.563479, 55.716991], [12.564317, 55.717101], [12.565183, 55.717166], [12.566043, 55.717159], [12.567438, 55.717082], [12.57119, 55.717009], [12.572257, 55.717005], [12.57297, 55.716966], [12.573665, 55.716901], [12.574703, 55.716754], [12.575376, 55.716626], [12.57822, 55.715851], [12.578328, 55.715812], [12.582177, 55.714351], [12.585566, 55.71275], [12.586424, 55.712204], [12.587197, 55.711606], [12.587653, 55.711197], [12.588263, 55.710549], [12.588619, 55.710098], [12.588928, 55.70964], [12.589962, 55.70755], [12.590774, 55.705638], [12.590943, 55.70522], [12.591365, 55.703229], [12.592059, 55.697958], [12.592154, 55.697433], [12.592138, 55.696903], [12.592057, 55.696546], [12.59185, 55.69603], [12.59155, 55.695536], [12.591124, 55.695054], [12.590794, 55.694758], [12.590621, 55.69461], [12.587571, 55.692766], [12.587131, 55.692482], [12.583845, 55.690501], [12.581921, 55.689478], [12.580036, 55.688535], [12.57656, 55.686559], [12.574645, 55.685275], [12.572231, 55.683772], [12.571245, 55.683073], [12.570342, 55.682425], [12.566925, 55.679862], [12.563926, 55.678205], [12.563771, 55.678075], [12.563461, 55.677814], [12.563197, 55.677543], [12.562887, 55.677102], [12.562686, 55.67665], [12.562595, 55.676347], [12.562567, 55.676033], [12.562566, 55.675673], [12.562614, 55.67533], [12.562711, 55.674995], [12.562952, 55.674493], [12.563177, 55.674172], [12.56358, 55.673701], [12.563903, 55.673413], [12.564471, 55.673001], [12.564894, 55.672755]]}, "properties": {"shape_id": "2589", "route_id": "24609_109", "route_short_name": "Bx", "agency_id": "318"}}, {"type": "Feature", "geometry": {"type": "LineString", "coordinates": [[12.564894, 55.672755], [12.564471, 55.673001], [12.563903, 55.673413], [12.56358, 55.673701], [12.563177, 55.674172], [12.562952, 55.674493], [12.562711, 55.674995], [12.562614, 55.67533], [12.562566, 55.675673], [12.562567, 55.676033], [12.562595, 55.676347], [12.562686, 55.67665], [12.562887, 55.677102], [12.563197, 55.677543], [12.563461, 55.677814], [12.563771, 55.678075], [12.563926, 55.678205], [12.566925, 55.679862], [12.570342, 55.682425], [12.571245, 55.683073], [12.572231, 55.683772], [12.574645, 55.685275], [12.57656, 55.686559], [12.580036, 55.688535], [12.581921, 55.689478], [12.583845, 55.690501], [12.587131, 55.692482], [12.587571, 55.692766], [12.590621, 55.69461], [12.590794, 55.694758], [12.591124, 55.695054], [12.59155, 55.695536], [12.59185, 55.69603], [12.592057, 55.696546], [12.592138, 55.696903], [12.592154, 55.697433], [12.592059, 55.697958], [12.591365, 55.703229], [12.590943, 55.70522], [12.590774, 55.705638], [12.589962, 55.70755], [12.588928, 55.70964], [12.588619, 55.710098], [12.588263, 55.710549], [12.587653, 55.711197], [12.587197, 55.711606], [12.586424, 55.712204], [12.585566, 55.71275], [12.582177, 55.714351], [12.578328, 55.715812], [12.57822, 55.715851], [12.575376, 55.716626], [12.574703, 55.716754], [12.573665, 55.716901], [12.57297, 55.716966], [12.572257, 55.717005], [12.57119, 55.717009], [12.567438, 55.717082], [12.566043, 55.717159], [12.565183, 55.717166], [12.564317, 55.717101], [12.563479, 55.716991], [12.562666, 55.716816], [12.561897, 55.716587], [12.561187, 55.716311], [12.560552, 55.715988], [12.559598, 55.715305], [12.557672, 55.713922], [12.555331, 55.712695], [12.553567, 55.712045], [12.553125, 55.711905], [12.552668, 55.711783], [12.55194, 55.71166], [12.551201, 55.711592], [12.55069, 55.71158], [12.550198, 55.711594], [12.549441, 55.711679], [12.548971, 55.711764], [12.54827, 55.711938], [12.547638, 55.712172], [12.547074, 55.712449], [12.546743, 55.712665], [12.54643, 55.712899], [12.546065, 55.713269], [12.545966, 55.713398], [12.545314, 55.714999], [12.541806, 55.719704], [12.540979, 55.720951], [12.540389, 55.721822], [12.539772, 55.723279], [12.537201, 55.73007], [12.536369, 55.731973], [12.53584, 55.732644], [12.534626, 55.734199], [12.532754, 55.7357], [12.530756, 55.736864], [12.528857, 55.737719], [12.523897, 55.739453], [12.523325, 55.73964], [12.517038, 55.741691], [12.509628, 55.744187], [12.508465, 55.744553], [12.506172, 55.745283], [12.503094, 55.745983], [12.496966, 55.746787], [12.494562, 55.747179], [12.493977, 55.747241]]}, "properties": {"shape_id": "2590", "route_id": "24609_109", "route_short_name": "Bx", "agency_id": "318"}}, {"type": "Feature", "geometry": {"type": "LineString", "coordinates": [[12.564332, 55.67162], [12.564552, 55.671623], [12.564848, 55.671731], [12.56508, 55.671832], [12.565297, 55.671943], [12.565501, 55.672081], [12.565689, 55.672228], [12.565846, 55.672377], [12.565987, 55.672534], [12.566082, 55.672703], [12.566142, 55.672836], [12.566186, 55.672969], [12.566213, 55.673094], [12.56621, 55.673229], [12.566202, 55.67349], [12.566083, 55.674105], [12.566067, 55.674276], [12.56608, 55.67442], [12.566112, 55.674599], [12.566175, 55.674768], [12.566254, 55.674936], [12.566364, 55.675095], [12.566455, 55.675218], [12.566576, 55.675332], [12.566869, 55.675575], [12.567192, 55.675799], [12.568188, 55.676427], [12.568829, 55.676831], [12.569099, 55.676994], [12.569449, 55.677172], [12.569829, 55.677323], [12.570272, 55.677472], [12.570745, 55.677593], [12.571231, 55.677696], [12.571731, 55.677762], [12.572163, 55.677795], [12.572594, 55.677809], [12.57304, 55.677805], [12.573482, 55.677774], [12.573829, 55.677737], [12.574206, 55.677681], [12.57538, 55.677467], [12.575788, 55.677401], [12.576213, 55.677353], [12.576624, 55.677323], [12.577086, 55.677327], [12.57755, 55.677359], [12.577905, 55.677411], [12.578745, 55.677549], [12.579845, 55.677741], [12.580217, 55.677812], [12.580656, 55.677916], [12.581066, 55.678048], [12.581395, 55.678164], [12.581727, 55.678316], [12.582826, 55.67885], [12.583341, 55.679078], [12.583804, 55.679271], [12.585008, 55.67974], [12.586972, 55.680501], [12.587252, 55.680609], [12.587469, 55.680711], [12.587737, 55.680865], [12.587975, 55.681029], [12.588182, 55.681202], [12.588343, 55.681396], [12.588472, 55.68159], [12.588554, 55.681785], [12.588604, 55.681981], [12.588622, 55.682179], [12.588606, 55.682359], [12.58856, 55.682549], [12.588334, 55.683203], [12.588277, 55.683457], [12.588253, 55.683709], [12.588258, 55.683943], [12.588343, 55.684174], [12.58846, 55.684404], [12.589068, 55.685133], [12.58964, 55.685818], [12.589949, 55.68624], [12.590081, 55.686461], [12.590212, 55.686682], [12.590312, 55.686904], [12.590396, 55.687126], [12.590466, 55.687367], [12.590504, 55.687609], [12.590543, 55.687859], [12.59055, 55.688111], [12.590541, 55.688354], [12.5905, 55.688598], [12.590459, 55.688851], [12.590385, 55.689087], [12.590296, 55.689332], [12.590175, 55.689569], [12.590053, 55.689807], [12.589899, 55.690036], [12.589729, 55.690257], [12.589543, 55.690487], [12.589339, 55.6907], [12.58912, 55.690913], [12.588898, 55.691099], [12.588661, 55.691286], [12.588407, 55.691465], [12.588136, 55.691643], [12.587548, 55.691993], [12.586578, 55.692525], [12.584845, 55.693421], [12.584418, 55.693622], [12.583972, 55.693797], [12.58351, 55.693973], [12.583015, 55.694122], [12.582596, 55.694242], [12.581601, 55.694505], [12.581089, 55.694655], [12.580533, 55.694842], [12.579996, 55.695055], [12.579599, 55.695238], [12.579188, 55.695448], [12.577503, 55.696351], [12.577049, 55.696607], [12.576613, 55.696889], [12.576272, 55.69716], [12.576126, 55.697308], [12.576011, 55.697446], [12.575898, 55.697594], [12.575799, 55.69774], [12.575666, 55.698023], [12.575596, 55.698304], [12.575556, 55.698566], [12.575551, 55.699204], [12.575523, 55.700113], [12.57555, 55.700409], [12.575583, 55.700597], [12.575632, 55.700784], [12.575712, 55.700962], [12.575824, 55.701148], [12.576027, 55.701447], [12.576314, 55.701799], [12.57897, 55.704724], [12.579345, 55.705172], [12.579564, 55.705471], [12.579718, 55.705764], [12.579823, 55.706039], [12.579882, 55.706334], [12.579903, 55.706567], [12.579876, 55.706793], [12.579817, 55.70702], [12.579742, 55.707247], [12.579619, 55.707466], [12.57948, 55.707686], [12.579323, 55.707888], [12.579119, 55.708092], [12.578897, 55.708278], [12.578658, 55.708456], [12.578387, 55.708626], [12.578099, 55.708778], [12.577808, 55.708913], [12.577486, 55.709039], [12.577146, 55.709157], [12.576667, 55.709314], [12.575257, 55.709742], [12.574853, 55.709853], [12.574603, 55.709914], [12.574353, 55.709966], [12.574086, 55.71001], [12.573819, 55.710045], [12.573502, 55.710063], [12.573169, 55.710082], [12.572851, 55.710082], [12.572531, 55.710064], [12.57221, 55.710038], [12.571888, 55.710002], [12.57158, 55.709948], [12.571287, 55.709876], [12.570813, 55.709746], [12.570385, 55.709587], [12.569985, 55.709392], [12.569647, 55.709186], [12.56939, 55.708987], [12.569114, 55.708752], [12.568886, 55.708525], [12.568339, 55.707939], [12.56801, 55.707642], [12.567837, 55.707495], [12.567649, 55.707356], [12.567463, 55.707236], [12.567246, 55.707125], [12.567028, 55.707006], [12.56678, 55.706905], [12.566516, 55.706805], [12.566254, 55.706722], [12.565781, 55.706601], [12.564579, 55.706348], [12.563653, 55.706141], [12.562318, 55.70583], [12.5618, 55.705728], [12.561152, 55.705612], [12.560491, 55.705523], [12.55985, 55.705479], [12.559211, 55.705461], [12.55859, 55.705461], [12.556491, 55.705486], [12.555997, 55.705482], [12.555566, 55.705477], [12.555005, 55.705439], [12.55446, 55.705392], [12.553912, 55.705327], [12.553363, 55.705235], [12.55273, 55.70511], [12.552127, 55.704956], [12.551538, 55.704784], [12.550963, 55.704585], [12.55045, 55.704375], [12.549968, 55.704155], [12.549567, 55.703942], [12.548812, 55.703524], [12.547789, 55.702951], [12.547522, 55.702815], [12.547257, 55.702705], [12.546912, 55.70258], [12.546535, 55.702465], [12.546161, 55.702377], [12.545772, 55.702308], [12.545418, 55.702264], [12.545081, 55.702238], [12.544729, 55.702221], [12.544363, 55.702222], [12.543665, 55.702252], [12.542037, 55.70238], [12.541624, 55.702392], [12.541258, 55.702393], [12.540857, 55.702369], [12.540487, 55.702316], [12.540113, 55.702237], [12.539754, 55.70214], [12.539556, 55.702065], [12.539342, 55.701981], [12.539159, 55.701896], [12.53899, 55.701793], [12.538821, 55.701681], [12.538667, 55.701569], [12.538546, 55.701455], [12.538423, 55.701333], [12.538276, 55.701112], [12.538158, 55.700864], [12.538087, 55.700614], [12.537951, 55.699989], [12.537827, 55.699498], [12.537808, 55.699292], [12.537819, 55.699058], [12.537878, 55.698831], [12.537946, 55.698703], [12.538014, 55.698575], [12.538115, 55.698456], [12.538216, 55.698336], [12.538451, 55.698122], [12.538601, 55.698019], [12.538752, 55.697925], [12.539025, 55.697782], [12.539317, 55.697666], [12.539657, 55.697548], [12.54006, 55.697428], [12.543718, 55.696504], [12.54442, 55.696349], [12.545778, 55.696049], [12.546308, 55.695926], [12.546852, 55.695776], [12.547083, 55.695697], [12.547298, 55.69561], [12.547665, 55.695437], [12.547982, 55.695248], [12.548264, 55.695024], [12.548498, 55.694793], [12.548652, 55.694563], [12.548773, 55.694317], [12.548831, 55.694082], [12.548876, 55.693694], [12.548978, 55.692891], [12.548962, 55.692711], [12.54893, 55.692541], [12.548863, 55.692318], [12.548732, 55.692106], [12.54857, 55.691904], [12.548362, 55.691713], [12.548191, 55.691583], [12.547988, 55.691454], [12.547787, 55.691343], [12.547538, 55.691224], [12.547058, 55.691022], [12.546035, 55.690629], [12.545573, 55.690444], [12.545042, 55.690208], [12.544541, 55.689953], [12.544037, 55.689662], [12.543563, 55.689343], [12.543169, 55.689039], [12.542669, 55.688613], [12.541925, 55.68796], [12.541721, 55.687813], [12.541518, 55.687684], [12.541204, 55.687549], [12.54089, 55.687424], [12.540532, 55.687335], [12.540159, 55.687265], [12.539837, 55.68722], [12.539517, 55.687203], [12.539183, 55.687203], [12.538866, 55.687221], [12.538598, 55.687247], [12.538331, 55.687291], [12.537424, 55.68747], [12.537064, 55.687534], [12.536733, 55.687571], [12.536401, 55.687598], [12.536003, 55.687592], [12.535618, 55.687567], [12.535248, 55.687514], [12.534874, 55.687426], [12.534562, 55.687327], [12.534249, 55.687211], [12.533982, 55.687074], [12.53373, 55.68692], [12.533557, 55.686772], [12.5334, 55.686615], [12.532916, 55.686017], [12.532486, 55.685481], [12.532301, 55.685199], [12.532222, 55.68503], [12.532159, 55.684861], [12.532112, 55.684692], [12.532081, 55.684522], [12.532076, 55.684297], [12.532085, 55.684045], [12.532295, 55.682483], [12.532375, 55.681789], [12.532401, 55.681194]]}, "properties": {"shape_id": "5878", "route_id": "24759_1", "route_short_name": "M3", "agency_id": "319"}}, {"type": "Feature", "geometry": {"type": "LineString", "coordinates": [[12.564332, 55.67162], [12.564552, 55.671623], [12.564848, 55.671731], [12.56508, 55.671832], [12.565297, 55.671943], [12.565501, 55.672081], [12.565689, 55.672228], [12.565846, 55.672377], [12.565987, 55.672534], [12.566082, 55.672703], [12.566142, 55.672836], [12.566186, 55.672969], [12.566213, 55.673094], [12.56621, 55.673229], [12.566202, 55.67349], [12.566083, 55.674105], [12.566067, 55.674276], [12.56608, 55.67442], [12.566112, 55.674599], [12.566175, 55.674768], [12.566254, 55.674936], [12.566364, 55.675095], [12.566455, 55.675218], [12.566576, 55.675332], [12.566869, 55.675575], [12.567192, 55.675799], [12.568188, 55.676427], [12.568829, 55.676831], [12.569099, 55.676994], [12.569449, 55.677172], [12.569829, 55.677323], [12.570272, 55.677472], [12.570745, 55.677593], [12.571231, 55.677696], [12.571731, 55.677762], [12.572163, 55.677795], [12.572594, 55.677809], [12.57304, 55.677805], [12.573482, 55.677774], [12.573829, 55.677737], [12.574206, 55.677681], [12.57538, 55.677467], [12.575788, 55.677401], [12.576213, 55.677353], [12.576624, 55.677323], [12.577086, 55.677327], [12.57755, 55.677359], [12.577905, 55.677411], [12.578745, 55.677549], [12.579845, 55.677741], [12.580217, 55.677812], [12.580656, 55.677916], [12.581066, 55.678048], [12.581395, 55.678164], [12.581727, 55.678316], [12.582826, 55.67885], [12.583341, 55.679078], [12.583804, 55.679271], [12.585008, 55.67974], [12.586972, 55.680501], [12.587252, 55.680609], [12.587469, 55.680711], [12.587737, 55.680865], [12.587975, 55.681029], [12.588182, 55.681202], [12.588343, 55.681396], [12.588472, 55.68159], [12.588554, 55.681785], [12.588604, 55.681981], [12.588622, 55.682179], [12.588606, 55.682359], [12.58856, 55.682549], [12.588334, 55.683203], [12.588277, 55.683457], [12.588253, 55.683709], [12.588258, 55.683943], [12.588343, 55.684174], [12.58846, 55.684404], [12.589068, 55.685133], [12.58964, 55.685818], [12.589949, 55.68624], [12.590081, 55.686461], [12.590212, 55.686682], [12.590312, 55.686904], [12.590396, 55.687126], [12.590466, 55.687367], [12.590504, 55.687609], [12.590543, 55.687859], [12.59055, 55.688111], [12.590541, 55.688354], [12.5905, 55.688598], [12.590459, 55.688851], [12.590385, 55.689087], [12.590296, 55.689332], [12.590175, 55.689569], [12.590053, 55.689807], [12.589899, 55.690036], [12.589729, 55.690257], [12.589543, 55.690487], [12.589339, 55.6907], [12.58912, 55.690913], [12.588898, 55.691099], [12.588661, 55.691286], [12.588407, 55.691465], [12.588136, 55.691643], [12.587548, 55.691993], [12.586578, 55.692525], [12.584845, 55.693421], [12.584418, 55.693622], [12.583972, 55.693797], [12.58351, 55.693973], [12.583015, 55.694122], [12.582596, 55.694242], [12.581601, 55.694505], [12.581089, 55.694655], [12.580533, 55.694842], [12.579996, 55.695055], [12.579599, 55.695238], [12.579188, 55.695448], [12.577503, 55.696351], [12.577049, 55.696607], [12.576613, 55.696889], [12.576272, 55.69716], [12.576126, 55.697308], [12.576011, 55.697446], [12.575898, 55.697594], [12.575799, 55.69774], [12.575666, 55.698023], [12.575596, 55.698304], [12.575556, 55.698566], [12.575551, 55.699204], [12.575523, 55.700113], [12.57555, 55.700409], [12.575583, 55.700597], [12.575632, 55.700784], [12.575712, 55.700962], [12.575824, 55.701148], [12.576027, 55.701447], [12.576314, 55.701799], [12.57897, 55.704724], [12.579345, 55.705172], [12.579564, 55.705471], [12.579718, 55.705764], [12.579823, 55.706039], [12.579882, 55.706334], [12.579903, 55.706567], [12.579876, 55.706793], [12.579817, 55.70702], [12.579742, 55.707247], [12.579619, 55.707466], [12.57948, 55.707686], [12.579323, 55.707888], [12.579119, 55.708092], [12.578897, 55.708278], [12.578658, 55.708456], [12.578387, 55.708626], [12.578099, 55.708778], [12.577808, 55.708913], [12.577486, 55.709039], [12.577146, 55.709157], [12.576667, 55.709314], [12.575257, 55.709742], [12.574853, 55.709853], [12.574603, 55.709914], [12.574353, 55.709966], [12.574086, 55.71001], [12.573819, 55.710045], [12.573502, 55.710063], [12.573169, 55.710082], [12.572851, 55.710082], [12.572531, 55.710064], [12.57221, 55.710038], [12.571888, 55.710002], [12.57158, 55.709948], [12.571287, 55.709876], [12.570813, 55.709746], [12.570385, 55.709587], [12.569985, 55.709392], [12.569647, 55.709186], [12.56939, 55.708987], [12.569114, 55.708752], [12.568886, 55.708525], [12.568339, 55.707939], [12.56801, 55.707642], [12.567837, 55.707495], [12.567649, 55.707356], [12.567463, 55.707236], [12.567246, 55.707125], [12.567028, 55.707006], [12.56678, 55.706905], [12.566516, 55.706805], [12.566254, 55.706722], [12.565781, 55.706601], [12.564579, 55.706348], [12.563653, 55.706141], [12.562318, 55.70583], [12.5618, 55.705728], [12.561152, 55.705612], [12.560491, 55.705523], [12.55985, 55.705479], [12.559211, 55.705461], [12.55859, 55.705461], [12.556491, 55.705486], [12.555997, 55.705482], [12.555566, 55.705477], [12.555005, 55.705439], [12.55446, 55.705392], [12.553912, 55.705327], [12.553363, 55.705235], [12.55273, 55.70511], [12.552127, 55.704956], [12.551538, 55.704784], [12.550963, 55.704585], [12.55045, 55.704375], [12.549968, 55.704155], [12.549567, 55.703942], [12.548812, 55.703524], [12.547789, 55.702951], [12.547522, 55.702815], [12.547257, 55.702705], [12.546912, 55.70258], [12.546535, 55.702465], [12.546161, 55.702377], [12.545772, 55.702308], [12.545418, 55.702264], [12.545081, 55.702238], [12.544729, 55.702221], [12.544363, 55.702222], [12.543665, 55.702252], [12.542037, 55.70238], [12.541624, 55.702392], [12.541258, 55.702393], [12.540857, 55.702369], [12.540487, 55.702316], [12.540113, 55.702237], [12.539754, 55.70214], [12.539556, 55.702065], [12.539342, 55.701981], [12.539159, 55.701896], [12.53899, 55.701793], [12.538821, 55.701681], [12.538667, 55.701569], [12.538546, 55.701455], [12.538423, 55.701333], [12.538276, 55.701112], [12.538158, 55.700864], [12.538087, 55.700614], [12.537951, 55.699989]]}, "properties": {"shape_id": "5879", "route_id": "24759_1", "route_short_name": "M3", "agency_id": "319"}}, {"type": "Feature", "geometry": {"type": "LineString", "coordinates": [[12.564332, 55.67162], [12.564552, 55.671623], [12.564848, 55.671731], [12.56508, 55.671832], [12.565297, 55.671943], [12.565501, 55.672081], [12.565689, 55.672228], [12.565846, 55.672377], [12.565987, 55.672534], [12.566082, 55.672703], [12.566142, 55.672836], [12.566186, 55.672969], [12.566213, 55.673094], [12.56621, 55.673229], [12.566202, 55.67349], [12.566083, 55.674105], [12.566067, 55.674276], [12.56608, 55.67442], [12.566112, 55.674599], [12.566175, 55.674768], [12.566254, 55.674936], [12.566364, 55.675095], [12.566455, 55.675218], [12.566576, 55.675332], [12.566869, 55.675575], [12.567192, 55.675799], [12.568188, 55.676427], [12.568829, 55.676831], [12.569099, 55.676994], [12.569449, 55.677172], [12.569829, 55.677323], [12.570272, 55.677472], [12.570745, 55.677593], [12.571231, 55.677696], [12.571731, 55.677762], [12.572163, 55.677795], [12.572594, 55.677809], [12.57304, 55.677805], [12.573482, 55.677774], [12.573829, 55.677737], [12.574206, 55.677681], [12.57538, 55.677467], [12.575788, 55.677401], [12.576213, 55.677353], [12.576624, 55.677323], [12.577086, 55.677327], [12.57755, 55.677359], [12.577905, 55.677411], [12.578745, 55.677549], [12.579845, 55.677741], [12.580217, 55.677812], [12.580656, 55.677916], [12.581066, 55.678048], [12.581395, 55.678164], [12.581727, 55.678316], [12.582826, 55.67885], [12.583341, 55.679078], [12.583804, 55.679271], [12.585008, 55.67974], [12.586972, 55.680501], [12.587252, 55.680609], [12.587469, 55.680711], [12.587737, 55.680865], [12.587975, 55.681029], [12.588182, 55.681202], [12.588343, 55.681396], [12.588472, 55.68159], [12.588554, 55.681785], [12.588604, 55.681981], [12.588622, 55.682179], [12.588606, 55.682359], [12.58856, 55.682549], [12.588334, 55.683203], [12.588277, 55.683457], [12.588253, 55.683709], [12.588258, 55.683943], [12.588343, 55.684174], [12.58846, 55.684404], [12.589068, 55.685133], [12.58964, 55.685818], [12.589949, 55.68624], [12.590081, 55.686461], [12.590212, 55.686682], [12.590312, 55.686904], [12.590396, 55.687126], [12.590466, 55.687367], [12.590504, 55.687609], [12.590543, 55.687859], [12.59055, 55.688111], [12.590541, 55.688354], [12.5905, 55.688598], [12.590459, 55.688851], [12.590385, 55.689087], [12.590296, 55.689332], [12.590175, 55.689569], [12.590053, 55.689807], [12.589899, 55.690036], [12.589729, 55.690257], [12.589543, 55.690487], [12.589339, 55.6907], [12.58912, 55.690913], [12.588898, 55.691099], [12.588661, 55.691286], [12.588407, 55.691465], [12.588136, 55.691643], [12.587548, 55.691993], [12.586578, 55.692525]]}, "properties": {"shape_id": "5880", "route_id": "24759_1", "route_short_name": "M3", "agency_id": "319"}}, {"type": "Feature", "geometry": {"type": "LineString", "coordinates": [[12.564332, 55.67162], [12.564552, 55.671623], [12.564848, 55.671731], [12.56508, 55.671832], [12.565297, 55.671943], [12.565501, 55.672081], [12.565689, 55.672228], [12.565846, 55.672377], [12.565987, 55.672534], [12.566082, 55.672703], [12.566142, 55.672836], [12.566186, 55.672969], [12.566213, 55.673094], [12.56621, 55.673229], [12.566202, 55.67349], [12.566083, 55.674105], [12.566067, 55.674276], [12.56608, 55.67442], [12.566112, 55.674599], [12.566175, 55.674768], [12.566254, 55.674936], [12.566364, 55.675095], [12.566455, 55.675218], [12.566576, 55.675332], [12.566869, 55.675575], [12.567192, 55.675799], [12.568188, 55.676427], [12.568829, 55.676831], [12.569099, 55.676994], [12.569449, 55.677172], [12.569829, 55.677323], [12.570272, 55.677472], [12.570745, 55.677593], [12.571231, 55.677696], [12.571731, 55.677762], [12.572163, 55.677795], [12.572594, 55.677809], [12.57304, 55.677805], [12.573482, 55.677774], [12.573829, 55.677737], [12.574206, 55.677681], [12.57538, 55.677467], [12.575788, 55.677401], [12.576213, 55.677353], [12.576624, 55.677323], [12.577086, 55.677327], [12.57755, 55.677359], [12.577905, 55.677411], [12.578745, 55.677549], [12.579845, 55.677741], [12.580217, 55.677812], [12.580656, 55.677916], [12.581066, 55.678048], [12.581395, 55.678164], [12.581727, 55.678316], [12.582826, 55.67885], [12.583341, 55.679078], [12.583804, 55.679271], [12.585008, 55.67974]]}, "properties": {"shape_id": "5881", "route_id": "24759_1", "route_short_name": "M3", "agency_id": "319"}}, {"type": "Feature", "geometry": {"type": "LineString", "coordinates": [[12.532401, 55.681194], [12.532442, 55.67989], [12.532479, 55.679592], [12.53255, 55.67932], [12.532681, 55.679001], [12.532859, 55.678682], [12.533086, 55.678378], [12.533362, 55.678092], [12.533613, 55.677869], [12.533897, 55.677672], [12.534198, 55.677474], [12.534516, 55.677294], [12.534821, 55.67715], [12.535157, 55.676997], [12.536493, 55.676455], [12.537059, 55.676205], [12.537394, 55.676042], [12.537713, 55.675871], [12.538047, 55.675691], [12.538349, 55.675511], [12.538663, 55.675295], [12.538962, 55.67508], [12.53926, 55.674855], [12.53951, 55.674632], [12.539746, 55.674419], [12.539979, 55.674187], [12.540513, 55.673578], [12.541003, 55.673016], [12.541161, 55.672822], [12.541229, 55.672694], [12.54128, 55.672558], [12.541332, 55.672431], [12.541351, 55.672286], [12.541355, 55.67216], [12.541359, 55.672025], [12.541286, 55.671749], [12.541166, 55.671473], [12.540839, 55.670844], [12.540699, 55.670534], [12.540591, 55.670213], [12.540532, 55.669918], [12.540532, 55.669738], [12.540563, 55.669558], [12.540595, 55.669386], [12.540658, 55.669204], [12.540738, 55.669031], [12.540851, 55.668866], [12.540979, 55.6687], [12.541123, 55.668534], [12.541328, 55.66834], [12.541551, 55.668162], [12.541822, 55.667993], [12.542109, 55.667832], [12.542415, 55.667688], [12.542737, 55.667562], [12.543092, 55.667443], [12.543434, 55.667353], [12.543793, 55.667279], [12.544169, 55.667215], [12.544548, 55.667177], [12.544927, 55.667148], [12.54526, 55.667138], [12.545611, 55.667146], [12.546683, 55.667214], [12.549036, 55.66737], [12.549755, 55.667404], [12.550137, 55.667411], [12.550535, 55.667408], [12.552057, 55.667355], [12.552391, 55.667354], [12.55271, 55.667363], [12.553142, 55.667395], [12.553545, 55.667447], [12.553933, 55.667516], [12.554322, 55.667595], [12.554747, 55.667718], [12.557045, 55.668676], [12.557913, 55.669118], [12.557928, 55.669109], [12.557945, 55.669126], [12.557962, 55.669135], [12.557978, 55.669143], [12.558426, 55.669346], [12.559288, 55.669726], [12.560148, 55.670088], [12.560691, 55.670288], [12.561284, 55.670504], [12.564552, 55.671623], [12.564332, 55.67162]]}, "properties": {"shape_id": "5882", "route_id": "24759_1", "route_short_name": "M3", "agency_id": "319"}}, {"type": "Feature", "geometry": {"type": "LineString", "coordinates": [[12.537951, 55.699989], [12.537827, 55.699498], [12.537808, 55.699292], [12.537819, 55.699058], [12.537878, 55.698831], [12.537946, 55.698703], [12.538014, 55.698575], [12.538115, 55.698456], [12.538216, 55.698336], [12.538451, 55.698122], [12.538601, 55.698019], [12.538752, 55.697925], [12.539025, 55.697782], [12.539317, 55.697666], [12.539657, 55.697548], [12.54006, 55.697428], [12.543718, 55.696504], [12.54442, 55.696349], [12.545778, 55.696049], [12.546308, 55.695926], [12.546852, 55.695776], [12.547083, 55.695697], [12.547298, 55.69561], [12.547665, 55.695437], [12.547982, 55.695248], [12.548264, 55.695024], [12.548498, 55.694793], [12.548652, 55.694563], [12.548773, 55.694317], [12.548831, 55.694082], [12.548876, 55.693694], [12.548978, 55.692891], [12.548962, 55.692711], [12.54893, 55.692541], [12.548863, 55.692318], [12.548732, 55.692106], [12.54857, 55.691904], [12.548362, 55.691713], [12.548191, 55.691583], [12.547988, 55.691454], [12.547787, 55.691343], [12.547538, 55.691224], [12.547058, 55.691022], [12.546035, 55.690629], [12.545573, 55.690444], [12.545042, 55.690208], [12.544541, 55.689953], [12.544037, 55.689662], [12.543563, 55.689343], [12.543169, 55.689039], [12.542669, 55.688613], [12.541925, 55.68796], [12.541721, 55.687813], [12.541518, 55.687684], [12.541204, 55.687549], [12.54089, 55.687424], [12.540532, 55.687335], [12.540159, 55.687265], [12.539837, 55.68722], [12.539517, 55.687203], [12.539183, 55.687203], [12.538866, 55.687221], [12.538598, 55.687247], [12.538331, 55.687291], [12.537424, 55.68747], [12.537064, 55.687534], [12.536733, 55.687571], [12.536401, 55.687598], [12.536003, 55.687592], [12.535618, 55.687567], [12.535248, 55.687514], [12.534874, 55.687426], [12.534562, 55.687327], [12.534249, 55.687211], [12.533982, 55.687074], [12.53373, 55.68692], [12.533557, 55.686772], [12.5334, 55.686615], [12.532916, 55.686017], [12.532486, 55.685481], [12.532301, 55.685199], [12.532222, 55.68503], [12.532159, 55.684861], [12.532112, 55.684692], [12.532081, 55.684522], [12.532076, 55.684297], [12.532085, 55.684045], [12.532295, 55.682483], [12.532375, 55.681789], [12.532401, 55.681194], [12.532442, 55.67989], [12.532479, 55.679592], [12.53255, 55.67932], [12.532681, 55.679001], [12.532859, 55.678682], [12.533086, 55.678378], [12.533362, 55.678092], [12.533613, 55.677869], [12.533897, 55.677672], [12.534198, 55.677474], [12.534516, 55.677294], [12.534821, 55.67715], [12.535157, 55.676997], [12.536493, 55.676455], [12.537059, 55.676205], [12.537394, 55.676042], [12.537713, 55.675871], [12.538047, 55.675691], [12.538349, 55.675511], [12.538663, 55.675295], [12.538962, 55.67508], [12.53926, 55.674855], [12.53951, 55.674632], [12.539746, 55.674419], [12.539979, 55.674187], [12.540513, 55.673578], [12.541003, 55.673016], [12.541161, 55.672822], [12.541229, 55.672694], [12.54128, 55.672558], [12.541332, 55.672431], [12.541351, 55.672286], [12.541355, 55.67216], [12.541359, 55.672025], [12.541286, 55.671749], [12.541166, 55.671473], [12.540839, 55.670844], [12.540699, 55.670534], [12.540591, 55.670213], [12.540532, 55.669918], [12.540532, 55.669738], [12.540563, 55.669558], [12.540595, 55.669386], [12.540658, 55.669204], [12.540738, 55.669031], [12.540851, 55.668866], [12.540979, 55.6687], [12.541123, 55.668534], [12.541328, 55.66834], [12.541551, 55.668162], [12.541822, 55.667993], [12.542109, 55.667832], [12.542415, 55.667688], [12.542737, 55.667562], [12.543092, 55.667443], [12.543434, 55.667353], [12.543793, 55.667279], [12.544169, 55.667215], [12.544548, 55.667177], [12.544927, 55.667148], [12.54526, 55.667138], [12.545611, 55.667146], [12.546683, 55.667214], [12.549036, 55.66737], [12.549755, 55.667404], [12.550137, 55.667411], [12.550535, 55.667408], [12.552057, 55.667355], [12.552391, 55.667354], [12.55271, 55.667363], [12.553142, 55.667395], [12.553545, 55.667447], [12.553933, 55.667516], [12.554322, 55.667595], [12.554747, 55.667718], [12.557045, 55.668676], [12.557913, 55.669118], [12.557928, 55.669109], [12.557945, 55.669126], [12.557962, 55.669135], [12.557978, 55.669143], [12.558426, 55.669346], [12.559288, 55.669726], [12.560148, 55.670088], [12.560691, 55.670288], [12.561284, 55.670504], [12.564552, 55.671623], [12.564332, 55.67162]]}, "properties": {"shape_id": "5883", "route_id": "24759_1", "route_short_name": "M3", "agency_id": "319"}}, {"type": "Feature", "geometry": {"type": "LineString", "coordinates": [[12.586578, 55.692525], [12.584845, 55.693421], [12.584418, 55.693622], [12.583972, 55.693797], [12.58351, 55.693973], [12.583015, 55.694122], [12.582596, 55.694242], [12.581601, 55.694505], [12.581089, 55.694655], [12.580533, 55.694842], [12.579996, 55.695055], [12.579599, 55.695238], [12.579188, 55.695448], [12.577503, 55.696351], [12.577049, 55.696607], [12.576613, 55.696889], [12.576272, 55.69716], [12.576126, 55.697308], [12.576011, 55.697446], [12.575898, 55.697594], [12.575799, 55.69774], [12.575666, 55.698023], [12.575596, 55.698304], [12.575556, 55.698566], [12.575551, 55.699204], [12.575523, 55.700113], [12.57555, 55.700409], [12.575583, 55.700597], [12.575632, 55.700784], [12.575712, 55.700962], [12.575824, 55.701148], [12.576027, 55.701447], [12.576314, 55.701799], [12.57897, 55.704724], [12.579345, 55.705172], [12.579564, 55.705471], [12.579718, 55.705764], [12.579823, 55.706039], [12.579882, 55.706334], [12.579903, 55.706567], [12.579876, 55.706793], [12.579817, 55.70702], [12.579742, 55.707247], [12.579619, 55.707466], [12.57948, 55.707686], [12.579323, 55.707888], [12.579119, 55.708092], [12.578897, 55.708278], [12.578658, 55.708456], [12.578387, 55.708626], [12.578099, 55.708778], [12.577808, 55.708913], [12.577486, 55.709039], [12.577146, 55.709157], [12.576667, 55.709314], [12.575257, 55.709742], [12.574853, 55.709853], [12.574603, 55.709914], [12.574353, 55.709966], [12.574086, 55.71001], [12.573819, 55.710045], [12.573502, 55.710063], [12.573169, 55.710082], [12.572851, 55.710082], [12.572531, 55.710064], [12.57221, 55.710038], [12.571888, 55.710002], [12.57158, 55.709948], [12.571287, 55.709876], [12.570813, 55.709746], [12.570385, 55.709587], [12.569985, 55.709392], [12.569647, 55.709186], [12.56939, 55.708987], [12.569114, 55.708752], [12.568886, 55.708525], [12.568339, 55.707939], [12.56801, 55.707642], [12.567837, 55.707495], [12.567649, 55.707356], [12.567463, 55.707236], [12.567246, 55.707125], [12.567028, 55.707006], [12.56678, 55.706905], [12.566516, 55.706805], [12.566254, 55.706722], [12.565781, 55.706601], [12.564579, 55.706348], [12.563653, 55.706141], [12.562318, 55.70583], [12.5618, 55.705728], [12.561152, 55.705612], [12.560491, 55.705523], [12.55985, 55.705479], [12.559211, 55.705461], [12.55859, 55.705461], [12.556491, 55.705486], [12.555997, 55.705482], [12.555566, 55.705477], [12.555005, 55.705439], [12.55446, 55.705392], [12.553912, 55.705327], [12.553363, 55.705235], [12.55273, 55.70511], [12.552127, 55.704956], [12.551538, 55.704784], [12.550963, 55.704585], [12.55045, 55.704375], [12.549968, 55.704155], [12.549567, 55.703942], [12.548812, 55.703524], [12.547789, 55.702951], [12.547522, 55.702815], [12.547257, 55.702705], [12.546912, 55.70258], [12.546535, 55.702465], [12.546161, 55.702377], [12.545772, 55.702308], [12.545418, 55.702264], [12.545081, 55.702238], [12.544729, 55.702221], [12.544363, 55.702222], [12.543665, 55.702252], [12.542037, 55.70238], [12.541624, 55.702392], [12.541258, 55.702393], [12.540857, 55.702369], [12.540487, 55.702316], [12.540113, 55.702237], [12.539754, 55.70214], [12.539556, 55.702065], [12.539342, 55.701981], [12.539159, 55.701896], [12.53899, 55.701793], [12.538821, 55.701681], [12.538667, 55.701569], [12.538546, 55.701455], [12.538423, 55.701333], [12.538276, 55.701112], [12.538158, 55.700864], [12.538087, 55.700614], [12.537951, 55.699989], [12.537827, 55.699498], [12.537808, 55.699292], [12.537819, 55.699058], [12.537878, 55.698831], [12.537946, 55.698703], [12.538014, 55.698575], [12.538115, 55.698456], [12.538216, 55.698336], [12.538451, 55.698122], [12.538601, 55.698019], [12.538752, 55.697925], [12.539025, 55.697782], [12.539317, 55.697666], [12.539657, 55.697548], [12.54006, 55.697428], [12.543718, 55.696504], [12.54442, 55.696349], [12.545778, 55.696049], [12.546308, 55.695926], [12.546852, 55.695776], [12.547083, 55.695697], [12.547298, 55.69561], [12.547665, 55.695437], [12.547982, 55.695248], [12.548264, 55.695024], [12.548498, 55.694793], [12.548652, 55.694563], [12.548773, 55.694317], [12.548831, 55.694082], [12.548876, 55.693694], [12.548978, 55.692891], [12.548962, 55.692711], [12.54893, 55.692541], [12.548863, 55.692318], [12.548732, 55.692106], [12.54857, 55.691904], [12.548362, 55.691713], [12.548191, 55.691583], [12.547988, 55.691454], [12.547787, 55.691343], [12.547538, 55.691224], [12.547058, 55.691022], [12.546035, 55.690629], [12.545573, 55.690444], [12.545042, 55.690208], [12.544541, 55.689953], [12.544037, 55.689662], [12.543563, 55.689343], [12.543169, 55.689039], [12.542669, 55.688613], [12.541925, 55.68796], [12.541721, 55.687813], [12.541518, 55.687684], [12.541204, 55.687549], [12.54089, 55.687424], [12.540532, 55.687335], [12.540159, 55.687265], [12.539837, 55.68722], [12.539517, 55.687203], [12.539183, 55.687203], [12.538866, 55.687221], [12.538598, 55.687247], [12.538331, 55.687291], [12.537424, 55.68747], [12.537064, 55.687534], [12.536733, 55.687571], [12.536401, 55.687598], [12.536003, 55.687592], [12.535618, 55.687567], [12.535248, 55.687514], [12.534874, 55.687426], [12.534562, 55.687327], [12.534249, 55.687211], [12.533982, 55.687074], [12.53373, 55.68692], [12.533557, 55.686772], [12.5334, 55.686615], [12.532916, 55.686017], [12.532486, 55.685481], [12.532301, 55.685199], [12.532222, 55.68503], [12.532159, 55.684861], [12.532112, 55.684692], [12.532081, 55.684522], [12.532076, 55.684297], [12.532085, 55.684045], [12.532295, 55.682483], [12.532375, 55.681789], [12.532401, 55.681194], [12.532442, 55.67989], [12.532479, 55.679592], [12.53255, 55.67932], [12.532681, 55.679001], [12.532859, 55.678682], [12.533086, 55.678378], [12.533362, 55.678092], [12.533613, 55.677869], [12.533897, 55.677672], [12.534198, 55.677474], [12.534516, 55.677294], [12.534821, 55.67715], [12.535157, 55.676997], [12.536493, 55.676455], [12.537059, 55.676205], [12.537394, 55.676042], [12.537713, 55.675871], [12.538047, 55.675691], [12.538349, 55.675511], [12.538663, 55.675295], [12.538962, 55.67508], [12.53926, 55.674855], [12.53951, 55.674632], [12.539746, 55.674419], [12.539979, 55.674187], [12.540513, 55.673578], [12.541003, 55.673016], [12.541161, 55.672822], [12.541229, 55.672694], [12.54128, 55.672558], [12.541332, 55.672431], [12.541351, 55.672286], [12.541355, 55.67216], [12.541359, 55.672025], [12.541286, 55.671749], [12.541166, 55.671473], [12.540839, 55.670844], [12.540699, 55.670534], [12.540591, 55.670213], [12.540532, 55.669918], [12.540532, 55.669738], [12.540563, 55.669558], [12.540595, 55.669386], [12.540658, 55.669204], [12.540738, 55.669031], [12.540851, 55.668866], [12.540979, 55.6687], [12.541123, 55.668534], [12.541328, 55.66834], [12.541551, 55.668162], [12.541822, 55.667993], [12.542109, 55.667832], [12.542415, 55.667688], [12.542737, 55.667562], [12.543092, 55.667443], [12.543434, 55.667353], [12.543793, 55.667279], [12.544169, 55.667215], [12.544548, 55.667177], [12.544927, 55.667148], [12.54526, 55.667138], [12.545611, 55.667146], [12.546683, 55.667214], [12.549036, 55.66737], [12.549755, 55.667404], [12.550137, 55.667411], [12.550535, 55.667408], [12.552057, 55.667355], [12.552391, 55.667354], [12.55271, 55.667363], [12.553142, 55.667395], [12.553545, 55.667447], [12.553933, 55.667516], [12.554322, 55.667595], [12.554747, 55.667718], [12.557045, 55.668676], [12.557913, 55.669118], [12.557928, 55.669109], [12.557945, 55.669126], [12.557962, 55.669135], [12.557978, 55.669143], [12.558426, 55.669346], [12.559288, 55.669726], [12.560148, 55.670088], [12.560691, 55.670288], [12.561284, 55.670504], [12.564552, 55.671623], [12.564332, 55.67162]]}, "properties": {"shape_id": "5884", "route_id": "24759_1", "route_short_name": "M3", "agency_id": "319"}}, {"type": "Feature", "geometry": {"type": "LineString", "coordinates": [[12.564332, 55.67162], [12.564552, 55.671623], [12.564848, 55.671731], [12.56508, 55.671832], [12.565297, 55.671943], [12.565501, 55.672081], [12.565689, 55.672228], [12.565846, 55.672377], [12.565987, 55.672534], [12.566082, 55.672703], [12.566142, 55.672836], [12.566186, 55.672969], [12.566213, 55.673094], [12.56621, 55.673229], [12.566202, 55.67349], [12.566083, 55.674105], [12.566067, 55.674276], [12.56608, 55.67442], [12.566112, 55.674599], [12.566175, 55.674768], [12.566254, 55.674936], [12.566364, 55.675095], [12.566455, 55.675218], [12.566576, 55.675332], [12.566869, 55.675575], [12.567192, 55.675799], [12.568188, 55.676427], [12.568829, 55.676831], [12.569099, 55.676994], [12.569449, 55.677172], [12.569829, 55.677323], [12.570272, 55.677472], [12.570745, 55.677593], [12.571231, 55.677696], [12.571731, 55.677762], [12.572163, 55.677795], [12.572594, 55.677809], [12.57304, 55.677805], [12.573482, 55.677774], [12.573829, 55.677737], [12.574206, 55.677681], [12.57538, 55.677467], [12.575788, 55.677401], [12.576213, 55.677353], [12.576624, 55.677323], [12.577086, 55.677327], [12.57755, 55.677359], [12.577905, 55.677411], [12.578745, 55.677549], [12.579845, 55.677741], [12.580217, 55.677812], [12.580656, 55.677916], [12.581066, 55.678048], [12.581395, 55.678164], [12.581727, 55.678316], [12.582826, 55.67885], [12.583341, 55.679078], [12.583804, 55.679271], [12.585008, 55.67974], [12.586972, 55.680501], [12.587252, 55.680609], [12.587469, 55.680711], [12.587737, 55.680865], [12.587975, 55.681029], [12.588182, 55.681202], [12.588343, 55.681396], [12.588472, 55.68159], [12.588554, 55.681785], [12.588604, 55.681981], [12.588622, 55.682179], [12.588606, 55.682359], [12.58856, 55.682549], [12.588334, 55.683203], [12.588277, 55.683457], [12.588253, 55.683709], [12.588258, 55.683943], [12.588343, 55.684174], [12.58846, 55.684404], [12.589068, 55.685133], [12.58964, 55.685818], [12.589949, 55.68624], [12.590081, 55.686461], [12.590212, 55.686682], [12.590312, 55.686904], [12.590396, 55.687126], [12.590466, 55.687367], [12.590504, 55.687609], [12.590543, 55.687859], [12.59055, 55.688111], [12.590541, 55.688354], [12.5905, 55.688598], [12.590459, 55.688851], [12.590385, 55.689087], [12.590296, 55.689332], [12.590175, 55.689569], [12.590053, 55.689807], [12.589899, 55.690036], [12.589729, 55.690257], [12.589543, 55.690487], [12.589339, 55.6907], [12.58912, 55.690913], [12.588898, 55.691099], [12.588661, 55.691286], [12.588407, 55.691465], [12.588136, 55.691643], [12.587548, 55.691993], [12.586578, 55.692525], [12.584845, 55.693421], [12.584418, 55.693622], [12.583972, 55.693797], [12.58351, 55.693973], [12.583015, 55.694122], [12.582596, 55.694242], [12.581601, 55.694505], [12.581089, 55.694655], [12.580533, 55.694842], [12.579996, 55.695055], [12.579599, 55.695238], [12.579188, 55.695448], [12.577503, 55.696351], [12.577049, 55.696607], [12.576613, 55.696889], [12.576272, 55.69716], [12.576126, 55.697308], [12.576011, 55.697446], [12.575898, 55.697594], [12.575799, 55.69774], [12.575666, 55.698023], [12.575596, 55.698304], [12.575556, 55.698566], [12.575551, 55.699204], [12.575523, 55.700113], [12.57555, 55.700409], [12.575583, 55.700597], [12.575632, 55.700784], [12.575712, 55.700962], [12.575824, 55.701148], [12.576027, 55.701447], [12.576314, 55.701799], [12.57897, 55.704724], [12.579345, 55.705172], [12.579564, 55.705471], [12.579718, 55.705764], [12.579823, 55.706039], [12.579882, 55.706334], [12.579903, 55.706567], [12.579876, 55.706793], [12.579817, 55.70702], [12.579742, 55.707247], [12.579619, 55.707466], [12.57948, 55.707686], [12.579323, 55.707888], [12.579119, 55.708092], [12.578897, 55.708278], [12.578658, 55.708456], [12.578387, 55.708626], [12.578099, 55.708778], [12.577808, 55.708913], [12.577486, 55.709039], [12.577146, 55.709157], [12.576667, 55.709314], [12.575257, 55.709742], [12.574853, 55.709853], [12.574603, 55.709914], [12.574353, 55.709966], [12.574086, 55.71001], [12.573819, 55.710045], [12.573502, 55.710063], [12.573169, 55.710082], [12.572851, 55.710082], [12.572531, 55.710064], [12.57221, 55.710038], [12.571888, 55.710002], [12.57158, 55.709948], [12.571287, 55.709876], [12.570813, 55.709746], [12.570385, 55.709587], [12.569985, 55.709392], [12.569647, 55.709186], [12.56939, 55.708987], [12.569114, 55.708752], [12.568886, 55.708525], [12.568339, 55.707939], [12.56801, 55.707642], [12.567837, 55.707495], [12.567649, 55.707356], [12.567463, 55.707236], [12.567246, 55.707125], [12.567028, 55.707006], [12.56678, 55.706905], [12.566516, 55.706805], [12.566254, 55.706722], [12.565781, 55.706601], [12.564579, 55.706348], [12.563653, 55.706141], [12.562318, 55.70583], [12.5618, 55.705728], [12.561152, 55.705612], [12.560491, 55.705523], [12.55985, 55.705479], [12.559211, 55.705461], [12.55859, 55.705461], [12.556491, 55.705486], [12.555997, 55.705482], [12.555566, 55.705477], [12.555005, 55.705439], [12.55446, 55.705392], [12.553912, 55.705327], [12.553363, 55.705235], [12.55273, 55.70511], [12.552127, 55.704956], [12.551538, 55.704784], [12.550963, 55.704585], [12.55045, 55.704375], [12.549968, 55.704155], [12.549567, 55.703942], [12.548812, 55.703524], [12.547789, 55.702951], [12.547522, 55.702815], [12.547257, 55.702705], [12.546912, 55.70258], [12.546535, 55.702465], [12.546161, 55.702377], [12.545772, 55.702308], [12.545418, 55.702264], [12.545081, 55.702238], [12.544729, 55.702221], [12.544363, 55.702222], [12.543665, 55.702252], [12.542037, 55.70238], [12.541624, 55.702392], [12.541258, 55.702393], [12.540857, 55.702369], [12.540487, 55.702316], [12.540113, 55.702237], [12.539754, 55.70214], [12.539556, 55.702065], [12.539342, 55.701981], [12.539159, 55.701896], [12.53899, 55.701793], [12.538821, 55.701681], [12.538667, 55.701569], [12.538546, 55.701455], [12.538423, 55.701333], [12.538276, 55.701112], [12.538158, 55.700864], [12.538087, 55.700614], [12.537951, 55.699989], [12.537827, 55.699498], [12.537808, 55.699292], [12.537819, 55.699058], [12.537878, 55.698831], [12.537946, 55.698703], [12.538014, 55.698575], [12.538115, 55.698456], [12.538216, 55.698336], [12.538451, 55.698122], [12.538601, 55.698019], [12.538752, 55.697925], [12.539025, 55.697782], [12.539317, 55.697666], [12.539657, 55.697548], [12.54006, 55.697428], [12.543718, 55.696504], [12.54442, 55.696349], [12.545778, 55.696049], [12.546308, 55.695926], [12.546852, 55.695776], [12.547083, 55.695697], [12.547298, 55.69561], [12.547665, 55.695437], [12.547982, 55.695248], [12.548264, 55.695024], [12.548498, 55.694793], [12.548652, 55.694563], [12.548773, 55.694317], [12.548831, 55.694082], [12.548876, 55.693694], [12.548978, 55.692891], [12.548962, 55.692711], [12.54893, 55.692541], [12.548863, 55.692318], [12.548732, 55.692106], [12.54857, 55.691904], [12.548362, 55.691713], [12.548191, 55.691583], [12.547988, 55.691454], [12.547787, 55.691343], [12.547538, 55.691224], [12.547058, 55.691022], [12.546035, 55.690629], [12.545573, 55.690444], [12.545042, 55.690208], [12.544541, 55.689953], [12.544037, 55.689662], [12.543563, 55.689343], [12.543169, 55.689039], [12.542669, 55.688613], [12.541925, 55.68796], [12.541721, 55.687813], [12.541518, 55.687684], [12.541204, 55.687549], [12.54089, 55.687424], [12.540532, 55.687335], [12.540159, 55.687265], [12.539837, 55.68722], [12.539517, 55.687203], [12.539183, 55.687203], [12.538866, 55.687221], [12.538598, 55.687247], [12.538331, 55.687291], [12.537424, 55.68747], [12.537064, 55.687534], [12.536733, 55.687571], [12.536401, 55.687598], [12.536003, 55.687592], [12.535618, 55.687567], [12.535248, 55.687514], [12.534874, 55.687426], [12.534562, 55.687327], [12.534249, 55.687211], [12.533982, 55.687074], [12.53373, 55.68692], [12.533557, 55.686772], [12.5334, 55.686615], [12.532916, 55.686017], [12.532486, 55.685481], [12.532301, 55.685199], [12.532222, 55.68503], [12.532159, 55.684861], [12.532112, 55.684692], [12.532081, 55.684522], [12.532076, 55.684297], [12.532085, 55.684045], [12.532295, 55.682483], [12.532375, 55.681789], [12.532401, 55.681194], [12.532442, 55.67989], [12.532479, 55.679592], [12.53255, 55.67932], [12.532681, 55.679001], [12.532859, 55.678682], [12.533086, 55.678378], [12.533362, 55.678092], [12.533613, 55.677869], [12.533897, 55.677672], [12.534198, 55.677474], [12.534516, 55.677294], [12.534821, 55.67715], [12.535157, 55.676997], [12.536493, 55.676455], [12.537059, 55.676205], [12.537394, 55.676042], [12.537713, 55.675871], [12.538047, 55.675691], [12.538349, 55.675511], [12.538663, 55.675295], [12.538962, 55.67508], [12.53926, 55.674855], [12.53951, 55.674632], [12.539746, 55.674419], [12.539979, 55.674187], [12.540513, 55.673578], [12.541003, 55.673016], [12.541161, 55.672822], [12.541229, 55.672694], [12.54128, 55.672558], [12.541332, 55.672431], [12.541351, 55.672286], [12.541355, 55.67216], [12.541359, 55.672025], [12.541286, 55.671749], [12.541166, 55.671473], [12.540839, 55.670844], [12.540699, 55.670534], [12.540591, 55.670213], [12.540532, 55.669918], [12.540532, 55.669738], [12.540563, 55.669558], [12.540595, 55.669386], [12.540658, 55.669204], [12.540738, 55.669031], [12.540851, 55.668866], [12.540979, 55.6687], [12.541123, 55.668534], [12.541328, 55.66834], [12.541551, 55.668162], [12.541822, 55.667993], [12.542109, 55.667832], [12.542415, 55.667688], [12.542737, 55.667562], [12.543092, 55.667443], [12.543434, 55.667353], [12.543793, 55.667279], [12.544169, 55.667215], [12.544548, 55.667177], [12.544927, 55.667148], [12.54526, 55.667138], [12.545611, 55.667146], [12.546683, 55.667214], [12.549036, 55.66737], [12.549755, 55.667404], [12.550137, 55.667411], [12.550535, 55.667408], [12.552057, 55.667355], [12.552391, 55.667354], [12.55271, 55.667363], [12.553142, 55.667395], [12.553545, 55.667447], [12.553933, 55.667516], [12.554322, 55.667595], [12.554747, 55.667718], [12.557045, 55.668676], [12.557913, 55.669118], [12.557928, 55.669109], [12.557945, 55.669126], [12.557962, 55.669135], [12.557978, 55.669143], [12.558426, 55.669346], [12.559288, 55.669726], [12.560148, 55.670088], [12.560691, 55.670288], [12.561284, 55.670504], [12.564552, 55.671623], [12.564332, 55.67162]]}, "properties": {"shape_id": "5885", "route_id": "24759_1", "route_short_name": "M3", "agency_id": "319"}}, {"type": "Feature", "geometry": {"type": "LineString", "coordinates": [[12.564332, 55.67162], [12.564552, 55.671623], [12.561284, 55.670504], [12.560691, 55.670288], [12.560148, 55.670088], [12.559288, 55.669726], [12.558426, 55.669346], [12.557978, 55.669143], [12.557962, 55.669135], [12.557945, 55.669126], [12.557928, 55.669109], [12.557913, 55.669118], [12.557045, 55.668676], [12.554747, 55.667718], [12.554322, 55.667595], [12.553933, 55.667516], [12.553545, 55.667447], [12.553142, 55.667395], [12.55271, 55.667363], [12.552391, 55.667354], [12.552057, 55.667355], [12.550535, 55.667408], [12.550137, 55.667411], [12.549755, 55.667404], [12.549036, 55.66737], [12.546683, 55.667214], [12.545611, 55.667146], [12.54526, 55.667138], [12.544927, 55.667148], [12.544548, 55.667177], [12.544169, 55.667215], [12.543793, 55.667279], [12.543434, 55.667353], [12.543092, 55.667443], [12.542737, 55.667562], [12.542415, 55.667688], [12.542109, 55.667832], [12.541822, 55.667993], [12.541551, 55.668162], [12.541328, 55.66834], [12.541123, 55.668534], [12.540979, 55.6687], [12.540851, 55.668866], [12.540738, 55.669031], [12.540658, 55.669204], [12.540595, 55.669386], [12.540563, 55.669558], [12.540532, 55.669738], [12.540532, 55.669918], [12.540591, 55.670213], [12.540699, 55.670534], [12.540839, 55.670844], [12.541166, 55.671473], [12.541286, 55.671749], [12.541359, 55.672025], [12.541355, 55.67216], [12.541351, 55.672286], [12.541332, 55.672431], [12.54128, 55.672558], [12.541229, 55.672694], [12.541161, 55.672822], [12.541003, 55.673016], [12.540513, 55.673578], [12.539979, 55.674187], [12.539746, 55.674419], [12.53951, 55.674632], [12.53926, 55.674855], [12.538962, 55.67508], [12.538663, 55.675295], [12.538349, 55.675511], [12.538047, 55.675691], [12.537713, 55.675871], [12.537394, 55.676042], [12.537059, 55.676205], [12.536493, 55.676455], [12.535157, 55.676997], [12.534821, 55.67715], [12.534516, 55.677294], [12.534198, 55.677474], [12.533897, 55.677672], [12.533613, 55.677869], [12.533362, 55.678092], [12.533086, 55.678378], [12.532859, 55.678682], [12.532681, 55.679001], [12.53255, 55.67932], [12.532479, 55.679592], [12.532442, 55.67989], [12.532401, 55.681194], [12.532375, 55.681789], [12.532295, 55.682483], [12.532085, 55.684045], [12.532076, 55.684297], [12.532081, 55.684522], [12.532112, 55.684692], [12.532159, 55.684861], [12.532222, 55.68503], [12.532301, 55.685199], [12.532486, 55.685481], [12.532916, 55.686017], [12.5334, 55.686615], [12.533557, 55.686772], [12.53373, 55.68692], [12.533982, 55.687074], [12.534249, 55.687211], [12.534562, 55.687327], [12.534874, 55.687426], [12.535248, 55.687514], [12.535618, 55.687567], [12.536003, 55.687592], [12.536401, 55.687598], [12.536733, 55.687571], [12.537064, 55.687534], [12.537424, 55.68747], [12.538331, 55.687291], [12.538598, 55.687247], [12.538866, 55.687221], [12.539183, 55.687203], [12.539517, 55.687203], [12.539837, 55.68722], [12.540159, 55.687265], [12.540532, 55.687335], [12.54089, 55.687424], [12.541204, 55.687549], [12.541518, 55.687684], [12.541721, 55.687813], [12.541925, 55.68796], [12.542669, 55.688613], [12.543169, 55.689039], [12.543563, 55.689343], [12.544037, 55.689662], [12.544541, 55.689953], [12.545042, 55.690208], [12.545573, 55.690444], [12.546035, 55.690629], [12.547058, 55.691022], [12.547538, 55.691224], [12.547787, 55.691343], [12.547988, 55.691454], [12.548191, 55.691583], [12.548362, 55.691713], [12.54857, 55.691904], [12.548732, 55.692106], [12.548863, 55.692318], [12.54893, 55.692541], [12.548962, 55.692711], [12.548978, 55.692891], [12.548876, 55.693694], [12.548831, 55.694082], [12.548773, 55.694317], [12.548652, 55.694563], [12.548498, 55.694793], [12.548264, 55.695024], [12.547982, 55.695248], [12.547665, 55.695437], [12.547298, 55.69561], [12.547083, 55.695697], [12.546852, 55.695776], [12.546308, 55.695926], [12.545778, 55.696049], [12.54442, 55.696349], [12.543718, 55.696504], [12.54006, 55.697428], [12.539657, 55.697548], [12.539317, 55.697666], [12.539025, 55.697782], [12.538752, 55.697925], [12.538601, 55.698019], [12.538451, 55.698122], [12.538216, 55.698336], [12.538115, 55.698456], [12.538014, 55.698575], [12.537946, 55.698703], [12.537878, 55.698831], [12.537819, 55.699058], [12.537808, 55.699292], [12.537827, 55.699498], [12.537951, 55.699989], [12.538087, 55.700614], [12.538158, 55.700864], [12.538276, 55.701112], [12.538423, 55.701333], [12.538546, 55.701455], [12.538667, 55.701569], [12.538821, 55.701681], [12.53899, 55.701793], [12.539159, 55.701896], [12.539342, 55.701981], [12.539556, 55.702065], [12.539754, 55.70214], [12.540113, 55.702237], [12.540487, 55.702316], [12.540857, 55.702369], [12.541258, 55.702393], [12.541624, 55.702392], [12.542037, 55.70238], [12.543665, 55.702252], [12.544363, 55.702222], [12.544729, 55.702221], [12.545081, 55.702238], [12.545418, 55.702264], [12.545772, 55.702308], [12.546161, 55.702377], [12.546535, 55.702465], [12.546912, 55.70258], [12.547257, 55.702705], [12.547522, 55.702815], [12.547789, 55.702951], [12.548812, 55.703524], [12.549567, 55.703942], [12.549968, 55.704155], [12.55045, 55.704375], [12.550963, 55.704585], [12.551538, 55.704784], [12.552127, 55.704956], [12.55273, 55.70511], [12.553363, 55.705235], [12.553912, 55.705327], [12.55446, 55.705392], [12.555005, 55.705439], [12.555566, 55.705477], [12.555997, 55.705482], [12.556491, 55.705486], [12.55859, 55.705461], [12.559211, 55.705461], [12.55985, 55.705479], [12.560491, 55.705523], [12.561152, 55.705612], [12.5618, 55.705728], [12.562318, 55.70583], [12.563653, 55.706141], [12.564579, 55.706348], [12.565781, 55.706601], [12.566254, 55.706722], [12.566516, 55.706805], [12.56678, 55.706905], [12.567028, 55.707006], [12.567246, 55.707125], [12.567463, 55.707236], [12.567649, 55.707356], [12.567837, 55.707495], [12.56801, 55.707642], [12.568339, 55.707939], [12.568886, 55.708525], [12.569114, 55.708752], [12.56939, 55.708987], [12.569647, 55.709186], [12.569985, 55.709392], [12.570385, 55.709587], [12.570813, 55.709746], [12.571287, 55.709876], [12.57158, 55.709948], [12.571888, 55.710002], [12.57221, 55.710038], [12.572531, 55.710064], [12.572851, 55.710082], [12.573169, 55.710082], [12.573502, 55.710063], [12.573819, 55.710045], [12.574086, 55.71001], [12.574353, 55.709966], [12.574603, 55.709914], [12.574853, 55.709853], [12.575257, 55.709742], [12.576667, 55.709314], [12.577146, 55.709157], [12.577486, 55.709039], [12.577808, 55.708913], [12.578099, 55.708778], [12.578387, 55.708626], [12.578658, 55.708456], [12.578897, 55.708278], [12.579119, 55.708092], [12.579323, 55.707888], [12.57948, 55.707686], [12.579619, 55.707466], [12.579742, 55.707247], [12.579817, 55.70702], [12.579876, 55.706793], [12.579903, 55.706567], [12.579882, 55.706334], [12.579823, 55.706039], [12.579718, 55.705764], [12.579564, 55.705471], [12.579345, 55.705172], [12.57897, 55.704724], [12.576314, 55.701799], [12.576027, 55.701447], [12.575824, 55.701148], [12.575712, 55.700962], [12.575632, 55.700784], [12.575583, 55.700597], [12.57555, 55.700409], [12.575523, 55.700113], [12.575551, 55.699204], [12.575556, 55.698566], [12.575596, 55.698304], [12.575666, 55.698023], [12.575799, 55.69774], [12.575898, 55.697594], [12.576011, 55.697446], [12.576126, 55.697308], [12.576272, 55.69716], [12.576613, 55.696889], [12.577049, 55.696607], [12.577503, 55.696351], [12.579188, 55.695448], [12.579599, 55.695238], [12.579996, 55.695055], [12.580533, 55.694842], [12.581089, 55.694655], [12.581601, 55.694505], [12.582596, 55.694242], [12.583015, 55.694122], [12.58351, 55.693973], [12.583972, 55.693797], [12.584418, 55.693622], [12.584845, 55.693421], [12.586578, 55.692525], [12.587548, 55.691993], [12.588136, 55.691643], [12.588407, 55.691465], [12.588661, 55.691286], [12.588898, 55.691099], [12.58912, 55.690913], [12.589339, 55.6907], [12.589543, 55.690487], [12.589729, 55.690257], [12.589899, 55.690036], [12.590053, 55.689807], [12.590175, 55.689569], [12.590296, 55.689332], [12.590385, 55.689087], [12.590459, 55.688851], [12.5905, 55.688598], [12.590541, 55.688354], [12.59055, 55.688111], [12.590543, 55.687859], [12.590504, 55.687609], [12.590466, 55.687367], [12.590396, 55.687126], [12.590312, 55.686904], [12.590212, 55.686682], [12.590081, 55.686461], [12.589949, 55.68624], [12.58964, 55.685818], [12.589068, 55.685133], [12.58846, 55.684404], [12.588343, 55.684174], [12.588258, 55.683943], [12.588253, 55.683709], [12.588277, 55.683457], [12.588334, 55.683203], [12.58856, 55.682549], [12.588606, 55.682359], [12.588622, 55.682179], [12.588604, 55.681981], [12.588554, 55.681785], [12.588472, 55.68159], [12.588343, 55.681396], [12.588182, 55.681202], [12.587975, 55.681029], [12.587737, 55.680865], [12.587469, 55.680711], [12.587252, 55.680609], [12.586972, 55.680501], [12.585008, 55.67974], [12.583804, 55.679271], [12.583341, 55.679078], [12.582826, 55.67885], [12.581727, 55.678316], [12.581395, 55.678164], [12.581066, 55.678048], [12.580656, 55.677916], [12.580217, 55.677812], [12.579845, 55.677741], [12.578745, 55.677549], [12.577905, 55.677411], [12.57755, 55.677359], [12.577086, 55.677327], [12.576624, 55.677323], [12.576213, 55.677353], [12.575788, 55.677401], [12.57538, 55.677467], [12.574206, 55.677681], [12.573829, 55.677737], [12.573482, 55.677774], [12.57304, 55.677805], [12.572594, 55.677809], [12.572163, 55.677795], [12.571731, 55.677762], [12.571231, 55.677696], [12.570745, 55.677593], [12.570272, 55.677472], [12.569829, 55.677323], [12.569449, 55.677172], [12.569099, 55.676994], [12.568829, 55.676831], [12.568188, 55.676427], [12.567192, 55.675799], [12.566869, 55.675575], [12.566576, 55.675332], [12.566455, 55.675218], [12.566364, 55.675095], [12.566254, 55.674936], [12.566175, 55.674768], [12.566112, 55.674599], [12.56608, 55.67442], [12.566067, 55.674276], [12.566083, 55.674105], [12.566202, 55.67349], [12.56621, 55.673229], [12.566213, 55.673094], [12.566186, 55.672969], [12.566142, 55.672836], [12.566082, 55.672703], [12.565987, 55.672534], [12.565846, 55.672377], [12.565689, 55.672228], [12.565501, 55.672081], [12.565297, 55.671943], [12.56508, 55.671832], [12.564848, 55.671731], [12.564552, 55.671623], [12.564332, 55.67162]]}, "properties": {"shape_id": "5886", "route_id": "24759_1", "route_short_name": "M3", "agency_id": "319"}}, {"type": "Feature", "geometry": {"type": "LineString", "coordinates": [[12.564332, 55.67162], [12.564552, 55.671623], [12.561284, 55.670504], [12.560691, 55.670288], [12.560148, 55.670088], [12.559288, 55.669726], [12.558426, 55.669346], [12.557978, 55.669143], [12.557962, 55.669135], [12.557945, 55.669126], [12.557928, 55.669109], [12.557913, 55.669118], [12.557045, 55.668676], [12.554747, 55.667718], [12.554322, 55.667595], [12.553933, 55.667516], [12.553545, 55.667447], [12.553142, 55.667395], [12.55271, 55.667363], [12.552391, 55.667354], [12.552057, 55.667355], [12.550535, 55.667408], [12.550137, 55.667411], [12.549755, 55.667404], [12.549036, 55.66737], [12.546683, 55.667214], [12.545611, 55.667146], [12.54526, 55.667138], [12.544927, 55.667148], [12.544548, 55.667177], [12.544169, 55.667215], [12.543793, 55.667279], [12.543434, 55.667353], [12.543092, 55.667443], [12.542737, 55.667562], [12.542415, 55.667688], [12.542109, 55.667832], [12.541822, 55.667993], [12.541551, 55.668162], [12.541328, 55.66834], [12.541123, 55.668534], [12.540979, 55.6687], [12.540851, 55.668866], [12.540738, 55.669031], [12.540658, 55.669204], [12.540595, 55.669386], [12.540563, 55.669558], [12.540532, 55.669738], [12.540532, 55.669918], [12.540591, 55.670213], [12.540699, 55.670534], [12.540839, 55.670844], [12.541166, 55.671473], [12.541286, 55.671749], [12.541359, 55.672025], [12.541355, 55.67216], [12.541351, 55.672286], [12.541332, 55.672431], [12.54128, 55.672558], [12.541229, 55.672694], [12.541161, 55.672822], [12.541003, 55.673016], [12.540513, 55.673578], [12.539979, 55.674187], [12.539746, 55.674419], [12.53951, 55.674632], [12.53926, 55.674855], [12.538962, 55.67508], [12.538663, 55.675295], [12.538349, 55.675511], [12.538047, 55.675691], [12.537713, 55.675871], [12.537394, 55.676042], [12.537059, 55.676205], [12.536493, 55.676455], [12.535157, 55.676997], [12.534821, 55.67715], [12.534516, 55.677294], [12.534198, 55.677474], [12.533897, 55.677672], [12.533613, 55.677869], [12.533362, 55.678092], [12.533086, 55.678378], [12.532859, 55.678682], [12.532681, 55.679001], [12.53255, 55.67932], [12.532479, 55.679592], [12.532442, 55.67989], [12.532401, 55.681194], [12.532375, 55.681789], [12.532295, 55.682483], [12.532085, 55.684045], [12.532076, 55.684297], [12.532081, 55.684522], [12.532112, 55.684692], [12.532159, 55.684861], [12.532222, 55.68503], [12.532301, 55.685199], [12.532486, 55.685481], [12.532916, 55.686017], [12.5334, 55.686615], [12.533557, 55.686772], [12.53373, 55.68692], [12.533982, 55.687074], [12.534249, 55.687211], [12.534562, 55.687327], [12.534874, 55.687426], [12.535248, 55.687514], [12.535618, 55.687567], [12.536003, 55.687592], [12.536401, 55.687598], [12.536733, 55.687571], [12.537064, 55.687534], [12.537424, 55.68747], [12.538331, 55.687291], [12.538598, 55.687247], [12.538866, 55.687221], [12.539183, 55.687203], [12.539517, 55.687203], [12.539837, 55.68722], [12.540159, 55.687265], [12.540532, 55.687335], [12.54089, 55.687424], [12.541204, 55.687549], [12.541518, 55.687684], [12.541721, 55.687813], [12.541925, 55.68796], [12.542669, 55.688613], [12.543169, 55.689039], [12.543563, 55.689343], [12.544037, 55.689662], [12.544541, 55.689953], [12.545042, 55.690208], [12.545573, 55.690444], [12.546035, 55.690629], [12.547058, 55.691022], [12.547538, 55.691224], [12.547787, 55.691343], [12.547988, 55.691454], [12.548191, 55.691583], [12.548362, 55.691713], [12.54857, 55.691904], [12.548732, 55.692106], [12.548863, 55.692318], [12.54893, 55.692541], [12.548962, 55.692711], [12.548978, 55.692891], [12.548876, 55.693694], [12.548831, 55.694082], [12.548773, 55.694317], [12.548652, 55.694563], [12.548498, 55.694793], [12.548264, 55.695024], [12.547982, 55.695248], [12.547665, 55.695437], [12.547298, 55.69561], [12.547083, 55.695697], [12.546852, 55.695776], [12.546308, 55.695926], [12.545778, 55.696049], [12.54442, 55.696349], [12.543718, 55.696504], [12.54006, 55.697428], [12.539657, 55.697548], [12.539317, 55.697666], [12.539025, 55.697782], [12.538752, 55.697925], [12.538601, 55.698019], [12.538451, 55.698122], [12.538216, 55.698336], [12.538115, 55.698456], [12.538014, 55.698575], [12.537946, 55.698703], [12.537878, 55.698831], [12.537819, 55.699058], [12.537808, 55.699292], [12.537827, 55.699498], [12.537951, 55.699989], [12.538087, 55.700614], [12.538158, 55.700864], [12.538276, 55.701112], [12.538423, 55.701333], [12.538546, 55.701455], [12.538667, 55.701569], [12.538821, 55.701681], [12.53899, 55.701793], [12.539159, 55.701896], [12.539342, 55.701981], [12.539556, 55.702065], [12.539754, 55.70214], [12.540113, 55.702237], [12.540487, 55.702316], [12.540857, 55.702369], [12.541258, 55.702393], [12.541624, 55.702392], [12.542037, 55.70238], [12.543665, 55.702252], [12.544363, 55.702222], [12.544729, 55.702221], [12.545081, 55.702238], [12.545418, 55.702264], [12.545772, 55.702308], [12.546161, 55.702377], [12.546535, 55.702465], [12.546912, 55.70258], [12.547257, 55.702705], [12.547522, 55.702815], [12.547789, 55.702951], [12.548812, 55.703524], [12.549567, 55.703942], [12.549968, 55.704155], [12.55045, 55.704375], [12.550963, 55.704585], [12.551538, 55.704784], [12.552127, 55.704956], [12.55273, 55.70511], [12.553363, 55.705235], [12.553912, 55.705327], [12.55446, 55.705392], [12.555005, 55.705439], [12.555566, 55.705477], [12.555997, 55.705482], [12.556491, 55.705486], [12.55859, 55.705461], [12.559211, 55.705461], [12.55985, 55.705479], [12.560491, 55.705523], [12.561152, 55.705612], [12.5618, 55.705728], [12.562318, 55.70583], [12.563653, 55.706141], [12.564579, 55.706348], [12.565781, 55.706601], [12.566254, 55.706722], [12.566516, 55.706805], [12.56678, 55.706905], [12.567028, 55.707006], [12.567246, 55.707125], [12.567463, 55.707236], [12.567649, 55.707356], [12.567837, 55.707495], [12.56801, 55.707642], [12.568339, 55.707939], [12.568886, 55.708525], [12.569114, 55.708752], [12.56939, 55.708987], [12.569647, 55.709186], [12.569985, 55.709392], [12.570385, 55.709587], [12.570813, 55.709746], [12.571287, 55.709876], [12.57158, 55.709948], [12.571888, 55.710002], [12.57221, 55.710038], [12.572531, 55.710064], [12.572851, 55.710082], [12.573169, 55.710082], [12.573502, 55.710063], [12.573819, 55.710045], [12.574086, 55.71001], [12.574353, 55.709966], [12.574603, 55.709914], [12.574853, 55.709853], [12.575257, 55.709742], [12.576667, 55.709314], [12.577146, 55.709157], [12.577486, 55.709039], [12.577808, 55.708913], [12.578099, 55.708778], [12.578387, 55.708626], [12.578658, 55.708456], [12.578897, 55.708278], [12.579119, 55.708092], [12.579323, 55.707888], [12.57948, 55.707686], [12.579619, 55.707466], [12.579742, 55.707247], [12.579817, 55.70702], [12.579876, 55.706793], [12.579903, 55.706567], [12.579882, 55.706334], [12.579823, 55.706039], [12.579718, 55.705764], [12.579564, 55.705471], [12.579345, 55.705172], [12.57897, 55.704724], [12.576314, 55.701799], [12.576027, 55.701447], [12.575824, 55.701148], [12.575712, 55.700962], [12.575632, 55.700784], [12.575583, 55.700597], [12.57555, 55.700409], [12.575523, 55.700113], [12.575551, 55.699204], [12.575556, 55.698566], [12.575596, 55.698304], [12.575666, 55.698023], [12.575799, 55.69774], [12.575898, 55.697594], [12.576011, 55.697446], [12.576126, 55.697308], [12.576272, 55.69716], [12.576613, 55.696889], [12.577049, 55.696607], [12.577503, 55.696351], [12.579188, 55.695448], [12.579599, 55.695238], [12.579996, 55.695055], [12.580533, 55.694842], [12.581089, 55.694655], [12.581601, 55.694505], [12.582596, 55.694242], [12.583015, 55.694122], [12.58351, 55.693973], [12.583972, 55.693797], [12.584418, 55.693622], [12.584845, 55.693421], [12.586578, 55.692525]]}, "properties": {"shape_id": "5887", "route_id": "24759_1", "route_short_name": "M3", "agency_id": "319"}}, {"type": "Feature", "geometry": {"type": "LineString", "coordinates": [[12.564332, 55.67162], [12.564552, 55.671623], [12.561284, 55.670504], [12.560691, 55.670288], [12.560148, 55.670088], [12.559288, 55.669726], [12.558426, 55.669346], [12.557978, 55.669143], [12.557962, 55.669135], [12.557945, 55.669126], [12.557928, 55.669109], [12.557913, 55.669118], [12.557045, 55.668676], [12.554747, 55.667718], [12.554322, 55.667595], [12.553933, 55.667516], [12.553545, 55.667447], [12.553142, 55.667395], [12.55271, 55.667363], [12.552391, 55.667354], [12.552057, 55.667355], [12.550535, 55.667408], [12.550137, 55.667411], [12.549755, 55.667404], [12.549036, 55.66737], [12.546683, 55.667214], [12.545611, 55.667146], [12.54526, 55.667138], [12.544927, 55.667148], [12.544548, 55.667177], [12.544169, 55.667215], [12.543793, 55.667279], [12.543434, 55.667353], [12.543092, 55.667443], [12.542737, 55.667562], [12.542415, 55.667688], [12.542109, 55.667832], [12.541822, 55.667993], [12.541551, 55.668162], [12.541328, 55.66834], [12.541123, 55.668534], [12.540979, 55.6687], [12.540851, 55.668866], [12.540738, 55.669031], [12.540658, 55.669204], [12.540595, 55.669386], [12.540563, 55.669558], [12.540532, 55.669738], [12.540532, 55.669918], [12.540591, 55.670213], [12.540699, 55.670534], [12.540839, 55.670844], [12.541166, 55.671473], [12.541286, 55.671749], [12.541359, 55.672025], [12.541355, 55.67216], [12.541351, 55.672286], [12.541332, 55.672431], [12.54128, 55.672558], [12.541229, 55.672694], [12.541161, 55.672822], [12.541003, 55.673016], [12.540513, 55.673578], [12.539979, 55.674187], [12.539746, 55.674419], [12.53951, 55.674632], [12.53926, 55.674855], [12.538962, 55.67508], [12.538663, 55.675295], [12.538349, 55.675511], [12.538047, 55.675691], [12.537713, 55.675871], [12.537394, 55.676042], [12.537059, 55.676205], [12.536493, 55.676455], [12.535157, 55.676997], [12.534821, 55.67715], [12.534516, 55.677294], [12.534198, 55.677474], [12.533897, 55.677672], [12.533613, 55.677869], [12.533362, 55.678092], [12.533086, 55.678378], [12.532859, 55.678682], [12.532681, 55.679001], [12.53255, 55.67932], [12.532479, 55.679592], [12.532442, 55.67989], [12.532401, 55.681194], [12.532375, 55.681789], [12.532295, 55.682483], [12.532085, 55.684045], [12.532076, 55.684297], [12.532081, 55.684522], [12.532112, 55.684692], [12.532159, 55.684861], [12.532222, 55.68503], [12.532301, 55.685199], [12.532486, 55.685481], [12.532916, 55.686017], [12.5334, 55.686615], [12.533557, 55.686772], [12.53373, 55.68692], [12.533982, 55.687074], [12.534249, 55.687211], [12.534562, 55.687327], [12.534874, 55.687426], [12.535248, 55.687514], [12.535618, 55.687567], [12.536003, 55.687592], [12.536401, 55.687598], [12.536733, 55.687571], [12.537064, 55.687534], [12.537424, 55.68747], [12.538331, 55.687291], [12.538598, 55.687247], [12.538866, 55.687221], [12.539183, 55.687203], [12.539517, 55.687203], [12.539837, 55.68722], [12.540159, 55.687265], [12.540532, 55.687335], [12.54089, 55.687424], [12.541204, 55.687549], [12.541518, 55.687684], [12.541721, 55.687813], [12.541925, 55.68796], [12.542669, 55.688613], [12.543169, 55.689039], [12.543563, 55.689343], [12.544037, 55.689662], [12.544541, 55.689953], [12.545042, 55.690208], [12.545573, 55.690444], [12.546035, 55.690629], [12.547058, 55.691022], [12.547538, 55.691224], [12.547787, 55.691343], [12.547988, 55.691454], [12.548191, 55.691583], [12.548362, 55.691713], [12.54857, 55.691904], [12.548732, 55.692106], [12.548863, 55.692318], [12.54893, 55.692541], [12.548962, 55.692711], [12.548978, 55.692891], [12.548876, 55.693694], [12.548831, 55.694082], [12.548773, 55.694317], [12.548652, 55.694563], [12.548498, 55.694793], [12.548264, 55.695024], [12.547982, 55.695248], [12.547665, 55.695437], [12.547298, 55.69561], [12.547083, 55.695697], [12.546852, 55.695776], [12.546308, 55.695926], [12.545778, 55.696049], [12.54442, 55.696349], [12.543718, 55.696504], [12.54006, 55.697428], [12.539657, 55.697548], [12.539317, 55.697666], [12.539025, 55.697782], [12.538752, 55.697925], [12.538601, 55.698019], [12.538451, 55.698122], [12.538216, 55.698336], [12.538115, 55.698456], [12.538014, 55.698575], [12.537946, 55.698703], [12.537878, 55.698831], [12.537819, 55.699058], [12.537808, 55.699292], [12.537827, 55.699498], [12.537951, 55.699989]]}, "properties": {"shape_id": "5888", "route_id": "24759_1", "route_short_name": "M3", "agency_id": "319"}}, {"type": "Feature", "geometry": {"type": "LineString", "coordinates": [[12.564332, 55.67162], [12.564552, 55.671623], [12.561284, 55.670504], [12.560691, 55.670288], [12.560148, 55.670088], [12.559288, 55.669726], [12.558426, 55.669346], [12.557978, 55.669143], [12.557962, 55.669135], [12.557945, 55.669126], [12.557928, 55.669109], [12.557913, 55.669118], [12.557045, 55.668676], [12.554747, 55.667718], [12.554322, 55.667595], [12.553933, 55.667516], [12.553545, 55.667447], [12.553142, 55.667395], [12.55271, 55.667363], [12.552391, 55.667354], [12.552057, 55.667355], [12.550535, 55.667408], [12.550137, 55.667411], [12.549755, 55.667404], [12.549036, 55.66737], [12.546683, 55.667214], [12.545611, 55.667146], [12.54526, 55.667138], [12.544927, 55.667148], [12.544548, 55.667177], [12.544169, 55.667215], [12.543793, 55.667279], [12.543434, 55.667353], [12.543092, 55.667443], [12.542737, 55.667562], [12.542415, 55.667688], [12.542109, 55.667832], [12.541822, 55.667993], [12.541551, 55.668162], [12.541328, 55.66834], [12.541123, 55.668534], [12.540979, 55.6687], [12.540851, 55.668866], [12.540738, 55.669031], [12.540658, 55.669204], [12.540595, 55.669386], [12.540563, 55.669558], [12.540532, 55.669738], [12.540532, 55.669918], [12.540591, 55.670213], [12.540699, 55.670534], [12.540839, 55.670844], [12.541166, 55.671473], [12.541286, 55.671749], [12.541359, 55.672025], [12.541355, 55.67216], [12.541351, 55.672286], [12.541332, 55.672431], [12.54128, 55.672558], [12.541229, 55.672694], [12.541161, 55.672822], [12.541003, 55.673016], [12.540513, 55.673578], [12.539979, 55.674187], [12.539746, 55.674419], [12.53951, 55.674632], [12.53926, 55.674855], [12.538962, 55.67508], [12.538663, 55.675295], [12.538349, 55.675511], [12.538047, 55.675691], [12.537713, 55.675871], [12.537394, 55.676042], [12.537059, 55.676205], [12.536493, 55.676455], [12.535157, 55.676997], [12.534821, 55.67715], [12.534516, 55.677294], [12.534198, 55.677474], [12.533897, 55.677672], [12.533613, 55.677869], [12.533362, 55.678092], [12.533086, 55.678378], [12.532859, 55.678682], [12.532681, 55.679001], [12.53255, 55.67932], [12.532479, 55.679592], [12.532442, 55.67989], [12.532401, 55.681194]]}, "properties": {"shape_id": "5889", "route_id": "24759_1", "route_short_name": "M3", "agency_id": "319"}}, {"type": "Feature", "geometry": {"type": "LineString", "coordinates": [[12.585008, 55.67974], [12.583804, 55.679271], [12.583341, 55.679078], [12.582826, 55.67885], [12.581727, 55.678316], [12.581395, 55.678164], [12.581066, 55.678048], [12.580656, 55.677916], [12.580217, 55.677812], [12.579845, 55.677741], [12.578745, 55.677549], [12.577905, 55.677411], [12.57755, 55.677359], [12.577086, 55.677327], [12.576624, 55.677323], [12.576213, 55.677353], [12.575788, 55.677401], [12.57538, 55.677467], [12.574206, 55.677681], [12.573829, 55.677737], [12.573482, 55.677774], [12.57304, 55.677805], [12.572594, 55.677809], [12.572163, 55.677795], [12.571731, 55.677762], [12.571231, 55.677696], [12.570745, 55.677593], [12.570272, 55.677472], [12.569829, 55.677323], [12.569449, 55.677172], [12.569099, 55.676994], [12.568829, 55.676831], [12.568188, 55.676427], [12.567192, 55.675799], [12.566869, 55.675575], [12.566576, 55.675332], [12.566455, 55.675218], [12.566364, 55.675095], [12.566254, 55.674936], [12.566175, 55.674768], [12.566112, 55.674599], [12.56608, 55.67442], [12.566067, 55.674276], [12.566083, 55.674105], [12.566202, 55.67349], [12.56621, 55.673229], [12.566213, 55.673094], [12.566186, 55.672969], [12.566142, 55.672836], [12.566082, 55.672703], [12.565987, 55.672534], [12.565846, 55.672377], [12.565689, 55.672228], [12.565501, 55.672081], [12.565297, 55.671943], [12.56508, 55.671832], [12.564848, 55.671731], [12.564552, 55.671623], [12.564332, 55.67162]]}, "properties": {"shape_id": "5890", "route_id": "24759_1", "route_short_name": "M3", "agency_id": "319"}}, {"type": "Feature", "geometry": {"type": "LineString", "coordinates": [[12.537951, 55.699989], [12.538087, 55.700614], [12.538158, 55.700864], [12.538276, 55.701112], [12.538423, 55.701333], [12.538546, 55.701455], [12.538667, 55.701569], [12.538821, 55.701681], [12.53899, 55.701793], [12.539159, 55.701896], [12.539342, 55.701981], [12.539556, 55.702065], [12.539754, 55.70214], [12.540113, 55.702237], [12.540487, 55.702316], [12.540857, 55.702369], [12.541258, 55.702393], [12.541624, 55.702392], [12.542037, 55.70238], [12.543665, 55.702252], [12.544363, 55.702222], [12.544729, 55.702221], [12.545081, 55.702238], [12.545418, 55.702264], [12.545772, 55.702308], [12.546161, 55.702377], [12.546535, 55.702465], [12.546912, 55.70258], [12.547257, 55.702705], [12.547522, 55.702815], [12.547789, 55.702951], [12.548812, 55.703524], [12.549567, 55.703942], [12.549968, 55.704155], [12.55045, 55.704375], [12.550963, 55.704585], [12.551538, 55.704784], [12.552127, 55.704956], [12.55273, 55.70511], [12.553363, 55.705235], [12.553912, 55.705327], [12.55446, 55.705392], [12.555005, 55.705439], [12.555566, 55.705477], [12.555997, 55.705482], [12.556491, 55.705486], [12.55859, 55.705461], [12.559211, 55.705461], [12.55985, 55.705479], [12.560491, 55.705523], [12.561152, 55.705612], [12.5618, 55.705728], [12.562318, 55.70583], [12.563653, 55.706141], [12.564579, 55.706348], [12.565781, 55.706601], [12.566254, 55.706722], [12.566516, 55.706805], [12.56678, 55.706905], [12.567028, 55.707006], [12.567246, 55.707125], [12.567463, 55.707236], [12.567649, 55.707356], [12.567837, 55.707495], [12.56801, 55.707642], [12.568339, 55.707939], [12.568886, 55.708525], [12.569114, 55.708752], [12.56939, 55.708987], [12.569647, 55.709186], [12.569985, 55.709392], [12.570385, 55.709587], [12.570813, 55.709746], [12.571287, 55.709876], [12.57158, 55.709948], [12.571888, 55.710002], [12.57221, 55.710038], [12.572531, 55.710064], [12.572851, 55.710082], [12.573169, 55.710082], [12.573502, 55.710063], [12.573819, 55.710045], [12.574086, 55.71001], [12.574353, 55.709966], [12.574603, 55.709914], [12.574853, 55.709853], [12.575257, 55.709742], [12.576667, 55.709314], [12.577146, 55.709157], [12.577486, 55.709039], [12.577808, 55.708913], [12.578099, 55.708778], [12.578387, 55.708626], [12.578658, 55.708456], [12.578897, 55.708278], [12.579119, 55.708092], [12.579323, 55.707888], [12.57948, 55.707686], [12.579619, 55.707466], [12.579742, 55.707247], [12.579817, 55.70702], [12.579876, 55.706793], [12.579903, 55.706567], [12.579882, 55.706334], [12.579823, 55.706039], [12.579718, 55.705764], [12.579564, 55.705471], [12.579345, 55.705172], [12.57897, 55.704724], [12.576314, 55.701799], [12.576027, 55.701447], [12.575824, 55.701148], [12.575712, 55.700962], [12.575632, 55.700784], [12.575583, 55.700597], [12.57555, 55.700409], [12.575523, 55.700113], [12.575551, 55.699204], [12.575556, 55.698566], [12.575596, 55.698304], [12.575666, 55.698023], [12.575799, 55.69774], [12.575898, 55.697594], [12.576011, 55.697446], [12.576126, 55.697308], [12.576272, 55.69716], [12.576613, 55.696889], [12.577049, 55.696607], [12.577503, 55.696351], [12.579188, 55.695448], [12.579599, 55.695238], [12.579996, 55.695055], [12.580533, 55.694842], [12.581089, 55.694655], [12.581601, 55.694505], [12.582596, 55.694242], [12.583015, 55.694122], [12.58351, 55.693973], [12.583972, 55.693797], [12.584418, 55.693622], [12.584845, 55.693421], [12.586578, 55.692525], [12.587548, 55.691993], [12.588136, 55.691643], [12.588407, 55.691465], [12.588661, 55.691286], [12.588898, 55.691099], [12.58912, 55.690913], [12.589339, 55.6907], [12.589543, 55.690487], [12.589729, 55.690257], [12.589899, 55.690036], [12.590053, 55.689807], [12.590175, 55.689569], [12.590296, 55.689332], [12.590385, 55.689087], [12.590459, 55.688851], [12.5905, 55.688598], [12.590541, 55.688354], [12.59055, 55.688111], [12.590543, 55.687859], [12.590504, 55.687609], [12.590466, 55.687367], [12.590396, 55.687126], [12.590312, 55.686904], [12.590212, 55.686682], [12.590081, 55.686461], [12.589949, 55.68624], [12.58964, 55.685818], [12.589068, 55.685133], [12.58846, 55.684404], [12.588343, 55.684174], [12.588258, 55.683943], [12.588253, 55.683709], [12.588277, 55.683457], [12.588334, 55.683203], [12.58856, 55.682549], [12.588606, 55.682359], [12.588622, 55.682179], [12.588604, 55.681981], [12.588554, 55.681785], [12.588472, 55.68159], [12.588343, 55.681396], [12.588182, 55.681202], [12.587975, 55.681029], [12.587737, 55.680865], [12.587469, 55.680711], [12.587252, 55.680609], [12.586972, 55.680501], [12.585008, 55.67974], [12.583804, 55.679271], [12.583341, 55.679078], [12.582826, 55.67885], [12.581727, 55.678316], [12.581395, 55.678164], [12.581066, 55.678048], [12.580656, 55.677916], [12.580217, 55.677812], [12.579845, 55.677741], [12.578745, 55.677549], [12.577905, 55.677411], [12.57755, 55.677359], [12.577086, 55.677327], [12.576624, 55.677323], [12.576213, 55.677353], [12.575788, 55.677401], [12.57538, 55.677467], [12.574206, 55.677681], [12.573829, 55.677737], [12.573482, 55.677774], [12.57304, 55.677805], [12.572594, 55.677809], [12.572163, 55.677795], [12.571731, 55.677762], [12.571231, 55.677696], [12.570745, 55.677593], [12.570272, 55.677472], [12.569829, 55.677323], [12.569449, 55.677172], [12.569099, 55.676994], [12.568829, 55.676831], [12.568188, 55.676427], [12.567192, 55.675799], [12.566869, 55.675575], [12.566576, 55.675332], [12.566455, 55.675218], [12.566364, 55.675095], [12.566254, 55.674936], [12.566175, 55.674768], [12.566112, 55.674599], [12.56608, 55.67442], [12.566067, 55.674276], [12.566083, 55.674105], [12.566202, 55.67349], [12.56621, 55.673229], [12.566213, 55.673094], [12.566186, 55.672969], [12.566142, 55.672836], [12.566082, 55.672703], [12.565987, 55.672534], [12.565846, 55.672377], [12.565689, 55.672228], [12.565501, 55.672081], [12.565297, 55.671943], [12.56508, 55.671832], [12.564848, 55.671731], [12.564552, 55.671623], [12.564332, 55.67162]]}, "properties": {"shape_id": "5891", "route_id": "24759_1", "route_short_name": "M3", "agency_id": "319"}}, {"type": "Feature", "geometry": {"type": "LineString", "coordinates": [[12.532401, 55.681194], [12.532375, 55.681789], [12.532295, 55.682483], [12.532085, 55.684045], [12.532076, 55.684297], [12.532081, 55.684522], [12.532112, 55.684692], [12.532159, 55.684861], [12.532222, 55.68503], [12.532301, 55.685199], [12.532486, 55.685481], [12.532916, 55.686017], [12.5334, 55.686615], [12.533557, 55.686772], [12.53373, 55.68692], [12.533982, 55.687074], [12.534249, 55.687211], [12.534562, 55.687327], [12.534874, 55.687426], [12.535248, 55.687514], [12.535618, 55.687567], [12.536003, 55.687592], [12.536401, 55.687598], [12.536733, 55.687571], [12.537064, 55.687534], [12.537424, 55.68747], [12.538331, 55.687291], [12.538598, 55.687247], [12.538866, 55.687221], [12.539183, 55.687203], [12.539517, 55.687203], [12.539837, 55.68722], [12.540159, 55.687265], [12.540532, 55.687335], [12.54089, 55.687424], [12.541204, 55.687549], [12.541518, 55.687684], [12.541721, 55.687813], [12.541925, 55.68796], [12.542669, 55.688613], [12.543169, 55.689039], [12.543563, 55.689343], [12.544037, 55.689662], [12.544541, 55.689953], [12.545042, 55.690208], [12.545573, 55.690444], [12.546035, 55.690629], [12.547058, 55.691022], [12.547538, 55.691224], [12.547787, 55.691343], [12.547988, 55.691454], [12.548191, 55.691583], [12.548362, 55.691713], [12.54857, 55.691904], [12.548732, 55.692106], [12.548863, 55.692318], [12.54893, 55.692541], [12.548962, 55.692711], [12.548978, 55.692891], [12.548876, 55.693694], [12.548831, 55.694082], [12.548773, 55.694317], [12.548652, 55.694563], [12.548498, 55.694793], [12.548264, 55.695024], [12.547982, 55.695248], [12.547665, 55.695437], [12.547298, 55.69561], [12.547083, 55.695697], [12.546852, 55.695776], [12.546308, 55.695926], [12.545778, 55.696049], [12.54442, 55.696349], [12.543718, 55.696504], [12.54006, 55.697428], [12.539657, 55.697548], [12.539317, 55.697666], [12.539025, 55.697782], [12.538752, 55.697925], [12.538601, 55.698019], [12.538451, 55.698122], [12.538216, 55.698336], [12.538115, 55.698456], [12.538014, 55.698575], [12.537946, 55.698703], [12.537878, 55.698831], [12.537819, 55.699058], [12.537808, 55.699292], [12.537827, 55.699498], [12.537951, 55.699989], [12.538087, 55.700614], [12.538158, 55.700864], [12.538276, 55.701112], [12.538423, 55.701333], [12.538546, 55.701455], [12.538667, 55.701569], [12.538821, 55.701681], [12.53899, 55.701793], [12.539159, 55.701896], [12.539342, 55.701981], [12.539556, 55.702065], [12.539754, 55.70214], [12.540113, 55.702237], [12.540487, 55.702316], [12.540857, 55.702369], [12.541258, 55.702393], [12.541624, 55.702392], [12.542037, 55.70238], [12.543665, 55.702252], [12.544363, 55.702222], [12.544729, 55.702221], [12.545081, 55.702238], [12.545418, 55.702264], [12.545772, 55.702308], [12.546161, 55.702377], [12.546535, 55.702465], [12.546912, 55.70258], [12.547257, 55.702705], [12.547522, 55.702815], [12.547789, 55.702951], [12.548812, 55.703524], [12.549567, 55.703942], [12.549968, 55.704155], [12.55045, 55.704375], [12.550963, 55.704585], [12.551538, 55.704784], [12.552127, 55.704956], [12.55273, 55.70511], [12.553363, 55.705235], [12.553912, 55.705327], [12.55446, 55.705392], [12.555005, 55.705439], [12.555566, 55.705477], [12.555997, 55.705482], [12.556491, 55.705486], [12.55859, 55.705461], [12.559211, 55.705461], [12.55985, 55.705479], [12.560491, 55.705523], [12.561152, 55.705612], [12.5618, 55.705728], [12.562318, 55.70583], [12.563653, 55.706141], [12.564579, 55.706348], [12.565781, 55.706601], [12.566254, 55.706722], [12.566516, 55.706805], [12.56678, 55.706905], [12.567028, 55.707006], [12.567246, 55.707125], [12.567463, 55.707236], [12.567649, 55.707356], [12.567837, 55.707495], [12.56801, 55.707642], [12.568339, 55.707939], [12.568886, 55.708525], [12.569114, 55.708752], [12.56939, 55.708987], [12.569647, 55.709186], [12.569985, 55.709392], [12.570385, 55.709587], [12.570813, 55.709746], [12.571287, 55.709876], [12.57158, 55.709948], [12.571888, 55.710002], [12.57221, 55.710038], [12.572531, 55.710064], [12.572851, 55.710082], [12.573169, 55.710082], [12.573502, 55.710063], [12.573819, 55.710045], [12.574086, 55.71001], [12.574353, 55.709966], [12.574603, 55.709914], [12.574853, 55.709853], [12.575257, 55.709742], [12.576667, 55.709314], [12.577146, 55.709157], [12.577486, 55.709039], [12.577808, 55.708913], [12.578099, 55.708778], [12.578387, 55.708626], [12.578658, 55.708456], [12.578897, 55.708278], [12.579119, 55.708092], [12.579323, 55.707888], [12.57948, 55.707686], [12.579619, 55.707466], [12.579742, 55.707247], [12.579817, 55.70702], [12.579876, 55.706793], [12.579903, 55.706567], [12.579882, 55.706334], [12.579823, 55.706039], [12.579718, 55.705764], [12.579564, 55.705471], [12.579345, 55.705172], [12.57897, 55.704724], [12.576314, 55.701799], [12.576027, 55.701447], [12.575824, 55.701148], [12.575712, 55.700962], [12.575632, 55.700784], [12.575583, 55.700597], [12.57555, 55.700409], [12.575523, 55.700113], [12.575551, 55.699204], [12.575556, 55.698566], [12.575596, 55.698304], [12.575666, 55.698023], [12.575799, 55.69774], [12.575898, 55.697594], [12.576011, 55.697446], [12.576126, 55.697308], [12.576272, 55.69716], [12.576613, 55.696889], [12.577049, 55.696607], [12.577503, 55.696351], [12.579188, 55.695448], [12.579599, 55.695238], [12.579996, 55.695055], [12.580533, 55.694842], [12.581089, 55.694655], [12.581601, 55.694505], [12.582596, 55.694242], [12.583015, 55.694122], [12.58351, 55.693973], [12.583972, 55.693797], [12.584418, 55.693622], [12.584845, 55.693421], [12.586578, 55.692525], [12.587548, 55.691993], [12.588136, 55.691643], [12.588407, 55.691465], [12.588661, 55.691286], [12.588898, 55.691099], [12.58912, 55.690913], [12.589339, 55.6907], [12.589543, 55.690487], [12.589729, 55.690257], [12.589899, 55.690036], [12.590053, 55.689807], [12.590175, 55.689569], [12.590296, 55.689332], [12.590385, 55.689087], [12.590459, 55.688851], [12.5905, 55.688598], [12.590541, 55.688354], [12.59055, 55.688111], [12.590543, 55.687859], [12.590504, 55.687609], [12.590466, 55.687367], [12.590396, 55.687126], [12.590312, 55.686904], [12.590212, 55.686682], [12.590081, 55.686461], [12.589949, 55.68624], [12.58964, 55.685818], [12.589068, 55.685133], [12.58846, 55.684404], [12.588343, 55.684174], [12.588258, 55.683943], [12.588253, 55.683709], [12.588277, 55.683457], [12.588334, 55.683203], [12.58856, 55.682549], [12.588606, 55.682359], [12.588622, 55.682179], [12.588604, 55.681981], [12.588554, 55.681785], [12.588472, 55.68159], [12.588343, 55.681396], [12.588182, 55.681202], [12.587975, 55.681029], [12.587737, 55.680865], [12.587469, 55.680711], [12.587252, 55.680609], [12.586972, 55.680501], [12.585008, 55.67974], [12.583804, 55.679271], [12.583341, 55.679078], [12.582826, 55.67885], [12.581727, 55.678316], [12.581395, 55.678164], [12.581066, 55.678048], [12.580656, 55.677916], [12.580217, 55.677812], [12.579845, 55.677741], [12.578745, 55.677549], [12.577905, 55.677411], [12.57755, 55.677359], [12.577086, 55.677327], [12.576624, 55.677323], [12.576213, 55.677353], [12.575788, 55.677401], [12.57538, 55.677467], [12.574206, 55.677681], [12.573829, 55.677737], [12.573482, 55.677774], [12.57304, 55.677805], [12.572594, 55.677809], [12.572163, 55.677795], [12.571731, 55.677762], [12.571231, 55.677696], [12.570745, 55.677593], [12.570272, 55.677472], [12.569829, 55.677323], [12.569449, 55.677172], [12.569099, 55.676994], [12.568829, 55.676831], [12.568188, 55.676427], [12.567192, 55.675799], [12.566869, 55.675575], [12.566576, 55.675332], [12.566455, 55.675218], [12.566364, 55.675095], [12.566254, 55.674936], [12.566175, 55.674768], [12.566112, 55.674599], [12.56608, 55.67442], [12.566067, 55.674276], [12.566083, 55.674105], [12.566202, 55.67349], [12.56621, 55.673229], [12.566213, 55.673094], [12.566186, 55.672969], [12.566142, 55.672836], [12.566082, 55.672703], [12.565987, 55.672534], [12.565846, 55.672377], [12.565689, 55.672228], [12.565501, 55.672081], [12.565297, 55.671943], [12.56508, 55.671832], [12.564848, 55.671731], [12.564552, 55.671623], [12.564332, 55.67162]]}, "properties": {"shape_id": "5892", "route_id": "24759_1", "route_short_name": "M3", "agency_id": "319"}}, {"type": "Feature", "geometry": {"type": "LineString", "coordinates": [[12.516427, 55.65253], [12.517938, 55.651721], [12.518181, 55.651601], [12.51852, 55.651454], [12.518863, 55.651321], [12.52024, 55.650828], [12.520965, 55.650541], [12.521645, 55.650292], [12.521946, 55.650201], [12.522781, 55.649997], [12.523836, 55.649821], [12.524915, 55.649714], [12.527072, 55.649568], [12.528399, 55.649468], [12.530819, 55.649304], [12.532978, 55.649147], [12.533956, 55.649049], [12.534145, 55.648979], [12.535338, 55.648594], [12.536395, 55.648123], [12.53759, 55.647551], [12.538773, 55.647094], [12.540515, 55.646397], [12.541098, 55.646228], [12.541755, 55.646064], [12.542275, 55.645956], [12.543092, 55.645855], [12.543747, 55.645836], [12.544412, 55.645891], [12.544763, 55.645906], [12.54562, 55.645924], [12.546159, 55.645965], [12.547467, 55.646138], [12.548475, 55.646331], [12.548931, 55.64643], [12.549806, 55.646652], [12.550778, 55.647039], [12.551123, 55.64721], [12.552006, 55.647814], [12.552505, 55.648172], [12.552832, 55.648446], [12.553239, 55.648852], [12.553477, 55.649116], [12.553612, 55.649395], [12.553757, 55.649735], [12.553963, 55.650407], [12.554033, 55.650829], [12.554141, 55.651271], [12.554378, 55.652371], [12.554603, 55.652694], [12.554699, 55.65277], [12.555669, 55.653422], [12.55596, 55.653656], [12.556169, 55.653766], [12.556605, 55.654045], [12.557077, 55.654488], [12.557449, 55.654945], [12.557734, 55.655336], [12.558716, 55.656307], [12.559173, 55.656745], [12.559385, 55.657003], [12.559507, 55.657175], [12.559743, 55.657577], [12.559939, 55.658005], [12.56001, 55.658201], [12.560058, 55.658387], [12.560196, 55.658999], [12.560248, 55.659381], [12.560256, 55.659633], [12.56023, 55.65988], [12.560183, 55.660081], [12.560092, 55.660231], [12.559949, 55.660399], [12.559426, 55.66091], [12.558239, 55.66185], [12.55806, 55.661998], [12.55774, 55.66229], [12.557445, 55.6626], [12.55697, 55.663166], [12.556673, 55.663583], [12.556496, 55.663807], [12.556256, 55.664059], [12.555979, 55.664303], [12.555685, 55.664523], [12.554684, 55.665206], [12.554464, 55.665399], [12.554294, 55.665606], [12.554162, 55.66582], [12.554081, 55.666036], [12.554044, 55.666254], [12.554057, 55.666476], [12.554108, 55.666696], [12.554207, 55.666907], [12.554349, 55.667115], [12.554541, 55.667316], [12.554776, 55.667507], [12.555299, 55.667846], [12.555881, 55.66815], [12.559052, 55.669652], [12.559494, 55.669856], [12.559947, 55.670054], [12.56041, 55.670244], [12.560878, 55.670425], [12.561356, 55.670599], [12.564332, 55.67162], [12.564552, 55.671623], [12.564848, 55.671731], [12.56508, 55.671832], [12.565297, 55.671943], [12.565501, 55.672081], [12.565689, 55.672228], [12.565846, 55.672377], [12.565987, 55.672534], [12.566082, 55.672703], [12.566142, 55.672836], [12.566186, 55.672969], [12.566213, 55.673094], [12.56621, 55.673229], [12.566202, 55.67349], [12.566083, 55.674105], [12.566067, 55.674276], [12.56608, 55.67442], [12.566112, 55.674599], [12.566175, 55.674768], [12.566254, 55.674936], [12.566364, 55.675095], [12.566455, 55.675218], [12.566576, 55.675332], [12.566869, 55.675575], [12.567192, 55.675799], [12.568188, 55.676427], [12.568829, 55.676831], [12.569099, 55.676994], [12.569449, 55.677172], [12.569829, 55.677323], [12.570272, 55.677472], [12.570745, 55.677593], [12.571231, 55.677696], [12.571731, 55.677762], [12.572163, 55.677795], [12.572594, 55.677809], [12.57304, 55.677805], [12.573482, 55.677774], [12.573829, 55.677737], [12.574206, 55.677681], [12.57538, 55.677467], [12.575788, 55.677401], [12.576213, 55.677353], [12.576624, 55.677323], [12.577086, 55.677327], [12.57755, 55.677359], [12.577905, 55.677411], [12.578745, 55.677549], [12.579845, 55.677741], [12.580217, 55.677812], [12.580656, 55.677916], [12.581066, 55.678048], [12.581395, 55.678164], [12.581727, 55.678316], [12.582826, 55.67885], [12.583341, 55.679078], [12.583804, 55.679271], [12.585008, 55.67974], [12.586972, 55.680501], [12.587252, 55.680609], [12.587469, 55.680711], [12.587737, 55.680865], [12.587975, 55.681029], [12.588182, 55.681202], [12.588343, 55.681396], [12.588472, 55.68159], [12.588554, 55.681785], [12.588604, 55.681981], [12.588622, 55.682179], [12.588606, 55.682359], [12.58856, 55.682549], [12.588334, 55.683203], [12.588277, 55.683457], [12.588253, 55.683709], [12.588258, 55.683943], [12.588343, 55.684174], [12.58846, 55.684404], [12.589068, 55.685133], [12.58964, 55.685818], [12.589949, 55.68624], [12.590081, 55.686461], [12.590212, 55.686682], [12.590312, 55.686904], [12.590396, 55.687126], [12.590466, 55.687367], [12.590504, 55.687609], [12.590543, 55.687859], [12.59055, 55.688111], [12.590541, 55.688354], [12.5905, 55.688598], [12.590459, 55.688851], [12.590385, 55.689087], [12.590296, 55.689332], [12.590175, 55.689569], [12.590053, 55.689807], [12.589899, 55.690036], [12.589729, 55.690257], [12.589543, 55.690487], [12.589339, 55.6907], [12.58912, 55.690913], [12.588898, 55.691099], [12.588661, 55.691286], [12.588407, 55.691465], [12.588136, 55.691643], [12.587548, 55.691993], [12.586578, 55.692525], [12.584845, 55.693421], [12.584418, 55.693622], [12.583973, 55.693806], [12.583495, 55.693973], [12.583015, 55.694122], [12.582596, 55.694242], [12.581617, 55.694504], [12.58112, 55.694645], [12.58058, 55.694831], [12.580073, 55.695026], [12.57969, 55.69519], [12.579324, 55.695372], [12.57764, 55.696275], [12.577341, 55.69649], [12.577059, 55.696715], [12.576943, 55.696835], [12.576742, 55.697083], [12.576659, 55.697212], [12.576524, 55.697477], [12.576437, 55.697749], [12.576382, 55.69802], [12.576392, 55.698299], [12.57642, 55.698433], [12.576493, 55.698709], [12.576553, 55.698842], [12.576704, 55.699099], [12.576902, 55.699354], [12.577147, 55.699589], [12.577422, 55.699815], [12.577744, 55.70003], [12.579274, 55.701083], [12.580409, 55.701832], [12.581428, 55.702522], [12.582763, 55.703373], [12.58334, 55.703752], [12.58383, 55.704061], [12.584316, 55.704326], [12.584817, 55.704581], [12.585248, 55.704766], [12.585842, 55.704991], [12.586318, 55.705148], [12.586824, 55.705286], [12.587281, 55.705408], [12.588241, 55.705632], [12.58865, 55.705745], [12.588929, 55.705836], [12.589258, 55.705952], [12.589739, 55.706154], [12.590207, 55.706401], [12.590476, 55.706555], [12.590715, 55.706728], [12.591006, 55.706953], [12.592334, 55.708056], [12.59273, 55.708377], [12.592939, 55.708578], [12.593134, 55.708788], [12.593314, 55.709017], [12.593516, 55.709308], [12.595667, 55.712608]]}, "properties": {"shape_id": "5893", "route_id": "24864_1", "route_short_name": "M4", "agency_id": "319"}}, {"type": "Feature", "geometry": {"type": "LineString", "coordinates": [[12.556169, 55.653766], [12.556605, 55.654045], [12.557077, 55.654488], [12.557449, 55.654945], [12.557734, 55.655336], [12.558716, 55.656307], [12.559173, 55.656745], [12.559385, 55.657003], [12.559507, 55.657175], [12.559743, 55.657577], [12.559939, 55.658005], [12.56001, 55.658201], [12.560058, 55.658387], [12.560196, 55.658999], [12.560248, 55.659381], [12.560256, 55.659633], [12.56023, 55.65988], [12.560183, 55.660081], [12.560092, 55.660231], [12.559949, 55.660399], [12.559426, 55.66091], [12.558239, 55.66185], [12.55806, 55.661998], [12.55774, 55.66229], [12.557445, 55.6626], [12.55697, 55.663166], [12.556673, 55.663583], [12.556496, 55.663807], [12.556256, 55.664059], [12.555979, 55.664303], [12.555685, 55.664523], [12.554684, 55.665206], [12.554464, 55.665399], [12.554294, 55.665606], [12.554162, 55.66582], [12.554081, 55.666036], [12.554044, 55.666254], [12.554057, 55.666476], [12.554108, 55.666696], [12.554207, 55.666907], [12.554349, 55.667115], [12.554541, 55.667316], [12.554776, 55.667507], [12.555299, 55.667846], [12.555881, 55.66815], [12.559052, 55.669652], [12.559494, 55.669856], [12.559947, 55.670054], [12.56041, 55.670244], [12.560878, 55.670425], [12.561356, 55.670599], [12.564332, 55.67162], [12.564552, 55.671623], [12.564848, 55.671731], [12.56508, 55.671832], [12.565297, 55.671943], [12.565501, 55.672081], [12.565689, 55.672228], [12.565846, 55.672377], [12.565987, 55.672534], [12.566082, 55.672703], [12.566142, 55.672836], [12.566186, 55.672969], [12.566213, 55.673094], [12.56621, 55.673229], [12.566202, 55.67349], [12.566083, 55.674105], [12.566067, 55.674276], [12.56608, 55.67442], [12.566112, 55.674599], [12.566175, 55.674768], [12.566254, 55.674936], [12.566364, 55.675095], [12.566455, 55.675218], [12.566576, 55.675332], [12.566869, 55.675575], [12.567192, 55.675799], [12.568188, 55.676427], [12.568829, 55.676831], [12.569099, 55.676994], [12.569449, 55.677172], [12.569829, 55.677323], [12.570272, 55.677472], [12.570745, 55.677593], [12.571231, 55.677696], [12.571731, 55.677762], [12.572163, 55.677795], [12.572594, 55.677809], [12.57304, 55.677805], [12.573482, 55.677774], [12.573829, 55.677737], [12.574206, 55.677681], [12.57538, 55.677467], [12.575788, 55.677401], [12.576213, 55.677353], [12.576624, 55.677323], [12.577086, 55.677327], [12.57755, 55.677359], [12.577905, 55.677411], [12.578745, 55.677549], [12.579845, 55.677741], [12.580217, 55.677812], [12.580656, 55.677916], [12.581066, 55.678048], [12.581395, 55.678164], [12.581727, 55.678316], [12.582826, 55.67885], [12.583341, 55.679078], [12.583804, 55.679271], [12.585008, 55.67974], [12.586972, 55.680501], [12.587252, 55.680609], [12.587469, 55.680711], [12.587737, 55.680865], [12.587975, 55.681029], [12.588182, 55.681202], [12.588343, 55.681396], [12.588472, 55.68159], [12.588554, 55.681785], [12.588604, 55.681981], [12.588622, 55.682179], [12.588606, 55.682359], [12.58856, 55.682549], [12.588334, 55.683203], [12.588277, 55.683457], [12.588253, 55.683709], [12.588258, 55.683943], [12.588343, 55.684174], [12.58846, 55.684404], [12.589068, 55.685133], [12.58964, 55.685818], [12.589949, 55.68624], [12.590081, 55.686461], [12.590212, 55.686682], [12.590312, 55.686904], [12.590396, 55.687126], [12.590466, 55.687367], [12.590504, 55.687609], [12.590543, 55.687859], [12.59055, 55.688111], [12.590541, 55.688354], [12.5905, 55.688598], [12.590459, 55.688851], [12.590385, 55.689087], [12.590296, 55.689332], [12.590175, 55.689569], [12.590053, 55.689807], [12.589899, 55.690036], [12.589729, 55.690257], [12.589543, 55.690487], [12.589339, 55.6907], [12.58912, 55.690913], [12.588898, 55.691099], [12.588661, 55.691286], [12.588407, 55.691465], [12.588136, 55.691643], [12.587548, 55.691993], [12.586578, 55.692525], [12.584845, 55.693421], [12.584418, 55.693622], [12.583973, 55.693806], [12.583495, 55.693973], [12.583015, 55.694122], [12.582596, 55.694242], [12.581617, 55.694504], [12.58112, 55.694645], [12.58058, 55.694831], [12.580073, 55.695026], [12.57969, 55.69519], [12.579324, 55.695372], [12.57764, 55.696275], [12.577341, 55.69649], [12.577059, 55.696715], [12.576943, 55.696835], [12.576742, 55.697083], [12.576659, 55.697212], [12.576524, 55.697477], [12.576437, 55.697749], [12.576382, 55.69802], [12.576392, 55.698299], [12.57642, 55.698433], [12.576493, 55.698709], [12.576553, 55.698842], [12.576704, 55.699099], [12.576902, 55.699354], [12.577147, 55.699589], [12.577422, 55.699815], [12.577744, 55.70003], [12.579274, 55.701083], [12.580409, 55.701832], [12.581428, 55.702522], [12.582763, 55.703373], [12.58334, 55.703752], [12.58383, 55.704061], [12.584316, 55.704326], [12.584817, 55.704581], [12.585248, 55.704766], [12.585842, 55.704991], [12.586318, 55.705148], [12.586824, 55.705286], [12.587281, 55.705408], [12.588241, 55.705632], [12.58865, 55.705745], [12.588929, 55.705836], [12.589258, 55.705952], [12.589739, 55.706154], [12.590207, 55.706401], [12.590476, 55.706555], [12.590715, 55.706728], [12.591006, 55.706953], [12.592334, 55.708056], [12.59273, 55.708377], [12.592939, 55.708578], [12.593134, 55.708788], [12.593314, 55.709017], [12.593516, 55.709308], [12.595667, 55.712608]]}, "properties": {"shape_id": "5894", "route_id": "24864_1", "route_short_name": "M4", "agency_id": "319"}}, {"type": "Feature", "geometry": {"type": "LineString", "coordinates": [[12.586578, 55.692525], [12.584845, 55.693421], [12.584418, 55.693622], [12.583973, 55.693806], [12.583495, 55.693973], [12.583015, 55.694122], [12.582596, 55.694242], [12.581617, 55.694504], [12.58112, 55.694645], [12.58058, 55.694831], [12.580073, 55.695026], [12.57969, 55.69519], [12.579324, 55.695372], [12.57764, 55.696275], [12.577341, 55.69649], [12.577059, 55.696715], [12.576943, 55.696835], [12.576742, 55.697083], [12.576659, 55.697212], [12.576524, 55.697477], [12.576437, 55.697749], [12.576382, 55.69802], [12.576392, 55.698299], [12.57642, 55.698433], [12.576493, 55.698709], [12.576553, 55.698842], [12.576704, 55.699099], [12.576902, 55.699354], [12.577147, 55.699589], [12.577422, 55.699815], [12.577744, 55.70003], [12.579274, 55.701083], [12.580409, 55.701832], [12.581428, 55.702522], [12.582763, 55.703373], [12.58334, 55.703752], [12.58383, 55.704061], [12.584316, 55.704326], [12.584817, 55.704581], [12.585248, 55.704766], [12.585842, 55.704991], [12.586318, 55.705148], [12.586824, 55.705286], [12.587281, 55.705408], [12.588241, 55.705632], [12.58865, 55.705745], [12.588929, 55.705836], [12.589258, 55.705952], [12.589739, 55.706154], [12.590207, 55.706401], [12.590476, 55.706555], [12.590715, 55.706728], [12.591006, 55.706953], [12.592334, 55.708056], [12.59273, 55.708377], [12.592939, 55.708578], [12.593134, 55.708788], [12.593314, 55.709017], [12.593516, 55.709308], [12.595667, 55.712608]]}, "properties": {"shape_id": "5895", "route_id": "24864_1", "route_short_name": "M4", "agency_id": "319"}}, {"type": "Feature", "geometry": {"type": "LineString", "coordinates": [[12.516427, 55.65253], [12.517938, 55.651721], [12.518181, 55.651601], [12.51852, 55.651454], [12.518863, 55.651321], [12.52024, 55.650828], [12.520965, 55.650541], [12.521645, 55.650292], [12.521946, 55.650201], [12.522781, 55.649997], [12.523836, 55.649821], [12.524915, 55.649714], [12.527072, 55.649568], [12.528399, 55.649468], [12.530819, 55.649304], [12.532978, 55.649147], [12.533956, 55.649049], [12.534145, 55.648979], [12.535338, 55.648594], [12.536395, 55.648123], [12.53759, 55.647551], [12.538773, 55.647094], [12.540515, 55.646397], [12.541098, 55.646228], [12.541755, 55.646064], [12.542275, 55.645956], [12.543092, 55.645855], [12.543747, 55.645836], [12.544412, 55.645891], [12.544763, 55.645906], [12.54562, 55.645924], [12.546159, 55.645965], [12.547467, 55.646138], [12.548475, 55.646331], [12.548931, 55.64643], [12.549806, 55.646652], [12.550778, 55.647039], [12.551123, 55.64721], [12.552006, 55.647814], [12.552505, 55.648172], [12.552832, 55.648446], [12.553239, 55.648852], [12.553477, 55.649116], [12.553612, 55.649395], [12.553757, 55.649735], [12.553963, 55.650407], [12.554033, 55.650829], [12.554141, 55.651271], [12.554378, 55.652371], [12.554603, 55.652694], [12.554699, 55.65277], [12.555669, 55.653422], [12.55596, 55.653656], [12.556169, 55.653766], [12.556605, 55.654045], [12.557077, 55.654488], [12.557449, 55.654945], [12.557734, 55.655336], [12.558716, 55.656307], [12.559173, 55.656745], [12.559385, 55.657003], [12.559507, 55.657175], [12.559743, 55.657577], [12.559939, 55.658005], [12.56001, 55.658201], [12.560058, 55.658387], [12.560196, 55.658999], [12.560248, 55.659381], [12.560256, 55.659633], [12.56023, 55.65988], [12.560183, 55.660081], [12.560092, 55.660231], [12.559949, 55.660399], [12.559426, 55.66091], [12.558239, 55.66185], [12.55806, 55.661998], [12.55774, 55.66229], [12.557445, 55.6626], [12.55697, 55.663166], [12.556673, 55.663583], [12.556496, 55.663807], [12.556256, 55.664059], [12.555979, 55.664303], [12.555685, 55.664523], [12.554684, 55.665206], [12.554464, 55.665399], [12.554294, 55.665606], [12.554162, 55.66582], [12.554081, 55.666036], [12.554044, 55.666254], [12.554057, 55.666476], [12.554108, 55.666696], [12.554207, 55.666907], [12.554349, 55.667115], [12.554541, 55.667316], [12.554776, 55.667507], [12.555299, 55.667846], [12.555881, 55.66815], [12.559052, 55.669652], [12.559494, 55.669856], [12.559947, 55.670054], [12.56041, 55.670244], [12.560878, 55.670425], [12.561356, 55.670599], [12.564332, 55.67162]]}, "properties": {"shape_id": "5896", "route_id": "24864_1", "route_short_name": "M4", "agency_id": "319"}}, {"type": "Feature", "geometry": {"type": "LineString", "coordinates": [[12.556169, 55.653766], [12.556605, 55.654045], [12.557077, 55.654488], [12.557449, 55.654945], [12.557734, 55.655336], [12.558716, 55.656307], [12.559173, 55.656745], [12.559385, 55.657003], [12.559507, 55.657175], [12.559743, 55.657577], [12.559939, 55.658005], [12.56001, 55.658201], [12.560058, 55.658387], [12.560196, 55.658999], [12.560248, 55.659381], [12.560256, 55.659633], [12.56023, 55.65988], [12.560183, 55.660081], [12.560092, 55.660231], [12.559949, 55.660399], [12.559426, 55.66091], [12.558239, 55.66185], [12.55806, 55.661998], [12.55774, 55.66229], [12.557445, 55.6626], [12.55697, 55.663166], [12.556673, 55.663583], [12.556496, 55.663807], [12.556256, 55.664059], [12.555979, 55.664303], [12.555685, 55.664523], [12.554684, 55.665206], [12.554464, 55.665399], [12.554294, 55.665606], [12.554162, 55.66582], [12.554081, 55.666036], [12.554044, 55.666254], [12.554057, 55.666476], [12.554108, 55.666696], [12.554207, 55.666907], [12.554349, 55.667115], [12.554541, 55.667316], [12.554776, 55.667507], [12.555299, 55.667846], [12.555881, 55.66815], [12.559052, 55.669652], [12.559494, 55.669856], [12.559947, 55.670054], [12.56041, 55.670244], [12.560878, 55.670425], [12.561356, 55.670599], [12.564332, 55.67162]]}, "properties": {"shape_id": "5897", "route_id": "24864_1", "route_short_name": "M4", "agency_id": "319"}}, {"type": "Feature", "geometry": {"type": "LineString", "coordinates": [[12.516427, 55.65253], [12.517938, 55.651721], [12.518181, 55.651601], [12.51852, 55.651454], [12.518863, 55.651321], [12.52024, 55.650828], [12.520965, 55.650541], [12.521645, 55.650292], [12.521946, 55.650201], [12.522781, 55.649997], [12.523836, 55.649821], [12.524915, 55.649714], [12.527072, 55.649568], [12.528399, 55.649468], [12.530819, 55.649304], [12.532978, 55.649147], [12.533956, 55.649049], [12.534145, 55.648979], [12.535338, 55.648594], [12.536395, 55.648123], [12.53759, 55.647551], [12.538773, 55.647094], [12.540515, 55.646397], [12.541098, 55.646228], [12.541755, 55.646064], [12.542275, 55.645956], [12.543092, 55.645855], [12.543747, 55.645836], [12.544412, 55.645891], [12.544763, 55.645906], [12.54562, 55.645924], [12.546159, 55.645965], [12.547467, 55.646138], [12.548475, 55.646331], [12.548931, 55.64643], [12.549806, 55.646652], [12.550778, 55.647039], [12.551123, 55.64721], [12.552006, 55.647814], [12.552505, 55.648172], [12.552832, 55.648446], [12.553239, 55.648852], [12.553477, 55.649116], [12.553612, 55.649395], [12.553757, 55.649735], [12.553963, 55.650407], [12.554033, 55.650829], [12.554141, 55.651271], [12.554378, 55.652371], [12.554603, 55.652694], [12.554699, 55.65277], [12.555669, 55.653422], [12.55596, 55.653656], [12.556169, 55.653766]]}, "properties": {"shape_id": "5898", "route_id": "24864_1", "route_short_name": "M4", "agency_id": "319"}}, {"type": "Feature", "geometry": {"type": "LineString", "coordinates": [[12.595667, 55.712608], [12.593516, 55.709308], [12.593314, 55.709017], [12.593134, 55.708788], [12.592939, 55.708578], [12.59273, 55.708377], [12.592334, 55.708056], [12.591006, 55.706953], [12.590715, 55.706728], [12.590476, 55.706555], [12.590207, 55.706401], [12.589739, 55.706154], [12.589258, 55.705952], [12.588929, 55.705836], [12.58865, 55.705745], [12.588241, 55.705632], [12.587281, 55.705408], [12.586824, 55.705286], [12.586318, 55.705148], [12.585842, 55.704991], [12.585248, 55.704766], [12.584817, 55.704581], [12.584316, 55.704326], [12.58383, 55.704061], [12.58334, 55.703752], [12.582763, 55.703373], [12.581428, 55.702522], [12.580409, 55.701832], [12.579274, 55.701083], [12.577744, 55.70003], [12.577422, 55.699815], [12.577147, 55.699589], [12.576902, 55.699354], [12.576704, 55.699099], [12.576553, 55.698842], [12.576493, 55.698709], [12.57642, 55.698433], [12.576392, 55.698299], [12.576382, 55.69802], [12.576437, 55.697749], [12.576524, 55.697477], [12.576659, 55.697212], [12.576742, 55.697083], [12.576943, 55.696835], [12.577059, 55.696715], [12.577341, 55.69649], [12.57764, 55.696275], [12.579324, 55.695372], [12.57969, 55.69519], [12.580073, 55.695026], [12.58058, 55.694831], [12.58112, 55.694645], [12.581617, 55.694504], [12.582596, 55.694242], [12.583015, 55.694122], [12.583495, 55.693973], [12.583973, 55.693806], [12.584418, 55.693622], [12.584845, 55.693421], [12.586578, 55.692525], [12.587548, 55.691993], [12.588136, 55.691643], [12.588407, 55.691465], [12.588661, 55.691286], [12.588898, 55.691099], [12.58912, 55.690913], [12.589339, 55.6907], [12.589543, 55.690487], [12.589729, 55.690257], [12.589899, 55.690036], [12.590053, 55.689807], [12.590175, 55.689569], [12.590296, 55.689332], [12.590385, 55.689087], [12.590459, 55.688851], [12.5905, 55.688598], [12.590541, 55.688354], [12.59055, 55.688111], [12.590543, 55.687859], [12.590504, 55.687609], [12.590466, 55.687367], [12.590396, 55.687126], [12.590312, 55.686904], [12.590212, 55.686682], [12.590081, 55.686461], [12.589949, 55.68624], [12.58964, 55.685818], [12.589068, 55.685133], [12.58846, 55.684404], [12.588343, 55.684174], [12.588258, 55.683943], [12.588253, 55.683709], [12.588277, 55.683457], [12.588334, 55.683203], [12.58856, 55.682549], [12.588606, 55.682359], [12.588622, 55.682179], [12.588604, 55.681981], [12.588554, 55.681785], [12.588472, 55.68159], [12.588343, 55.681396], [12.588182, 55.681202], [12.587975, 55.681029], [12.587737, 55.680865], [12.587469, 55.680711], [12.587252, 55.680609], [12.586972, 55.680501], [12.585008, 55.67974], [12.583804, 55.679271], [12.583341, 55.679078], [12.582826, 55.67885], [12.581727, 55.678316], [12.581395, 55.678164], [12.581066, 55.678048], [12.580656, 55.677916], [12.580217, 55.677812], [12.579845, 55.677741], [12.578745, 55.677549], [12.577905, 55.677411], [12.57755, 55.677359], [12.577086, 55.677327], [12.576624, 55.677323], [12.576213, 55.677353], [12.575788, 55.677401], [12.57538, 55.677467], [12.574206, 55.677681], [12.573829, 55.677737], [12.573482, 55.677774], [12.57304, 55.677805], [12.572594, 55.677809], [12.572163, 55.677795], [12.571731, 55.677762], [12.571231, 55.677696], [12.570745, 55.677593], [12.570272, 55.677472], [12.569829, 55.677323], [12.569449, 55.677172], [12.569099, 55.676994], [12.568829, 55.676831], [12.568188, 55.676427], [12.567192, 55.675799], [12.566869, 55.675575], [12.566576, 55.675332], [12.566455, 55.675218], [12.566364, 55.675095], [12.566254, 55.674936], [12.566175, 55.674768], [12.566112, 55.674599], [12.56608, 55.67442], [12.566067, 55.674276], [12.566083, 55.674105], [12.566202, 55.67349], [12.56621, 55.673229], [12.566213, 55.673094], [12.566186, 55.672969], [12.566142, 55.672836], [12.566082, 55.672703], [12.565987, 55.672534], [12.565846, 55.672377], [12.565689, 55.672228], [12.565501, 55.672081], [12.565297, 55.671943], [12.56508, 55.671832], [12.564848, 55.671731], [12.564552, 55.671623], [12.564332, 55.67162], [12.561356, 55.670599], [12.560878, 55.670425], [12.56041, 55.670244], [12.559947, 55.670054], [12.559494, 55.669856], [12.559052, 55.669652], [12.555881, 55.66815], [12.555299, 55.667846], [12.554776, 55.667507], [12.554541, 55.667316], [12.554349, 55.667115], [12.554207, 55.666907], [12.554108, 55.666696], [12.554057, 55.666476], [12.554044, 55.666254], [12.554081, 55.666036], [12.554162, 55.66582], [12.554294, 55.665606], [12.554464, 55.665399], [12.554684, 55.665206], [12.555685, 55.664523], [12.555979, 55.664303], [12.556256, 55.664059], [12.556496, 55.663807], [12.556673, 55.663583], [12.55697, 55.663166], [12.557445, 55.6626], [12.55774, 55.66229], [12.55806, 55.661998], [12.558239, 55.66185], [12.559426, 55.66091], [12.559949, 55.660399], [12.560092, 55.660231], [12.560183, 55.660081], [12.56023, 55.65988], [12.560256, 55.659633], [12.560248, 55.659381], [12.560196, 55.658999], [12.560058, 55.658387], [12.56001, 55.658201], [12.559939, 55.658005], [12.559743, 55.657577], [12.559507, 55.657175], [12.559385, 55.657003], [12.559173, 55.656745], [12.558716, 55.656307], [12.557734, 55.655336], [12.557449, 55.654945], [12.557077, 55.654488], [12.556605, 55.654045], [12.556169, 55.653766], [12.55596, 55.653656], [12.555669, 55.653422], [12.554699, 55.65277], [12.554603, 55.652694], [12.554378, 55.652371], [12.554141, 55.651271], [12.554033, 55.650829], [12.553963, 55.650407], [12.553757, 55.649735], [12.553612, 55.649395], [12.553477, 55.649116], [12.553239, 55.648852], [12.552832, 55.648446], [12.552505, 55.648172], [12.552006, 55.647814], [12.551123, 55.64721], [12.550778, 55.647039], [12.549806, 55.646652], [12.548931, 55.64643], [12.548475, 55.646331], [12.547467, 55.646138], [12.546159, 55.645965], [12.54562, 55.645924], [12.544763, 55.645906], [12.544412, 55.645891], [12.543747, 55.645836], [12.543092, 55.645855], [12.542275, 55.645956], [12.541755, 55.646064], [12.541098, 55.646228], [12.540515, 55.646397], [12.538773, 55.647094], [12.53759, 55.647551], [12.536395, 55.648123], [12.535338, 55.648594], [12.534145, 55.648979], [12.533956, 55.649049], [12.532978, 55.649147], [12.530819, 55.649304], [12.528399, 55.649468], [12.527072, 55.649568], [12.524915, 55.649714], [12.523836, 55.649821], [12.522781, 55.649997], [12.521946, 55.650201], [12.521645, 55.650292], [12.520965, 55.650541], [12.52024, 55.650828], [12.518863, 55.651321], [12.51852, 55.651454], [12.518181, 55.651601], [12.517938, 55.651721], [12.516427, 55.65253]]}, "properties": {"shape_id": "5899", "route_id": "24864_1", "route_short_name": "M4", "agency_id": "319"}}, {"type": "Feature", "geometry": {"type": "LineString", "coordinates": [[12.564332, 55.67162], [12.561356, 55.670599], [12.560878, 55.670425], [12.56041, 55.670244], [12.559947, 55.670054], [12.559494, 55.669856], [12.559052, 55.669652], [12.555881, 55.66815], [12.555299, 55.667846], [12.554776, 55.667507], [12.554541, 55.667316], [12.554349, 55.667115], [12.554207, 55.666907], [12.554108, 55.666696], [12.554057, 55.666476], [12.554044, 55.666254], [12.554081, 55.666036], [12.554162, 55.66582], [12.554294, 55.665606], [12.554464, 55.665399], [12.554684, 55.665206], [12.555685, 55.664523], [12.555979, 55.664303], [12.556256, 55.664059], [12.556496, 55.663807], [12.556673, 55.663583], [12.55697, 55.663166], [12.557445, 55.6626], [12.55774, 55.66229], [12.55806, 55.661998], [12.558239, 55.66185], [12.559426, 55.66091], [12.559949, 55.660399], [12.560092, 55.660231], [12.560183, 55.660081], [12.56023, 55.65988], [12.560256, 55.659633], [12.560248, 55.659381], [12.560196, 55.658999], [12.560058, 55.658387], [12.56001, 55.658201], [12.559939, 55.658005], [12.559743, 55.657577], [12.559507, 55.657175], [12.559385, 55.657003], [12.559173, 55.656745], [12.558716, 55.656307], [12.557734, 55.655336], [12.557449, 55.654945], [12.557077, 55.654488], [12.556605, 55.654045], [12.556169, 55.653766], [12.55596, 55.653656], [12.555669, 55.653422], [12.554699, 55.65277], [12.554603, 55.652694], [12.554378, 55.652371], [12.554141, 55.651271], [12.554033, 55.650829], [12.553963, 55.650407], [12.553757, 55.649735], [12.553612, 55.649395], [12.553477, 55.649116], [12.553239, 55.648852], [12.552832, 55.648446], [12.552505, 55.648172], [12.552006, 55.647814], [12.551123, 55.64721], [12.550778, 55.647039], [12.549806, 55.646652], [12.548931, 55.64643], [12.548475, 55.646331], [12.547467, 55.646138], [12.546159, 55.645965], [12.54562, 55.645924], [12.544763, 55.645906], [12.544412, 55.645891], [12.543747, 55.645836], [12.543092, 55.645855], [12.542275, 55.645956], [12.541755, 55.646064], [12.541098, 55.646228], [12.540515, 55.646397], [12.538773, 55.647094], [12.53759, 55.647551], [12.536395, 55.648123], [12.535338, 55.648594], [12.534145, 55.648979], [12.533956, 55.649049], [12.532978, 55.649147], [12.530819, 55.649304], [12.528399, 55.649468], [12.527072, 55.649568], [12.524915, 55.649714], [12.523836, 55.649821], [12.522781, 55.649997], [12.521946, 55.650201], [12.521645, 55.650292], [12.520965, 55.650541], [12.52024, 55.650828], [12.518863, 55.651321], [12.51852, 55.651454], [12.518181, 55.651601], [12.517938, 55.651721], [12.516427, 55.65253]]}, "properties": {"shape_id": "5900", "route_id": "24864_1", "route_short_name": "M4", "agency_id": "319"}}, {"type": "Feature", "geometry": {"type": "LineString", "coordinates": [[12.556169, 55.653766], [12.55596, 55.653656], [12.555669, 55.653422], [12.554699, 55.65277], [12.554603, 55.652694], [12.554378, 55.652371], [12.554141, 55.651271], [12.554033, 55.650829], [12.553963, 55.650407], [12.553757, 55.649735], [12.553612, 55.649395], [12.553477, 55.649116], [12.553239, 55.648852], [12.552832, 55.648446], [12.552505, 55.648172], [12.552006, 55.647814], [12.551123, 55.64721], [12.550778, 55.647039], [12.549806, 55.646652], [12.548931, 55.64643], [12.548475, 55.646331], [12.547467, 55.646138], [12.546159, 55.645965], [12.54562, 55.645924], [12.544763, 55.645906], [12.544412, 55.645891], [12.543747, 55.645836], [12.543092, 55.645855], [12.542275, 55.645956], [12.541755, 55.646064], [12.541098, 55.646228], [12.540515, 55.646397], [12.538773, 55.647094], [12.53759, 55.647551], [12.536395, 55.648123], [12.535338, 55.648594], [12.534145, 55.648979], [12.533956, 55.649049], [12.532978, 55.649147], [12.530819, 55.649304], [12.528399, 55.649468], [12.527072, 55.649568], [12.524915, 55.649714], [12.523836, 55.649821], [12.522781, 55.649997], [12.521946, 55.650201], [12.521645, 55.650292], [12.520965, 55.650541], [12.52024, 55.650828], [12.518863, 55.651321], [12.51852, 55.651454], [12.518181, 55.651601], [12.517938, 55.651721], [12.516427, 55.65253]]}, "properties": {"shape_id": "5901", "route_id": "24864_1", "route_short_name": "M4", "agency_id": "319"}}, {"type": "Feature", "geometry": {"type": "LineString", "coordinates": [[12.595667, 55.712608], [12.593516, 55.709308], [12.593314, 55.709017], [12.593134, 55.708788], [12.592939, 55.708578], [12.59273, 55.708377], [12.592334, 55.708056], [12.591006, 55.706953], [12.590715, 55.706728], [12.590476, 55.706555], [12.590207, 55.706401], [12.589739, 55.706154], [12.589258, 55.705952], [12.588929, 55.705836], [12.58865, 55.705745], [12.588241, 55.705632], [12.587281, 55.705408], [12.586824, 55.705286], [12.586318, 55.705148], [12.585842, 55.704991], [12.585248, 55.704766], [12.584817, 55.704581], [12.584316, 55.704326], [12.58383, 55.704061], [12.58334, 55.703752], [12.582763, 55.703373], [12.581428, 55.702522], [12.580409, 55.701832], [12.579274, 55.701083], [12.577744, 55.70003], [12.577422, 55.699815], [12.577147, 55.699589], [12.576902, 55.699354], [12.576704, 55.699099], [12.576553, 55.698842], [12.576493, 55.698709], [12.57642, 55.698433], [12.576392, 55.698299], [12.576382, 55.69802], [12.576437, 55.697749], [12.576524, 55.697477], [12.576659, 55.697212], [12.576742, 55.697083], [12.576943, 55.696835], [12.577059, 55.696715], [12.577341, 55.69649], [12.57764, 55.696275], [12.579324, 55.695372], [12.57969, 55.69519], [12.580073, 55.695026], [12.58058, 55.694831], [12.58112, 55.694645], [12.581617, 55.694504], [12.582596, 55.694242], [12.583015, 55.694122], [12.583495, 55.693973], [12.583973, 55.693806], [12.584418, 55.693622], [12.584845, 55.693421], [12.586578, 55.692525], [12.587548, 55.691993], [12.588136, 55.691643], [12.588407, 55.691465], [12.588661, 55.691286], [12.588898, 55.691099], [12.58912, 55.690913], [12.589339, 55.6907], [12.589543, 55.690487], [12.589729, 55.690257], [12.589899, 55.690036], [12.590053, 55.689807], [12.590175, 55.689569], [12.590296, 55.689332], [12.590385, 55.689087], [12.590459, 55.688851], [12.5905, 55.688598], [12.590541, 55.688354], [12.59055, 55.688111], [12.590543, 55.687859], [12.590504, 55.687609], [12.590466, 55.687367], [12.590396, 55.687126], [12.590312, 55.686904], [12.590212, 55.686682], [12.590081, 55.686461], [12.589949, 55.68624], [12.58964, 55.685818], [12.589068, 55.685133], [12.58846, 55.684404], [12.588343, 55.684174], [12.588258, 55.683943], [12.588253, 55.683709], [12.588277, 55.683457], [12.588334, 55.683203], [12.58856, 55.682549], [12.588606, 55.682359], [12.588622, 55.682179], [12.588604, 55.681981], [12.588554, 55.681785], [12.588472, 55.68159], [12.588343, 55.681396], [12.588182, 55.681202], [12.587975, 55.681029], [12.587737, 55.680865], [12.587469, 55.680711], [12.587252, 55.680609], [12.586972, 55.680501], [12.585008, 55.67974], [12.583804, 55.679271], [12.583341, 55.679078], [12.582826, 55.67885], [12.581727, 55.678316], [12.581395, 55.678164], [12.581066, 55.678048], [12.580656, 55.677916], [12.580217, 55.677812], [12.579845, 55.677741], [12.578745, 55.677549], [12.577905, 55.677411], [12.57755, 55.677359], [12.577086, 55.677327], [12.576624, 55.677323], [12.576213, 55.677353], [12.575788, 55.677401], [12.57538, 55.677467], [12.574206, 55.677681], [12.573829, 55.677737], [12.573482, 55.677774], [12.57304, 55.677805], [12.572594, 55.677809], [12.572163, 55.677795], [12.571731, 55.677762], [12.571231, 55.677696], [12.570745, 55.677593], [12.570272, 55.677472], [12.569829, 55.677323], [12.569449, 55.677172], [12.569099, 55.676994], [12.568829, 55.676831], [12.568188, 55.676427], [12.567192, 55.675799], [12.566869, 55.675575], [12.566576, 55.675332], [12.566455, 55.675218], [12.566364, 55.675095], [12.566254, 55.674936], [12.566175, 55.674768], [12.566112, 55.674599], [12.56608, 55.67442], [12.566067, 55.674276], [12.566083, 55.674105], [12.566202, 55.67349], [12.56621, 55.673229], [12.566213, 55.673094], [12.566186, 55.672969], [12.566142, 55.672836], [12.566082, 55.672703], [12.565987, 55.672534], [12.565846, 55.672377], [12.565689, 55.672228], [12.565501, 55.672081], [12.565297, 55.671943], [12.56508, 55.671832], [12.564848, 55.671731], [12.564552, 55.671623], [12.564332, 55.67162]]}, "properties": {"shape_id": "5902", "route_id": "24864_1", "route_short_name": "M4", "agency_id": "319"}}, {"type": "Feature", "geometry": {"type": "LineString", "coordinates": [[12.595667, 55.712608], [12.593516, 55.709308], [12.593314, 55.709017], [12.593134, 55.708788], [12.592939, 55.708578], [12.59273, 55.708377], [12.592334, 55.708056], [12.591006, 55.706953], [12.590715, 55.706728], [12.590476, 55.706555], [12.590207, 55.706401], [12.589739, 55.706154], [12.589258, 55.705952], [12.588929, 55.705836], [12.58865, 55.705745], [12.588241, 55.705632], [12.587281, 55.705408], [12.586824, 55.705286], [12.586318, 55.705148], [12.585842, 55.704991], [12.585248, 55.704766], [12.584817, 55.704581], [12.584316, 55.704326], [12.58383, 55.704061], [12.58334, 55.703752], [12.582763, 55.703373], [12.581428, 55.702522], [12.580409, 55.701832], [12.579274, 55.701083], [12.577744, 55.70003], [12.577422, 55.699815], [12.577147, 55.699589], [12.576902, 55.699354], [12.576704, 55.699099], [12.576553, 55.698842], [12.576493, 55.698709], [12.57642, 55.698433], [12.576392, 55.698299], [12.576382, 55.69802], [12.576437, 55.697749], [12.576524, 55.697477], [12.576659, 55.697212], [12.576742, 55.697083], [12.576943, 55.696835], [12.577059, 55.696715], [12.577341, 55.69649], [12.57764, 55.696275], [12.579324, 55.695372], [12.57969, 55.69519], [12.580073, 55.695026], [12.58058, 55.694831], [12.58112, 55.694645], [12.581617, 55.694504], [12.582596, 55.694242], [12.583015, 55.694122], [12.583495, 55.693973], [12.583973, 55.693806], [12.584418, 55.693622], [12.584845, 55.693421], [12.586578, 55.692525]]}, "properties": {"shape_id": "5903", "route_id": "24864_1", "route_short_name": "M4", "agency_id": "319"}}, {"type": "Feature", "geometry": {"type": "LineString", "coordinates": [[12.564332, 55.67162], [12.561356, 55.670599], [12.560878, 55.670425], [12.56041, 55.670244], [12.559947, 55.670054], [12.559494, 55.669856], [12.559052, 55.669652], [12.555881, 55.66815], [12.555299, 55.667846], [12.554776, 55.667507], [12.554541, 55.667316], [12.554349, 55.667115], [12.554207, 55.666907], [12.554108, 55.666696], [12.554057, 55.666476], [12.554044, 55.666254], [12.554081, 55.666036], [12.554162, 55.66582], [12.554294, 55.665606], [12.554464, 55.665399], [12.554684, 55.665206], [12.555685, 55.664523], [12.555979, 55.664303], [12.556256, 55.664059], [12.556496, 55.663807], [12.556673, 55.663583], [12.55697, 55.663166], [12.557445, 55.6626], [12.55774, 55.66229], [12.55806, 55.661998], [12.558239, 55.66185], [12.559426, 55.66091], [12.559949, 55.660399], [12.560092, 55.660231], [12.560183, 55.660081], [12.56023, 55.65988], [12.560256, 55.659633], [12.560248, 55.659381], [12.560196, 55.658999], [12.560058, 55.658387], [12.56001, 55.658201], [12.559939, 55.658005], [12.559743, 55.657577], [12.559507, 55.657175], [12.559385, 55.657003], [12.559173, 55.656745], [12.558716, 55.656307], [12.557734, 55.655336], [12.557449, 55.654945], [12.557077, 55.654488], [12.556605, 55.654045], [12.556169, 55.653766]]}, "properties": {"shape_id": "5904", "route_id": "24864_1", "route_short_name": "M4", "agency_id": "319"}}, {"type": "Feature", "geometry": {"type": "LineString", "coordinates": [[12.427605, 55.706109], [12.427446, 55.705948], [12.426373, 55.704973], [12.425685, 55.704372], [12.425111, 55.70389], [12.424646, 55.703538], [12.423696, 55.702878], [12.423249, 55.702578], [12.422706, 55.702231], [12.422148, 55.701892], [12.420511, 55.700959], [12.420252, 55.700796], [12.419709, 55.700433], [12.419321, 55.7002], [12.418458, 55.699732], [12.417042, 55.699064], [12.416499, 55.698785], [12.416033, 55.698526], [12.415478, 55.698181], [12.414514, 55.697514], [12.412883, 55.696384], [12.412587, 55.696164], [12.412304, 55.695936], [12.411267, 55.695057], [12.410522, 55.694367], [12.410109, 55.693967], [12.40987, 55.693752], [12.40942, 55.693374], [12.409029, 55.693068], [12.406672, 55.691087], [12.406276, 55.69073], [12.405675, 55.690224], [12.405292, 55.689926], [12.404321, 55.689242], [12.404052, 55.689034], [12.403774, 55.688802], [12.400312, 55.685843], [12.399838, 55.685391], [12.399262, 55.684765], [12.399053, 55.684566], [12.398801, 55.684365], [12.398313, 55.684026], [12.39802, 55.683776], [12.397773, 55.683504], [12.3975, 55.68311], [12.397259, 55.682711], [12.397029, 55.682259], [12.396812, 55.681733], [12.396446, 55.680707], [12.396378, 55.680454], [12.39629, 55.679978], [12.396174, 55.679261], [12.39612, 55.678834], [12.39603, 55.677481], [12.3959, 55.676733], [12.395784, 55.676245], [12.395647, 55.675794], [12.395529, 55.675496], [12.395146, 55.67462], [12.394827, 55.673974], [12.394446, 55.6733], [12.394173, 55.672868], [12.393276, 55.67153], [12.392962, 55.67114], [12.392618, 55.670771], [12.392279, 55.670451], [12.391703, 55.669958], [12.391296, 55.669612], [12.391076, 55.669444], [12.390184, 55.668861], [12.389972, 55.668712], [12.389757, 55.668537], [12.389565, 55.668351], [12.389398, 55.668162], [12.389195, 55.667907], [12.389017, 55.667658], [12.388868, 55.667426], [12.388743, 55.667207], [12.388645, 55.667008], [12.388555, 55.666788], [12.388486, 55.666576], [12.388402, 55.666176], [12.388375, 55.665782], [12.388407, 55.665369], [12.388495, 55.664978], [12.388621, 55.664629], [12.388792, 55.664286], [12.388982, 55.663985], [12.38928, 55.663583], [12.389405, 55.663372], [12.389497, 55.663148], [12.389627, 55.662697], [12.38969, 55.662629], [12.389789, 55.662574], [12.389918, 55.662536], [12.3901, 55.662507], [12.390296, 55.662489], [12.390543, 55.66248], [12.391074, 55.662475], [12.391442, 55.662486], [12.392252, 55.662552], [12.392577, 55.662595], [12.394647, 55.662828], [12.395909, 55.663004], [12.394647, 55.662828], [12.392563, 55.662593], [12.391817, 55.662495], [12.391318, 55.662452], [12.391032, 55.66244], [12.390343, 55.662445], [12.39015, 55.662435], [12.390001, 55.662404], [12.389882, 55.662354], [12.3898, 55.662287], [12.389762, 55.662206], [12.389766, 55.662132], [12.389909, 55.661588], [12.390117, 55.660934], [12.390164, 55.660742], [12.390188, 55.66048], [12.390171, 55.660033], [12.390207, 55.659765], [12.390289, 55.659499], [12.390418, 55.65924], [12.390688, 55.658813], [12.390982, 55.658381], [12.391286, 55.657964], [12.391591, 55.657574], [12.392077, 55.656998], [12.393173, 55.655784], [12.39332, 55.6556], [12.393697, 55.655085], [12.394372, 55.654337], [12.394695, 55.653992], [12.395144, 55.653596], [12.395368, 55.653369], [12.399371, 55.648977], [12.3996, 55.648715], [12.399823, 55.648437], [12.40003, 55.648155], [12.400204, 55.647893], [12.400483, 55.64741], [12.400719, 55.646906], [12.400903, 55.646396], [12.401032, 55.645893], [12.401102, 55.645462], [12.401121, 55.645148], [12.401059, 55.644273], [12.401041, 55.643847], [12.400992, 55.642799], [12.400961, 55.642614], [12.400857, 55.642199], [12.400832, 55.641924], [12.400834, 55.641176], [12.400846, 55.640988], [12.400901, 55.640733], [12.401019, 55.640405], [12.401052, 55.640214], [12.401055, 55.63974], [12.401028, 55.639224], [12.401019, 55.638437], [12.400981, 55.637964], [12.400929, 55.63764], [12.400855, 55.637317], [12.400761, 55.636995], [12.40064, 55.636664], [12.400503, 55.636348], [12.400346, 55.636034], [12.400168, 55.635725], [12.399969, 55.635419], [12.399777, 55.635152], [12.39957, 55.634889], [12.399347, 55.634629], [12.39911, 55.634374], [12.398858, 55.634124], [12.398592, 55.633878], [12.398311, 55.633638], [12.398017, 55.633403], [12.397675, 55.633148], [12.39406, 55.630559], [12.39262, 55.62958], [12.389956, 55.627678], [12.388796, 55.626856], [12.387788, 55.626162], [12.387122, 55.625665], [12.386391, 55.625139], [12.386213, 55.624989], [12.386053, 55.624833], [12.38559, 55.624291], [12.385422, 55.624121], [12.385198, 55.623933], [12.38468, 55.623552], [12.384631, 55.623531], [12.383616, 55.62283], [12.382664, 55.622152], [12.38221, 55.621798], [12.381801, 55.621441], [12.381518, 55.621165], [12.381255, 55.620883], [12.381011, 55.620596], [12.380789, 55.620303], [12.380625, 55.620061], [12.380555, 55.619938], [12.3805, 55.619792], [12.38045, 55.61958], [12.380389, 55.619477], [12.380322, 55.619412], [12.380229, 55.619351], [12.380134, 55.619306], [12.379949, 55.619236], [12.379866, 55.619186], [12.379813, 55.619127], [12.37968, 55.618909], [12.379391, 55.618434], [12.379271, 55.618287], [12.37911, 55.618124], [12.378916, 55.617961], [12.3787, 55.617808], [12.378454, 55.61766], [12.378187, 55.617524], [12.377854, 55.617386], [12.377562, 55.617279], [12.376424, 55.61693], [12.37605, 55.616799], [12.375662, 55.616635], [12.374816, 55.616237], [12.374329, 55.616032], [12.369672, 55.614271], [12.367748, 55.613519], [12.36654, 55.613032], [12.366194, 55.612912], [12.36576, 55.612781], [12.36557, 55.612737], [12.365376, 55.612714], [12.365261, 55.612712], [12.365107, 55.612725], [12.364959, 55.612753], [12.364883, 55.612775], [12.363704, 55.61325], [12.363136, 55.613462], [12.362305, 55.613742], [12.361964, 55.613844], [12.361813, 55.613876], [12.361695, 55.613885], [12.361563, 55.613881], [12.361458, 55.613867], [12.361315, 55.613827], [12.361182, 55.613763], [12.360449, 55.613318], [12.360355, 55.613277], [12.360214, 55.613245], [12.360058, 55.61324], [12.359908, 55.613264], [12.359294, 55.61347], [12.359055, 55.613543]]}, "properties": {"shape_id": "5828", "route_id": "26460_0", "route_short_name": "L", "agency_id": "481"}}, {"type": "Feature", "geometry": {"type": "LineString", "coordinates": [[12.530424, 55.794647], [12.530402, 55.793526], [12.530379, 55.793324], [12.530318, 55.793058], [12.528824, 55.789065], [12.528739, 55.788769], [12.528656, 55.788289], [12.528593, 55.788027], [12.528519, 55.787798], [12.528284, 55.78717], [12.528072, 55.786608], [12.527949, 55.786328], [12.527412, 55.785346], [12.527319, 55.785219], [12.527209, 55.785117], [12.527078, 55.785037], [12.526897, 55.784967], [12.526714, 55.784925], [12.526538, 55.784907], [12.526363, 55.784905], [12.526156, 55.784923], [12.52261, 55.78554], [12.52145, 55.785742], [12.521324, 55.78575], [12.521221, 55.785739], [12.521149, 55.785721], [12.521087, 55.785694], [12.521005, 55.785629], [12.520708, 55.785137], [12.520497, 55.784758], [12.520157, 55.784071], [12.518348, 55.780788], [12.518261, 55.780612], [12.518263, 55.78055], [12.518297, 55.780491], [12.518361, 55.780441], [12.518449, 55.780403], [12.518554, 55.780379], [12.519481, 55.780218], [12.523245, 55.779561], [12.523438, 55.779503], [12.52359, 55.779426], [12.523706, 55.779329], [12.523775, 55.779218], [12.523793, 55.779102], [12.523754, 55.778977], [12.523143, 55.778186], [12.522768, 55.77755], [12.522608, 55.777211], [12.52253, 55.77698], [12.522475, 55.776748], [12.522343, 55.775573], [12.522238, 55.775167], [12.522142, 55.775069], [12.522012, 55.775012], [12.521765, 55.774978], [12.521405, 55.774944], [12.520421, 55.774849], [12.520236, 55.774838], [12.516894, 55.774773], [12.516348, 55.77475], [12.515856, 55.774707], [12.515371, 55.774642], [12.514897, 55.774554], [12.514528, 55.774469], [12.514082, 55.774344], [12.513573, 55.774168], [12.510311, 55.772874], [12.509094, 55.772405], [12.50885, 55.772287], [12.508479, 55.772026], [12.508366, 55.771961], [12.508229, 55.771895], [12.50675, 55.771306], [12.506571, 55.771246], [12.506227, 55.77115], [12.505582, 55.770896], [12.504361, 55.770411], [12.504216, 55.770362], [12.503946, 55.770289], [12.503796, 55.770241], [12.50336, 55.770069], [12.503261, 55.770022], [12.50318, 55.769964], [12.503134, 55.769914], [12.503019, 55.769711], [12.502921, 55.769596], [12.502474, 55.769187], [12.502397, 55.769131], [12.502327, 55.769096], [12.502247, 55.769071], [12.502145, 55.769054], [12.502054, 55.769052], [12.501962, 55.76906], [12.501836, 55.769092], [12.501481, 55.769228], [12.501007, 55.769409], [12.500884, 55.769443], [12.500785, 55.769451], [12.500686, 55.769445], [12.500594, 55.769423], [12.500534, 55.769398], [12.500446, 55.76934], [12.499988, 55.768964], [12.499791, 55.768821], [12.498867, 55.768272], [12.498628, 55.768107], [12.498437, 55.767943], [12.498315, 55.767813], [12.498179, 55.767632], [12.498079, 55.767453], [12.497207, 55.765637], [12.497163, 55.765505], [12.497085, 55.765136], [12.497044, 55.765027], [12.496964, 55.764902], [12.496813, 55.764737], [12.496762, 55.764659], [12.496162, 55.763399], [12.495886, 55.762692], [12.495779, 55.762485], [12.495568, 55.762145], [12.495484, 55.761944], [12.495453, 55.761737], [12.495467, 55.761447], [12.49546, 55.76124], [12.495134, 55.757961], [12.495132, 55.757724], [12.495174, 55.757314], [12.495175, 55.757136], [12.495153, 55.756992], [12.495071, 55.756666], [12.495059, 55.75629], [12.495053, 55.755897], [12.495088, 55.755466], [12.49518, 55.753575], [12.495258, 55.750899], [12.49525, 55.750672], [12.495196, 55.750303], [12.495191, 55.750077], [12.495212, 55.749734], [12.495288, 55.749414], [12.495312, 55.749243], [12.495326, 55.748554], [12.495317, 55.748365], [12.495278, 55.748148], [12.495046, 55.74739], [12.494842, 55.746735], [12.494693, 55.746162], [12.493939, 55.743746], [12.493884, 55.743611], [12.493813, 55.743476], [12.493523, 55.74306], [12.49325, 55.742693], [12.493104, 55.742544], [12.49294, 55.742408], [12.492755, 55.742281], [12.49255, 55.742163], [12.492311, 55.742049], [12.492066, 55.741951], [12.490511, 55.741364], [12.489658, 55.741068], [12.487908, 55.740534], [12.487216, 55.740351], [12.486357, 55.740143], [12.485979, 55.740059], [12.485365, 55.739935], [12.484554, 55.739777], [12.477025, 55.738414], [12.475651, 55.738142], [12.473783, 55.737826], [12.472316, 55.737576], [12.465653, 55.736369], [12.464974, 55.73624], [12.46444, 55.736128], [12.463269, 55.735858], [12.462572, 55.735677], [12.46206, 55.735528], [12.460479, 55.735043], [12.458949, 55.734621], [12.458219, 55.734424], [12.457496, 55.734263], [12.457169, 55.73418], [12.453999, 55.733315], [12.452476, 55.732918], [12.450491, 55.732374], [12.449654, 55.732124], [12.449072, 55.731929], [12.448616, 55.731763], [12.448171, 55.73159], [12.447629, 55.731361], [12.447103, 55.731121], [12.446654, 55.730898], [12.445787, 55.730414], [12.445292, 55.730131], [12.445018, 55.729949], [12.444525, 55.729549], [12.444066, 55.729127], [12.443706, 55.728754], [12.443325, 55.728308], [12.44308, 55.727982], [12.442562, 55.727232], [12.442439, 55.727006], [12.442329, 55.726717], [12.442276, 55.726483], [12.442234, 55.726109], [12.442183, 55.725875], [12.441934, 55.725078], [12.441748, 55.724675], [12.441686, 55.724515], [12.441513, 55.723793], [12.441348, 55.72325], [12.441244, 55.722921], [12.441046, 55.722562], [12.440867, 55.722058], [12.440807, 55.72182], [12.44075, 55.7214], [12.440713, 55.721215], [12.440375, 55.720156], [12.440235, 55.719723], [12.440077, 55.719167], [12.439862, 55.718654], [12.439683, 55.71829], [12.439485, 55.717929], [12.439155, 55.717387], [12.438966, 55.717113], [12.438791, 55.716894], [12.438184, 55.716189], [12.437547, 55.715493], [12.437226, 55.715159], [12.436606, 55.71457], [12.435449, 55.713565], [12.434556, 55.712786], [12.43437, 55.712601], [12.434011, 55.712214], [12.433801, 55.71201], [12.429178, 55.70779], [12.428925, 55.707515], [12.428667, 55.70715], [12.42852, 55.706977], [12.427605, 55.706109], [12.427446, 55.705948], [12.426373, 55.704973], [12.425685, 55.704372], [12.425111, 55.70389], [12.424646, 55.703538], [12.423696, 55.702878], [12.423249, 55.702578], [12.422706, 55.702231], [12.422148, 55.701892], [12.420511, 55.700959], [12.420252, 55.700796], [12.419709, 55.700433], [12.419321, 55.7002], [12.418458, 55.699732], [12.417042, 55.699064], [12.416499, 55.698785], [12.416033, 55.698526], [12.415478, 55.698181], [12.414514, 55.697514], [12.412883, 55.696384], [12.412587, 55.696164], [12.412304, 55.695936], [12.411267, 55.695057], [12.410522, 55.694367], [12.410109, 55.693967], [12.40987, 55.693752], [12.40942, 55.693374], [12.409029, 55.693068], [12.406672, 55.691087], [12.406276, 55.69073], [12.405675, 55.690224], [12.405292, 55.689926], [12.404321, 55.689242], [12.404052, 55.689034], [12.403774, 55.688802], [12.400312, 55.685843], [12.399838, 55.685391], [12.399262, 55.684765], [12.399053, 55.684566], [12.398801, 55.684365], [12.398313, 55.684026], [12.39802, 55.683776], [12.397773, 55.683504], [12.3975, 55.68311], [12.397259, 55.682711], [12.397029, 55.682259], [12.396812, 55.681733], [12.396446, 55.680707], [12.396378, 55.680454], [12.39629, 55.679978], [12.396174, 55.679261], [12.39612, 55.678834], [12.39603, 55.677481], [12.3959, 55.676733], [12.395784, 55.676245], [12.395647, 55.675794], [12.395529, 55.675496], [12.395146, 55.67462], [12.394827, 55.673974], [12.394446, 55.6733], [12.394173, 55.672868], [12.393276, 55.67153], [12.392962, 55.67114], [12.392618, 55.670771], [12.392279, 55.670451], [12.391703, 55.669958], [12.391296, 55.669612], [12.391076, 55.669444], [12.390184, 55.668861], [12.389972, 55.668712], [12.389757, 55.668537], [12.389565, 55.668351], [12.389398, 55.668162], [12.389195, 55.667907], [12.389017, 55.667658], [12.388868, 55.667426], [12.388743, 55.667207], [12.388645, 55.667008], [12.388555, 55.666788], [12.388486, 55.666576], [12.388402, 55.666176], [12.388375, 55.665782], [12.388407, 55.665369], [12.388495, 55.664978], [12.388621, 55.664629], [12.388792, 55.664286], [12.388982, 55.663985], [12.38928, 55.663583], [12.389405, 55.663372], [12.389497, 55.663148], [12.389627, 55.662697], [12.38969, 55.662629], [12.389789, 55.662574], [12.389918, 55.662536], [12.3901, 55.662507], [12.390296, 55.662489], [12.390543, 55.66248], [12.391074, 55.662475], [12.391442, 55.662486], [12.392252, 55.662552], [12.392577, 55.662595], [12.394647, 55.662828], [12.395909, 55.663004], [12.394647, 55.662828], [12.392563, 55.662593], [12.391817, 55.662495], [12.391318, 55.662452], [12.391032, 55.66244], [12.390343, 55.662445], [12.39015, 55.662435], [12.390001, 55.662404], [12.389882, 55.662354], [12.3898, 55.662287], [12.389762, 55.662206], [12.389766, 55.662132], [12.389909, 55.661588], [12.390117, 55.660934], [12.390164, 55.660742], [12.390188, 55.66048], [12.390171, 55.660033], [12.390207, 55.659765], [12.390289, 55.659499], [12.390418, 55.65924], [12.390688, 55.658813], [12.390982, 55.658381], [12.391286, 55.657964], [12.391591, 55.657574], [12.392077, 55.656998], [12.393173, 55.655784], [12.39332, 55.6556], [12.393697, 55.655085], [12.394372, 55.654337], [12.394695, 55.653992], [12.395144, 55.653596], [12.395368, 55.653369], [12.399371, 55.648977], [12.3996, 55.648715], [12.399823, 55.648437], [12.40003, 55.648155], [12.400204, 55.647893], [12.400483, 55.64741], [12.400719, 55.646906], [12.400903, 55.646396], [12.401032, 55.645893], [12.401102, 55.645462], [12.401121, 55.645148], [12.401059, 55.644273], [12.401041, 55.643847], [12.400992, 55.642799], [12.400961, 55.642614], [12.400857, 55.642199], [12.400832, 55.641924], [12.400834, 55.641176], [12.400846, 55.640988], [12.400901, 55.640733], [12.401019, 55.640405], [12.401052, 55.640214], [12.401055, 55.63974], [12.401028, 55.639224], [12.401019, 55.638437], [12.400981, 55.637964], [12.400929, 55.63764], [12.400855, 55.637317], [12.400761, 55.636995], [12.40064, 55.636664], [12.400503, 55.636348], [12.400346, 55.636034], [12.400168, 55.635725], [12.399969, 55.635419], [12.399777, 55.635152], [12.39957, 55.634889], [12.399347, 55.634629], [12.39911, 55.634374], [12.398858, 55.634124], [12.398592, 55.633878], [12.398311, 55.633638], [12.398017, 55.633403], [12.397675, 55.633148], [12.39406, 55.630559], [12.39262, 55.62958], [12.389956, 55.627678], [12.388796, 55.626856], [12.387788, 55.626162], [12.387122, 55.625665], [12.386391, 55.625139], [12.386213, 55.624989], [12.386053, 55.624833], [12.38559, 55.624291], [12.385422, 55.624121], [12.385198, 55.623933], [12.38468, 55.623552], [12.384631, 55.623531], [12.383616, 55.62283], [12.382664, 55.622152], [12.38221, 55.621798], [12.381801, 55.621441], [12.381518, 55.621165], [12.381255, 55.620883], [12.381011, 55.620596], [12.380789, 55.620303], [12.380625, 55.620061], [12.380555, 55.619938], [12.3805, 55.619792], [12.38045, 55.61958], [12.380389, 55.619477], [12.380322, 55.619412], [12.380229, 55.619351], [12.380134, 55.619306], [12.379949, 55.619236], [12.379866, 55.619186], [12.379813, 55.619127], [12.37968, 55.618909], [12.379391, 55.618434], [12.379271, 55.618287], [12.37911, 55.618124], [12.378916, 55.617961], [12.3787, 55.617808], [12.378454, 55.61766], [12.378187, 55.617524], [12.377854, 55.617386], [12.377562, 55.617279], [12.376424, 55.61693], [12.37605, 55.616799], [12.375662, 55.616635], [12.374816, 55.616237], [12.374329, 55.616032], [12.369672, 55.614271], [12.367748, 55.613519], [12.36654, 55.613032], [12.366194, 55.612912], [12.36576, 55.612781], [12.36557, 55.612737], [12.365376, 55.612714], [12.365261, 55.612712], [12.365107, 55.612725], [12.364959, 55.612753], [12.364883, 55.612775], [12.363704, 55.61325], [12.363136, 55.613462], [12.362305, 55.613742], [12.361964, 55.613844], [12.361813, 55.613876], [12.361695, 55.613885], [12.361563, 55.613881], [12.361458, 55.613867], [12.361315, 55.613827], [12.361182, 55.613763], [12.360449, 55.613318], [12.360355, 55.613277], [12.360214, 55.613245], [12.360058, 55.61324], [12.359908, 55.613264], [12.359294, 55.61347], [12.359055, 55.613543]]}, "properties": {"shape_id": "5829", "route_id": "26460_0", "route_short_name": "L", "agency_id": "481"}}, {"type": "Feature", "geometry": {"type": "LineString", "coordinates": [[12.530424, 55.794647], [12.530402, 55.793526], [12.530379, 55.793324], [12.530318, 55.793058], [12.528824, 55.789065], [12.528739, 55.788769], [12.528656, 55.788289], [12.528593, 55.788027], [12.528519, 55.787798], [12.528284, 55.78717], [12.528072, 55.786608], [12.527949, 55.786328], [12.527412, 55.785346], [12.527319, 55.785219], [12.527209, 55.785117], [12.527078, 55.785037], [12.526897, 55.784967], [12.526714, 55.784925], [12.526538, 55.784907], [12.526363, 55.784905], [12.526156, 55.784923], [12.52261, 55.78554], [12.52145, 55.785742], [12.521324, 55.78575], [12.521221, 55.785739], [12.521149, 55.785721], [12.521087, 55.785694], [12.521005, 55.785629], [12.520708, 55.785137], [12.520497, 55.784758], [12.520157, 55.784071], [12.518348, 55.780788], [12.518261, 55.780612], [12.518263, 55.78055], [12.518297, 55.780491], [12.518361, 55.780441], [12.518449, 55.780403], [12.518554, 55.780379], [12.519481, 55.780218], [12.523245, 55.779561], [12.523438, 55.779503], [12.52359, 55.779426], [12.523706, 55.779329], [12.523775, 55.779218], [12.523793, 55.779102], [12.523754, 55.778977], [12.523143, 55.778186], [12.522768, 55.77755], [12.522608, 55.777211], [12.52253, 55.77698], [12.522475, 55.776748], [12.522343, 55.775573], [12.522238, 55.775167], [12.522142, 55.775069], [12.522012, 55.775012], [12.521765, 55.774978], [12.521405, 55.774944], [12.520421, 55.774849], [12.520236, 55.774838], [12.516894, 55.774773], [12.516348, 55.77475], [12.515856, 55.774707], [12.515371, 55.774642], [12.514897, 55.774554], [12.514528, 55.774469], [12.514082, 55.774344], [12.513573, 55.774168], [12.510311, 55.772874], [12.509094, 55.772405], [12.50885, 55.772287], [12.508479, 55.772026], [12.508366, 55.771961], [12.508229, 55.771895], [12.50675, 55.771306], [12.506571, 55.771246], [12.506227, 55.77115], [12.505582, 55.770896], [12.504361, 55.770411], [12.504216, 55.770362], [12.503946, 55.770289], [12.503796, 55.770241], [12.50336, 55.770069], [12.503261, 55.770022], [12.50318, 55.769964], [12.503134, 55.769914], [12.503019, 55.769711], [12.502921, 55.769596], [12.502474, 55.769187], [12.502397, 55.769131], [12.502327, 55.769096], [12.502247, 55.769071], [12.502145, 55.769054], [12.502054, 55.769052], [12.501962, 55.76906], [12.501836, 55.769092], [12.501481, 55.769228], [12.501007, 55.769409], [12.500884, 55.769443], [12.500785, 55.769451], [12.500686, 55.769445], [12.500594, 55.769423], [12.500534, 55.769398], [12.500446, 55.76934], [12.499988, 55.768964], [12.499791, 55.768821], [12.498867, 55.768272], [12.498628, 55.768107], [12.498437, 55.767943], [12.498315, 55.767813], [12.498179, 55.767632], [12.498079, 55.767453], [12.497207, 55.765637], [12.497163, 55.765505], [12.497085, 55.765136], [12.497044, 55.765027], [12.496964, 55.764902], [12.496813, 55.764737], [12.496762, 55.764659], [12.496162, 55.763399], [12.495886, 55.762692], [12.495779, 55.762485], [12.495568, 55.762145], [12.495484, 55.761944], [12.495453, 55.761737], [12.495467, 55.761447], [12.49546, 55.76124], [12.495134, 55.757961], [12.495132, 55.757724], [12.495174, 55.757314], [12.495175, 55.757136], [12.495153, 55.756992], [12.495071, 55.756666], [12.495059, 55.75629], [12.495053, 55.755897], [12.495088, 55.755466], [12.49518, 55.753575], [12.495258, 55.750899], [12.49525, 55.750672], [12.495196, 55.750303], [12.495191, 55.750077], [12.495212, 55.749734], [12.495288, 55.749414], [12.495312, 55.749243], [12.495326, 55.748554], [12.495317, 55.748365], [12.495278, 55.748148], [12.495046, 55.74739], [12.494842, 55.746735], [12.494693, 55.746162], [12.493939, 55.743746], [12.493884, 55.743611], [12.493813, 55.743476], [12.493523, 55.74306], [12.49325, 55.742693], [12.493104, 55.742544], [12.49294, 55.742408], [12.492755, 55.742281], [12.49255, 55.742163], [12.492311, 55.742049], [12.492066, 55.741951], [12.490511, 55.741364], [12.489658, 55.741068], [12.487908, 55.740534], [12.487216, 55.740351], [12.486357, 55.740143], [12.485979, 55.740059], [12.485365, 55.739935], [12.484554, 55.739777], [12.477025, 55.738414], [12.475651, 55.738142], [12.473783, 55.737826], [12.472316, 55.737576], [12.465653, 55.736369], [12.464974, 55.73624], [12.46444, 55.736128], [12.463269, 55.735858], [12.462572, 55.735677], [12.46206, 55.735528], [12.460479, 55.735043], [12.458949, 55.734621], [12.458219, 55.734424], [12.457496, 55.734263], [12.457169, 55.73418], [12.453999, 55.733315], [12.452476, 55.732918], [12.450491, 55.732374], [12.449654, 55.732124], [12.449072, 55.731929], [12.448616, 55.731763], [12.448171, 55.73159], [12.447629, 55.731361], [12.447103, 55.731121], [12.446654, 55.730898], [12.445787, 55.730414], [12.445292, 55.730131], [12.445018, 55.729949], [12.444525, 55.729549], [12.444066, 55.729127], [12.443706, 55.728754], [12.443325, 55.728308], [12.44308, 55.727982], [12.442562, 55.727232], [12.442439, 55.727006], [12.442329, 55.726717], [12.442276, 55.726483], [12.442234, 55.726109], [12.442183, 55.725875], [12.441934, 55.725078], [12.441748, 55.724675], [12.441686, 55.724515], [12.441513, 55.723793], [12.441348, 55.72325], [12.441244, 55.722921], [12.441046, 55.722562], [12.440867, 55.722058], [12.440807, 55.72182], [12.44075, 55.7214], [12.440713, 55.721215], [12.440375, 55.720156], [12.440235, 55.719723], [12.440077, 55.719167], [12.439862, 55.718654], [12.439683, 55.71829], [12.439485, 55.717929], [12.439155, 55.717387], [12.438966, 55.717113], [12.438791, 55.716894], [12.438184, 55.716189], [12.437547, 55.715493], [12.437226, 55.715159], [12.436606, 55.71457], [12.435449, 55.713565]]}, "properties": {"shape_id": "5830", "route_id": "26460_0", "route_short_name": "L", "agency_id": "481"}}, {"type": "Feature", "geometry": {"type": "LineString", "coordinates": [[12.359055, 55.613543], [12.359294, 55.61347], [12.359908, 55.613264], [12.360058, 55.61324], [12.360214, 55.613245], [12.360355, 55.613277], [12.360449, 55.613318], [12.361182, 55.613763], [12.361315, 55.613827], [12.361458, 55.613867], [12.361563, 55.613881], [12.361695, 55.613885], [12.361813, 55.613876], [12.361964, 55.613844], [12.362305, 55.613742], [12.363136, 55.613462], [12.363704, 55.61325], [12.364883, 55.612775], [12.364959, 55.612753], [12.365107, 55.612725], [12.365261, 55.612712], [12.365376, 55.612714], [12.36557, 55.612737], [12.36576, 55.612781], [12.366194, 55.612912], [12.36654, 55.613032], [12.367748, 55.613519], [12.369672, 55.614271], [12.374329, 55.616032], [12.374816, 55.616237], [12.375662, 55.616635], [12.37605, 55.616799], [12.376424, 55.61693], [12.377562, 55.617279], [12.377854, 55.617386], [12.378187, 55.617524], [12.378454, 55.61766], [12.3787, 55.617808], [12.378916, 55.617961], [12.37911, 55.618124], [12.379271, 55.618287], [12.379391, 55.618434], [12.37968, 55.618909], [12.379813, 55.619127], [12.379866, 55.619186], [12.379949, 55.619236], [12.380134, 55.619306], [12.380229, 55.619351], [12.380322, 55.619412], [12.380389, 55.619477], [12.38045, 55.61958], [12.3805, 55.619792], [12.380555, 55.619938], [12.380625, 55.620061], [12.380789, 55.620303], [12.381011, 55.620596], [12.381255, 55.620883], [12.381518, 55.621165], [12.381801, 55.621441], [12.38221, 55.621798], [12.382664, 55.622152], [12.383616, 55.62283], [12.384631, 55.623531], [12.38468, 55.623552], [12.385198, 55.623933], [12.385422, 55.624121], [12.38559, 55.624291], [12.386053, 55.624833], [12.386213, 55.624989], [12.386391, 55.625139], [12.387122, 55.625665], [12.387788, 55.626162], [12.388796, 55.626856], [12.389956, 55.627678], [12.39262, 55.62958], [12.39406, 55.630559], [12.397675, 55.633148], [12.398017, 55.633403], [12.398311, 55.633638], [12.398592, 55.633878], [12.398858, 55.634124], [12.39911, 55.634374], [12.399347, 55.634629], [12.39957, 55.634889], [12.399777, 55.635152], [12.399969, 55.635419], [12.400168, 55.635725], [12.400346, 55.636034], [12.400503, 55.636348], [12.40064, 55.636664], [12.400761, 55.636995], [12.400855, 55.637317], [12.400929, 55.63764], [12.400981, 55.637964], [12.401019, 55.638437], [12.401028, 55.639224], [12.401055, 55.63974], [12.401052, 55.640214], [12.401019, 55.640405], [12.400901, 55.640733], [12.400846, 55.640988], [12.400834, 55.641176], [12.400832, 55.641924], [12.400857, 55.642199], [12.400961, 55.642614], [12.400992, 55.642799], [12.401041, 55.643847], [12.401059, 55.644273], [12.401121, 55.645148], [12.401102, 55.645462], [12.401032, 55.645893], [12.400903, 55.646396], [12.400719, 55.646906], [12.400483, 55.64741], [12.400204, 55.647893], [12.40003, 55.648155], [12.399823, 55.648437], [12.3996, 55.648715], [12.399371, 55.648977], [12.395368, 55.653369], [12.395144, 55.653596], [12.394695, 55.653992], [12.394372, 55.654337], [12.393697, 55.655085], [12.39332, 55.6556], [12.393173, 55.655784], [12.392077, 55.656998], [12.391591, 55.657574], [12.391286, 55.657964], [12.390982, 55.658381], [12.390688, 55.658813], [12.390418, 55.65924], [12.390289, 55.659499], [12.390207, 55.659765], [12.390171, 55.660033], [12.390188, 55.66048], [12.390164, 55.660742], [12.390117, 55.660934], [12.389909, 55.661588], [12.389766, 55.662132], [12.389762, 55.662206], [12.3898, 55.662287], [12.389882, 55.662354], [12.390001, 55.662404], [12.39015, 55.662435], [12.390343, 55.662445], [12.391032, 55.66244], [12.391318, 55.662452], [12.391817, 55.662495], [12.392563, 55.662593], [12.394647, 55.662828], [12.395909, 55.663004], [12.394647, 55.662828], [12.392577, 55.662595], [12.392252, 55.662552], [12.391442, 55.662486], [12.391074, 55.662475], [12.390543, 55.66248], [12.390296, 55.662489], [12.3901, 55.662507], [12.389918, 55.662536], [12.389789, 55.662574], [12.38969, 55.662629], [12.389627, 55.662697], [12.389497, 55.663148], [12.389405, 55.663372], [12.38928, 55.663583], [12.388982, 55.663985], [12.388792, 55.664286], [12.388621, 55.664629], [12.388495, 55.664978], [12.388407, 55.665369], [12.388375, 55.665782], [12.388402, 55.666176], [12.388486, 55.666576], [12.388555, 55.666788], [12.388645, 55.667008], [12.388743, 55.667207], [12.388868, 55.667426], [12.389017, 55.667658], [12.389195, 55.667907], [12.389398, 55.668162], [12.389565, 55.668351], [12.389757, 55.668537], [12.389972, 55.668712], [12.390184, 55.668861], [12.391076, 55.669444], [12.391296, 55.669612], [12.391703, 55.669958], [12.392279, 55.670451], [12.392618, 55.670771], [12.392962, 55.67114], [12.393276, 55.67153], [12.394173, 55.672868], [12.394446, 55.6733], [12.394827, 55.673974], [12.395146, 55.67462], [12.395529, 55.675496], [12.395647, 55.675794], [12.395784, 55.676245], [12.3959, 55.676733], [12.39603, 55.677481], [12.39612, 55.678834], [12.396174, 55.679261], [12.39629, 55.679978], [12.396378, 55.680454], [12.396446, 55.680707], [12.396812, 55.681733], [12.397029, 55.682259], [12.397259, 55.682711], [12.3975, 55.68311], [12.397773, 55.683504], [12.39802, 55.683776], [12.398313, 55.684026], [12.398801, 55.684365], [12.399053, 55.684566], [12.399262, 55.684765], [12.399838, 55.685391], [12.400312, 55.685843], [12.403774, 55.688802], [12.404052, 55.689034], [12.404321, 55.689242], [12.405292, 55.689926], [12.405675, 55.690224], [12.406276, 55.69073], [12.406672, 55.691087], [12.409029, 55.693068], [12.40942, 55.693374], [12.40987, 55.693752], [12.410109, 55.693967], [12.410522, 55.694367], [12.411267, 55.695057], [12.412304, 55.695936], [12.412587, 55.696164], [12.412883, 55.696384], [12.414514, 55.697514], [12.415478, 55.698181], [12.416033, 55.698526], [12.416499, 55.698785], [12.417042, 55.699064], [12.418458, 55.699732], [12.419321, 55.7002], [12.419709, 55.700433], [12.420252, 55.700796], [12.420511, 55.700959], [12.422148, 55.701892], [12.422706, 55.702231], [12.423249, 55.702578], [12.423696, 55.702878], [12.424646, 55.703538], [12.425111, 55.70389], [12.425685, 55.704372], [12.426373, 55.704973], [12.427446, 55.705948], [12.427605, 55.706109]]}, "properties": {"shape_id": "5831", "route_id": "26460_0", "route_short_name": "L", "agency_id": "481"}}, {"type": "Feature", "geometry": {"type": "LineString", "coordinates": [[12.435449, 55.713565], [12.436606, 55.71457], [12.437226, 55.715159], [12.437547, 55.715493], [12.438184, 55.716189], [12.438791, 55.716894], [12.438966, 55.717113], [12.439155, 55.717387], [12.439485, 55.717929], [12.439683, 55.71829], [12.439862, 55.718654], [12.440077, 55.719167], [12.440235, 55.719723], [12.440375, 55.720156], [12.440713, 55.721215], [12.44075, 55.7214], [12.440807, 55.72182], [12.440867, 55.722058], [12.441046, 55.722562], [12.441244, 55.722921], [12.441348, 55.72325], [12.441513, 55.723793], [12.441686, 55.724515], [12.441748, 55.724675], [12.441934, 55.725078], [12.442183, 55.725875], [12.442234, 55.726109], [12.442276, 55.726483], [12.442329, 55.726717], [12.442439, 55.727006], [12.442562, 55.727232], [12.44308, 55.727982], [12.443325, 55.728308], [12.443706, 55.728754], [12.444066, 55.729127], [12.444525, 55.729549], [12.445018, 55.729949], [12.445292, 55.730131], [12.445787, 55.730414], [12.446654, 55.730898], [12.447103, 55.731121], [12.447629, 55.731361], [12.448171, 55.73159], [12.448616, 55.731763], [12.449072, 55.731929], [12.449654, 55.732124], [12.450491, 55.732374], [12.452476, 55.732918], [12.453999, 55.733315], [12.457169, 55.73418], [12.457496, 55.734263], [12.458219, 55.734424], [12.458949, 55.734621], [12.460479, 55.735043], [12.46206, 55.735528], [12.462572, 55.735677], [12.463269, 55.735858], [12.46444, 55.736128], [12.464974, 55.73624], [12.465653, 55.736369], [12.472316, 55.737576], [12.473783, 55.737826], [12.475651, 55.738142], [12.477025, 55.738414], [12.484554, 55.739777], [12.485365, 55.739935], [12.485979, 55.740059], [12.486357, 55.740143], [12.487216, 55.740351], [12.487908, 55.740534], [12.489658, 55.741068], [12.490511, 55.741364], [12.492066, 55.741951], [12.492311, 55.742049], [12.49255, 55.742163], [12.492755, 55.742281], [12.49294, 55.742408], [12.493104, 55.742544], [12.49325, 55.742693], [12.493523, 55.74306], [12.493813, 55.743476], [12.493884, 55.743611], [12.493939, 55.743746], [12.494693, 55.746162], [12.494842, 55.746735], [12.495046, 55.74739], [12.495278, 55.748148], [12.495317, 55.748365], [12.495326, 55.748554], [12.495312, 55.749243], [12.495288, 55.749414], [12.495212, 55.749734], [12.495191, 55.750077], [12.495196, 55.750303], [12.49525, 55.750672], [12.495258, 55.750899], [12.49518, 55.753575], [12.495088, 55.755466], [12.495053, 55.755897], [12.495059, 55.75629], [12.495071, 55.756666], [12.495153, 55.756992], [12.495175, 55.757136], [12.495174, 55.757314], [12.495132, 55.757724], [12.495134, 55.757961], [12.49546, 55.76124], [12.495467, 55.761447], [12.495453, 55.761737], [12.495484, 55.761944], [12.495568, 55.762145], [12.495779, 55.762485], [12.495886, 55.762692], [12.496162, 55.763399], [12.496762, 55.764659], [12.496813, 55.764737], [12.496964, 55.764902], [12.497044, 55.765027], [12.497085, 55.765136], [12.497163, 55.765505], [12.497207, 55.765637], [12.498079, 55.767453], [12.498179, 55.767632], [12.498315, 55.767813], [12.498437, 55.767943], [12.498628, 55.768107], [12.498867, 55.768272], [12.499791, 55.768821], [12.499988, 55.768964], [12.500446, 55.76934], [12.500534, 55.769398], [12.500594, 55.769423], [12.500686, 55.769445], [12.500785, 55.769451], [12.500884, 55.769443], [12.501007, 55.769409], [12.501481, 55.769228], [12.501836, 55.769092], [12.501962, 55.76906], [12.502054, 55.769052], [12.502145, 55.769054], [12.502247, 55.769071], [12.502327, 55.769096], [12.502397, 55.769131], [12.502474, 55.769187], [12.502921, 55.769596], [12.503019, 55.769711], [12.503134, 55.769914], [12.50318, 55.769964], [12.503261, 55.770022], [12.50336, 55.770069], [12.503796, 55.770241], [12.503946, 55.770289], [12.504216, 55.770362], [12.504361, 55.770411], [12.505582, 55.770896], [12.506227, 55.77115], [12.506571, 55.771246], [12.50675, 55.771306], [12.508229, 55.771895], [12.508366, 55.771961], [12.508479, 55.772026], [12.50885, 55.772287], [12.509094, 55.772405], [12.510311, 55.772874], [12.513573, 55.774168], [12.514082, 55.774344], [12.514528, 55.774469], [12.514897, 55.774554], [12.515371, 55.774642], [12.515856, 55.774707], [12.516348, 55.77475], [12.516894, 55.774773], [12.520236, 55.774838], [12.520421, 55.774849], [12.521405, 55.774944], [12.521765, 55.774978], [12.522012, 55.775012], [12.522142, 55.775069], [12.522238, 55.775167], [12.522343, 55.775573], [12.522475, 55.776748], [12.52253, 55.77698], [12.522608, 55.777211], [12.522768, 55.77755], [12.523143, 55.778186], [12.523754, 55.778977], [12.523793, 55.779102], [12.523775, 55.779218], [12.523706, 55.779329], [12.52359, 55.779426], [12.523438, 55.779503], [12.523245, 55.779561], [12.519481, 55.780218], [12.518554, 55.780379], [12.518449, 55.780403], [12.518361, 55.780441], [12.518297, 55.780491], [12.518263, 55.78055], [12.518261, 55.780612], [12.518348, 55.780788], [12.520157, 55.784071], [12.520497, 55.784758], [12.520708, 55.785137], [12.521005, 55.785629], [12.521087, 55.785694], [12.521149, 55.785721], [12.521221, 55.785739], [12.521324, 55.78575], [12.52145, 55.785742], [12.52261, 55.78554], [12.526156, 55.784923], [12.526363, 55.784905], [12.526538, 55.784907], [12.526714, 55.784925], [12.526897, 55.784967], [12.527078, 55.785037], [12.527209, 55.785117], [12.527319, 55.785219], [12.527412, 55.785346], [12.527949, 55.786328], [12.528072, 55.786608], [12.528284, 55.78717], [12.528519, 55.787798], [12.528593, 55.788027], [12.528656, 55.788289], [12.528739, 55.788769], [12.528824, 55.789065], [12.530318, 55.793058], [12.530379, 55.793324], [12.530402, 55.793526], [12.530424, 55.794647]]}, "properties": {"shape_id": "5832", "route_id": "26460_0", "route_short_name": "L", "agency_id": "481"}}, {"type": "Feature", "geometry": {"type": "LineString", "coordinates": [[12.359055, 55.613543], [12.359294, 55.61347], [12.359908, 55.613264], [12.360058, 55.61324], [12.360214, 55.613245], [12.360355, 55.613277], [12.360449, 55.613318], [12.361182, 55.613763], [12.361315, 55.613827], [12.361458, 55.613867], [12.361563, 55.613881], [12.361695, 55.613885], [12.361813, 55.613876], [12.361964, 55.613844], [12.362305, 55.613742], [12.363136, 55.613462], [12.363704, 55.61325], [12.364883, 55.612775], [12.364959, 55.612753], [12.365107, 55.612725], [12.365261, 55.612712], [12.365376, 55.612714], [12.36557, 55.612737], [12.36576, 55.612781], [12.366194, 55.612912], [12.36654, 55.613032], [12.367748, 55.613519], [12.369672, 55.614271], [12.374329, 55.616032], [12.374816, 55.616237], [12.375662, 55.616635], [12.37605, 55.616799], [12.376424, 55.61693], [12.377562, 55.617279], [12.377854, 55.617386], [12.378187, 55.617524], [12.378454, 55.61766], [12.3787, 55.617808], [12.378916, 55.617961], [12.37911, 55.618124], [12.379271, 55.618287], [12.379391, 55.618434], [12.37968, 55.618909], [12.379813, 55.619127], [12.379866, 55.619186], [12.379949, 55.619236], [12.380134, 55.619306], [12.380229, 55.619351], [12.380322, 55.619412], [12.380389, 55.619477], [12.38045, 55.61958], [12.3805, 55.619792], [12.380555, 55.619938], [12.380625, 55.620061], [12.380789, 55.620303], [12.381011, 55.620596], [12.381255, 55.620883], [12.381518, 55.621165], [12.381801, 55.621441], [12.38221, 55.621798], [12.382664, 55.622152], [12.383616, 55.62283], [12.384631, 55.623531], [12.38468, 55.623552], [12.385198, 55.623933], [12.385422, 55.624121], [12.38559, 55.624291], [12.386053, 55.624833], [12.386213, 55.624989], [12.386391, 55.625139], [12.387122, 55.625665], [12.387788, 55.626162], [12.388796, 55.626856], [12.389956, 55.627678], [12.39262, 55.62958], [12.39406, 55.630559], [12.397675, 55.633148], [12.398017, 55.633403], [12.398311, 55.633638], [12.398592, 55.633878], [12.398858, 55.634124], [12.39911, 55.634374], [12.399347, 55.634629], [12.39957, 55.634889], [12.399777, 55.635152], [12.399969, 55.635419], [12.400168, 55.635725], [12.400346, 55.636034], [12.400503, 55.636348], [12.40064, 55.636664], [12.400761, 55.636995], [12.400855, 55.637317], [12.400929, 55.63764], [12.400981, 55.637964], [12.401019, 55.638437], [12.401028, 55.639224], [12.401055, 55.63974], [12.401052, 55.640214], [12.401019, 55.640405], [12.400901, 55.640733], [12.400846, 55.640988], [12.400834, 55.641176], [12.400832, 55.641924], [12.400857, 55.642199], [12.400961, 55.642614], [12.400992, 55.642799], [12.401041, 55.643847], [12.401059, 55.644273], [12.401121, 55.645148], [12.401102, 55.645462], [12.401032, 55.645893], [12.400903, 55.646396], [12.400719, 55.646906], [12.400483, 55.64741], [12.400204, 55.647893], [12.40003, 55.648155], [12.399823, 55.648437], [12.3996, 55.648715], [12.399371, 55.648977], [12.395368, 55.653369], [12.395144, 55.653596], [12.394695, 55.653992], [12.394372, 55.654337], [12.393697, 55.655085], [12.39332, 55.6556], [12.393173, 55.655784], [12.392077, 55.656998], [12.391591, 55.657574], [12.391286, 55.657964], [12.390982, 55.658381], [12.390688, 55.658813], [12.390418, 55.65924], [12.390289, 55.659499], [12.390207, 55.659765], [12.390171, 55.660033], [12.390188, 55.66048], [12.390164, 55.660742], [12.390117, 55.660934], [12.389909, 55.661588], [12.389766, 55.662132], [12.389762, 55.662206], [12.3898, 55.662287], [12.389882, 55.662354], [12.390001, 55.662404], [12.39015, 55.662435], [12.390343, 55.662445], [12.391032, 55.66244], [12.391318, 55.662452], [12.391817, 55.662495], [12.392563, 55.662593], [12.394647, 55.662828], [12.395909, 55.663004], [12.394647, 55.662828], [12.392577, 55.662595], [12.392252, 55.662552], [12.391442, 55.662486], [12.391074, 55.662475], [12.390543, 55.66248], [12.390296, 55.662489], [12.3901, 55.662507], [12.389918, 55.662536], [12.389789, 55.662574], [12.38969, 55.662629], [12.389627, 55.662697], [12.389497, 55.663148], [12.389405, 55.663372], [12.38928, 55.663583], [12.388982, 55.663985], [12.388792, 55.664286], [12.388621, 55.664629], [12.388495, 55.664978], [12.388407, 55.665369], [12.388375, 55.665782], [12.388402, 55.666176], [12.388486, 55.666576], [12.388555, 55.666788], [12.388645, 55.667008], [12.388743, 55.667207], [12.388868, 55.667426], [12.389017, 55.667658], [12.389195, 55.667907], [12.389398, 55.668162], [12.389565, 55.668351], [12.389757, 55.668537], [12.389972, 55.668712], [12.390184, 55.668861], [12.391076, 55.669444], [12.391296, 55.669612], [12.391703, 55.669958], [12.392279, 55.670451], [12.392618, 55.670771], [12.392962, 55.67114], [12.393276, 55.67153], [12.394173, 55.672868], [12.394446, 55.6733], [12.394827, 55.673974], [12.395146, 55.67462], [12.395529, 55.675496], [12.395647, 55.675794], [12.395784, 55.676245], [12.3959, 55.676733], [12.39603, 55.677481], [12.39612, 55.678834], [12.396174, 55.679261], [12.39629, 55.679978], [12.396378, 55.680454], [12.396446, 55.680707], [12.396812, 55.681733], [12.397029, 55.682259], [12.397259, 55.682711], [12.3975, 55.68311], [12.397773, 55.683504], [12.39802, 55.683776], [12.398313, 55.684026], [12.398801, 55.684365], [12.399053, 55.684566], [12.399262, 55.684765], [12.399838, 55.685391], [12.400312, 55.685843], [12.403774, 55.688802], [12.404052, 55.689034], [12.404321, 55.689242], [12.405292, 55.689926], [12.405675, 55.690224], [12.406276, 55.69073], [12.406672, 55.691087], [12.409029, 55.693068], [12.40942, 55.693374], [12.40987, 55.693752], [12.410109, 55.693967], [12.410522, 55.694367], [12.411267, 55.695057], [12.412304, 55.695936], [12.412587, 55.696164], [12.412883, 55.696384], [12.414514, 55.697514], [12.415478, 55.698181], [12.416033, 55.698526], [12.416499, 55.698785], [12.417042, 55.699064], [12.418458, 55.699732], [12.419321, 55.7002], [12.419709, 55.700433], [12.420252, 55.700796], [12.420511, 55.700959], [12.422148, 55.701892], [12.422706, 55.702231], [12.423249, 55.702578], [12.423696, 55.702878], [12.424646, 55.703538], [12.425111, 55.70389], [12.425685, 55.704372], [12.426373, 55.704973], [12.427446, 55.705948], [12.427605, 55.706109], [12.42852, 55.706977], [12.428667, 55.70715], [12.428925, 55.707515], [12.429178, 55.70779], [12.433801, 55.71201], [12.434011, 55.712214], [12.43437, 55.712601], [12.434556, 55.712786], [12.435449, 55.713565], [12.436606, 55.71457], [12.437226, 55.715159], [12.437547, 55.715493], [12.438184, 55.716189], [12.438791, 55.716894], [12.438966, 55.717113], [12.439155, 55.717387], [12.439485, 55.717929], [12.439683, 55.71829], [12.439862, 55.718654], [12.440077, 55.719167], [12.440235, 55.719723], [12.440375, 55.720156], [12.440713, 55.721215], [12.44075, 55.7214], [12.440807, 55.72182], [12.440867, 55.722058], [12.441046, 55.722562], [12.441244, 55.722921], [12.441348, 55.72325], [12.441513, 55.723793], [12.441686, 55.724515], [12.441748, 55.724675], [12.441934, 55.725078], [12.442183, 55.725875], [12.442234, 55.726109], [12.442276, 55.726483], [12.442329, 55.726717], [12.442439, 55.727006], [12.442562, 55.727232], [12.44308, 55.727982], [12.443325, 55.728308], [12.443706, 55.728754], [12.444066, 55.729127], [12.444525, 55.729549], [12.445018, 55.729949], [12.445292, 55.730131], [12.445787, 55.730414], [12.446654, 55.730898], [12.447103, 55.731121], [12.447629, 55.731361], [12.448171, 55.73159], [12.448616, 55.731763], [12.449072, 55.731929], [12.449654, 55.732124], [12.450491, 55.732374], [12.452476, 55.732918], [12.453999, 55.733315], [12.457169, 55.73418], [12.457496, 55.734263], [12.458219, 55.734424], [12.458949, 55.734621], [12.460479, 55.735043], [12.46206, 55.735528], [12.462572, 55.735677], [12.463269, 55.735858], [12.46444, 55.736128], [12.464974, 55.73624], [12.465653, 55.736369], [12.472316, 55.737576], [12.473783, 55.737826], [12.475651, 55.738142], [12.477025, 55.738414], [12.484554, 55.739777], [12.485365, 55.739935], [12.485979, 55.740059], [12.486357, 55.740143], [12.487216, 55.740351], [12.487908, 55.740534], [12.489658, 55.741068], [12.490511, 55.741364], [12.492066, 55.741951], [12.492311, 55.742049], [12.49255, 55.742163], [12.492755, 55.742281], [12.49294, 55.742408], [12.493104, 55.742544], [12.49325, 55.742693], [12.493523, 55.74306], [12.493813, 55.743476], [12.493884, 55.743611], [12.493939, 55.743746], [12.494693, 55.746162], [12.494842, 55.746735], [12.495046, 55.74739], [12.495278, 55.748148], [12.495317, 55.748365], [12.495326, 55.748554], [12.495312, 55.749243], [12.495288, 55.749414], [12.495212, 55.749734], [12.495191, 55.750077], [12.495196, 55.750303], [12.49525, 55.750672], [12.495258, 55.750899], [12.49518, 55.753575], [12.495088, 55.755466], [12.495053, 55.755897], [12.495059, 55.75629], [12.495071, 55.756666], [12.495153, 55.756992], [12.495175, 55.757136], [12.495174, 55.757314], [12.495132, 55.757724], [12.495134, 55.757961], [12.49546, 55.76124], [12.495467, 55.761447], [12.495453, 55.761737], [12.495484, 55.761944], [12.495568, 55.762145], [12.495779, 55.762485], [12.495886, 55.762692], [12.496162, 55.763399], [12.496762, 55.764659], [12.496813, 55.764737], [12.496964, 55.764902], [12.497044, 55.765027], [12.497085, 55.765136], [12.497163, 55.765505], [12.497207, 55.765637], [12.498079, 55.767453], [12.498179, 55.767632], [12.498315, 55.767813], [12.498437, 55.767943], [12.498628, 55.768107], [12.498867, 55.768272], [12.499791, 55.768821], [12.499988, 55.768964], [12.500446, 55.76934], [12.500534, 55.769398], [12.500594, 55.769423], [12.500686, 55.769445], [12.500785, 55.769451], [12.500884, 55.769443], [12.501007, 55.769409], [12.501481, 55.769228], [12.501836, 55.769092], [12.501962, 55.76906], [12.502054, 55.769052], [12.502145, 55.769054], [12.502247, 55.769071], [12.502327, 55.769096], [12.502397, 55.769131], [12.502474, 55.769187], [12.502921, 55.769596], [12.503019, 55.769711], [12.503134, 55.769914], [12.50318, 55.769964], [12.503261, 55.770022], [12.50336, 55.770069], [12.503796, 55.770241], [12.503946, 55.770289], [12.504216, 55.770362], [12.504361, 55.770411], [12.505582, 55.770896], [12.506227, 55.77115], [12.506571, 55.771246], [12.50675, 55.771306], [12.508229, 55.771895], [12.508366, 55.771961], [12.508479, 55.772026], [12.50885, 55.772287], [12.509094, 55.772405], [12.510311, 55.772874], [12.513573, 55.774168], [12.514082, 55.774344], [12.514528, 55.774469], [12.514897, 55.774554], [12.515371, 55.774642], [12.515856, 55.774707], [12.516348, 55.77475], [12.516894, 55.774773], [12.520236, 55.774838], [12.520421, 55.774849], [12.521405, 55.774944], [12.521765, 55.774978], [12.522012, 55.775012], [12.522142, 55.775069], [12.522238, 55.775167], [12.522343, 55.775573], [12.522475, 55.776748], [12.52253, 55.77698], [12.522608, 55.777211], [12.522768, 55.77755], [12.523143, 55.778186], [12.523754, 55.778977], [12.523793, 55.779102], [12.523775, 55.779218], [12.523706, 55.779329], [12.52359, 55.779426], [12.523438, 55.779503], [12.523245, 55.779561], [12.519481, 55.780218], [12.518554, 55.780379], [12.518449, 55.780403], [12.518361, 55.780441], [12.518297, 55.780491], [12.518263, 55.78055], [12.518261, 55.780612], [12.518348, 55.780788], [12.520157, 55.784071], [12.520497, 55.784758], [12.520708, 55.785137], [12.521005, 55.785629], [12.521087, 55.785694], [12.521149, 55.785721], [12.521221, 55.785739], [12.521324, 55.78575], [12.52145, 55.785742], [12.52261, 55.78554], [12.526156, 55.784923], [12.526363, 55.784905], [12.526538, 55.784907], [12.526714, 55.784925], [12.526897, 55.784967], [12.527078, 55.785037], [12.527209, 55.785117], [12.527319, 55.785219], [12.527412, 55.785346], [12.527949, 55.786328], [12.528072, 55.786608], [12.528284, 55.78717], [12.528519, 55.787798], [12.528593, 55.788027], [12.528656, 55.788289], [12.528739, 55.788769], [12.528824, 55.789065], [12.530318, 55.793058], [12.530379, 55.793324], [12.530402, 55.793526], [12.530424, 55.794647]]}, "properties": {"shape_id": "5833", "route_id": "26460_0", "route_short_name": "L", "agency_id": "481"}}, {"type": "Feature", "geometry": {"type": "Point", "coordinates": [12.474346, 55.66451]}, "properties": {"stop_id": "000008600600", "stop_name": "Hvidovre St.", "route_short_names": ["B", "Bx"]}}, {"type": "Feature", "geometry": {"type": "Point", "coordinates": [12.302135, 55.652546]}, "properties": {"stop_id": "000008600620", "stop_name": "Taastrup St.", "route_short_names": ["B", "Bx"]}}, {"type": "Feature", "geometry": {"type": "Point", "coordinates": [12.353124, 55.65804]}, "properties": {"stop_id": "000008600621", "stop_name": "Albertslund St.", "route_short_names": ["B", "Bx"]}}, {"type": "Feature", "geometry": {"type": "Point", "coordinates": [12.397827, 55.663148]}, "properties": {"stop_id": "000008600622", "stop_name": "Glostrup St.", "route_short_names": ["B", "Bx"]}}, {"type": "Feature", "geometry": {"type": "Point", "coordinates": [12.51445, 55.663997]}, "properties": {"stop_id": "000008600624", "stop_name": "Valby St.", "route_short_names": ["B", "Bx", "C", "H"]}}, {"type": "Feature", "geometry": {"type": "Point", "coordinates": [12.565558, 55.673059]}, "properties": {"stop_id": "000008600626", "stop_name": "K\u00f8benhavn H", "route_short_names": ["A", "B", "Bx", "C", "E", "H"]}}, {"type": "Feature", "geometry": {"type": "Point", "coordinates": [12.537353, 55.663257]}, "properties": {"stop_id": "000008600631", "stop_name": "Carlsberg St.", "route_short_names": ["B", "Bx", "C", "H"]}}, {"type": "Feature", "geometry": {"type": "Point", "coordinates": [12.559511, 55.664828]}, "properties": {"stop_id": "000008600634", "stop_name": "Dybb\u00f8lsbro St.", "route_short_names": ["A", "B", "Bx", "C", "E", "H"]}}, {"type": "Feature", "geometry": {"type": "Point", "coordinates": [12.483542, 55.781255]}, "properties": {"stop_id": "000008600636", "stop_name": "Sorgenfri St.", "route_short_names": ["A", "E"]}}, {"type": "Feature", "geometry": {"type": "Point", "coordinates": [12.527382, 55.695429]}, "properties": {"stop_id": "000008600640", "stop_name": "Fuglebakken St.", "route_short_names": ["F"]}}, {"type": "Feature", "geometry": {"type": "Point", "coordinates": [12.516007, 55.690738]}, "properties": {"stop_id": "000008600641", "stop_name": "Gr\u00f8ndal St.", "route_short_names": ["F"]}}, {"type": "Feature", "geometry": {"type": "Point", "coordinates": [12.537806, 55.700847]}, "properties": {"stop_id": "000008600642", "stop_name": "N\u00f8rrebro St.", "route_short_names": ["F"]}}, {"type": "Feature", "geometry": {"type": "Point", "coordinates": [12.559492, 55.715362]}, "properties": {"stop_id": "000008600644", "stop_name": "Ryparken St.", "route_short_names": ["B", "Bx", "F"]}}, {"type": "Feature", "geometry": {"type": "Point", "coordinates": [12.562087, 55.676011]}, "properties": {"stop_id": "000008600645", "stop_name": "Vesterport St.", "route_short_names": ["A", "B", "Bx", "C", "E", "H"]}}, {"type": "Feature", "geometry": {"type": "Point", "coordinates": [12.571804, 55.683452]}, "properties": {"stop_id": "000008600646", "stop_name": "N\u00f8rreport St.", "route_short_names": ["A", "B", "Bx", "C", "E", "H"]}}, {"type": "Feature", "geometry": {"type": "Point", "coordinates": [12.587785, 55.692499]}, "properties": {"stop_id": "000008600650", "stop_name": "\u00d8sterport St.", "route_short_names": ["A", "B", "Bx", "C", "E", "H"]}}, {"type": "Feature", "geometry": {"type": "Point", "coordinates": [12.590613, 55.705616]}, "properties": {"stop_id": "000008600653", "stop_name": "Nordhavn St.", "route_short_names": ["A", "B", "Bx", "C", "E"]}}, {"type": "Feature", "geometry": {"type": "Point", "coordinates": [12.578049, 55.71555]}, "properties": {"stop_id": "000008600654", "stop_name": "Svanem\u00f8llen St.", "route_short_names": ["A", "B", "Bx", "C", "E"]}}, {"type": "Feature", "geometry": {"type": "Point", "coordinates": [12.567658, 55.731022]}, "properties": {"stop_id": "000008600655", "stop_name": "Hellerup St.", "route_short_names": ["A", "C", "E", "F"]}}, {"type": "Feature", "geometry": {"type": "Point", "coordinates": [12.572144, 55.751851]}, "properties": {"stop_id": "000008600657", "stop_name": "Charlottenlund St.", "route_short_names": ["C", "F"]}}, {"type": "Feature", "geometry": {"type": "Point", "coordinates": [12.583649, 55.76307]}, "properties": {"stop_id": "000008600658", "stop_name": "Ordrup St.", "route_short_names": ["C", "F"]}}, {"type": "Feature", "geometry": {"type": "Point", "coordinates": [12.58773, 55.777446]}, "properties": {"stop_id": "000008600659", "stop_name": "Klampenborg St.", "route_short_names": ["C", "F"]}}, {"type": "Feature", "geometry": {"type": "Point", "coordinates": [12.557488, 55.743052]}, "properties": {"stop_id": "000008600672", "stop_name": "Bernstorffsvej St.", "route_short_names": ["A", "E"]}}, {"type": "Feature", "geometry": {"type": "Point", "coordinates": [12.54162, 55.753509]}, "properties": {"stop_id": "000008600673", "stop_name": "Gentofte St.", "route_short_names": ["A", "E"]}}, {"type": "Feature", "geometry": {"type": "Point", "coordinates": [12.521561, 55.761621]}, "properties": {"stop_id": "000008600674", "stop_name": "J\u00e6gersborg St.", "route_short_names": ["A", "E"]}}, {"type": "Feature", "geometry": {"type": "Point", "coordinates": [12.503101, 55.768084]}, "properties": {"stop_id": "000008600675", "stop_name": "Lyngby St.", "route_short_names": ["A", "E"]}}, {"type": "Feature", "geometry": {"type": "Point", "coordinates": [12.473349, 55.795606]}, "properties": {"stop_id": "000008600676", "stop_name": "Virum St.", "route_short_names": ["A", "E"]}}, {"type": "Feature", "geometry": {"type": "Point", "coordinates": [12.468821, 55.807675]}, "properties": {"stop_id": "000008600677", "stop_name": "Holte St.", "route_short_names": ["A", "E"]}}, {"type": "Feature", "geometry": {"type": "Point", "coordinates": [12.424018, 55.840508]}, "properties": {"stop_id": "000008600678", "stop_name": "Birker\u00f8d St.", "route_short_names": ["A"]}}, {"type": "Feature", "geometry": {"type": "Point", "coordinates": [12.440211, 55.665068]}, "properties": {"stop_id": "000008600679", "stop_name": "Br\u00f8ndby\u00f8ster St.", "route_short_names": ["B", "Bx"]}}, {"type": "Feature", "geometry": {"type": "Point", "coordinates": [12.458641, 55.66482]}, "properties": {"stop_id": "000008600680", "stop_name": "R\u00f8dovre St.", "route_short_names": ["B", "Bx"]}}, {"type": "Feature", "geometry": {"type": "Point", "coordinates": [12.357045, 55.870983]}, "properties": {"stop_id": "000008600681", "stop_name": "Aller\u00f8d St.", "route_short_names": ["A"]}}, {"type": "Feature", "geometry": {"type": "Point", "coordinates": [12.310928, 55.926923]}, "properties": {"stop_id": "000008600683", "stop_name": "Hiller\u00f8d St.", "route_short_names": ["A"]}}, {"type": "Feature", "geometry": {"type": "Point", "coordinates": [12.540687, 55.720887]}, "properties": {"stop_id": "000008600688", "stop_name": "Emdrup St.", "route_short_names": ["B", "Bx"]}}, {"type": "Feature", "geometry": {"type": "Point", "coordinates": [12.523342, 55.739658]}, "properties": {"stop_id": "000008600689", "stop_name": "Vangede St.", "route_short_names": ["B", "Bx"]}}, {"type": "Feature", "geometry": {"type": "Point", "coordinates": [12.494038, 55.747383]}, "properties": {"stop_id": "000008600690", "stop_name": "Buddinge St.", "route_short_names": ["B", "Bx"]}}, {"type": "Feature", "geometry": {"type": "Point", "coordinates": [12.473188, 55.756534]}, "properties": {"stop_id": "000008600691", "stop_name": "Steng\u00e5rden St.", "route_short_names": ["B"]}}, {"type": "Feature", "geometry": {"type": "Point", "coordinates": [12.453554, 55.761872]}, "properties": {"stop_id": "000008600692", "stop_name": "Bagsv\u00e6rd St.", "route_short_names": ["B"]}}, {"type": "Feature", "geometry": {"type": "Point", "coordinates": [12.43203, 55.765173]}, "properties": {"stop_id": "000008600693", "stop_name": "Skovbrynet St.", "route_short_names": ["B"]}}, {"type": "Feature", "geometry": {"type": "Point", "coordinates": [12.406029, 55.766023]}, "properties": {"stop_id": "000008600694", "stop_name": "Hareskov St.", "route_short_names": ["B"]}}, {"type": "Feature", "geometry": {"type": "Point", "coordinates": [12.373189, 55.782034]}, "properties": {"stop_id": "000008600695", "stop_name": "V\u00e6rl\u00f8se St.", "route_short_names": ["B"]}}, {"type": "Feature", "geometry": {"type": "Point", "coordinates": [12.373534, 55.812027]}, "properties": {"stop_id": "000008600696", "stop_name": "Farum St.", "route_short_names": ["B"]}}, {"type": "Feature", "geometry": {"type": "Point", "coordinates": [12.315235, 55.910229]}, "properties": {"stop_id": "000008600700", "stop_name": "Favrholm St.", "route_short_names": ["A"]}}, {"type": "Feature", "geometry": {"type": "Point", "coordinates": [12.504224, 55.66705]}, "properties": {"stop_id": "000008600701", "stop_name": "Langgade St.", "route_short_names": ["C", "H"]}}, {"type": "Feature", "geometry": {"type": "Point", "coordinates": [12.503443, 55.67859]}, "properties": {"stop_id": "000008600702", "stop_name": "Peter Bangs Vej St.", "route_short_names": ["C", "H"]}}, {"type": "Feature", "geometry": {"type": "Point", "coordinates": [12.490603, 55.687355]}, "properties": {"stop_id": "000008600703", "stop_name": "Vanl\u00f8se St.", "route_short_names": ["C", "H"]}}, {"type": "Feature", "geometry": {"type": "Point", "coordinates": [12.469383, 55.699529]}, "properties": {"stop_id": "000008600704", "stop_name": "Islev St.", "route_short_names": ["C", "H"]}}, {"type": "Feature", "geometry": {"type": "Point", "coordinates": [12.464033, 55.709409]}, "properties": {"stop_id": "000008600705", "stop_name": "Husum St.", "route_short_names": ["C", "H"]}}, {"type": "Feature", "geometry": {"type": "Point", "coordinates": [12.443674, 55.718919]}, "properties": {"stop_id": "000008600706", "stop_name": "Herlev St.", "route_short_names": ["C", "H"]}}, {"type": "Feature", "geometry": {"type": "Point", "coordinates": [12.403533, 55.722763]}, "properties": {"stop_id": "000008600707", "stop_name": "Skovlunde St.", "route_short_names": ["C", "H"]}}, {"type": "Feature", "geometry": {"type": "Point", "coordinates": [12.358344, 55.729871]}, "properties": {"stop_id": "000008600708", "stop_name": "Ballerup St.", "route_short_names": ["C", "H"]}}, {"type": "Feature", "geometry": {"type": "Point", "coordinates": [12.318319, 55.747485]}, "properties": {"stop_id": "000008600709", "stop_name": "M\u00e5l\u00f8v St.", "route_short_names": ["C", "H"]}}, {"type": "Feature", "geometry": {"type": "Point", "coordinates": [12.238432, 55.750211]}, "properties": {"stop_id": "000008600710", "stop_name": "Veks\u00f8 St.", "route_short_names": ["C", "H"]}}, {"type": "Feature", "geometry": {"type": "Point", "coordinates": [12.190608, 55.766379]}, "properties": {"stop_id": "000008600711", "stop_name": "Stenl\u00f8se St.", "route_short_names": ["C", "H"]}}, {"type": "Feature", "geometry": {"type": "Point", "coordinates": [12.159712, 55.795641]}, "properties": {"stop_id": "000008600712", "stop_name": "\u00d8lstykke St.", "route_short_names": ["C", "H"]}}, {"type": "Feature", "geometry": {"type": "Point", "coordinates": [12.115244, 55.810333]}, "properties": {"stop_id": "000008600713", "stop_name": "Vinge St.", "route_short_names": ["C", "H"]}}, {"type": "Feature", "geometry": {"type": "Point", "coordinates": [12.065636, 55.835809]}, "properties": {"stop_id": "000008600714", "stop_name": "Frederikssund St.", "route_short_names": ["C", "H"]}}, {"type": "Feature", "geometry": {"type": "Point", "coordinates": [12.477206, 55.69081]}, "properties": {"stop_id": "000008600734", "stop_name": "Jyllingevej St.", "route_short_names": ["C", "H"]}}, {"type": "Feature", "geometry": {"type": "Point", "coordinates": [12.49866, 55.685435]}, "properties": {"stop_id": "000008600736", "stop_name": "Flintholm St.", "route_short_names": ["C", "F", "H"]}}, {"type": "Feature", "geometry": {"type": "Point", "coordinates": [12.541632, 55.706348]}, "properties": {"stop_id": "000008600739", "stop_name": "Bispebjerg St.", "route_short_names": ["F"]}}, {"type": "Feature", "geometry": {"type": "Point", "coordinates": [12.492328, 55.677963]}, "properties": {"stop_id": "000008600740", "stop_name": "KB Hallen St.", "route_short_names": ["F"]}}, {"type": "Feature", "geometry": {"type": "Point", "coordinates": [12.493114, 55.67233]}, "properties": {"stop_id": "000008600741", "stop_name": "\u00c5lholm St.", "route_short_names": ["F"]}}, {"type": "Feature", "geometry": {"type": "Point", "coordinates": [12.493732, 55.664274]}, "properties": {"stop_id": "000008600742", "stop_name": "Dansh\u00f8j St.", "route_short_names": ["B", "Bx", "F"]}}, {"type": "Feature", "geometry": {"type": "Point", "coordinates": [12.386028, 55.724632]}, "properties": {"stop_id": "000008600756", "stop_name": "Malmparken St.", "route_short_names": ["C", "H"]}}, {"type": "Feature", "geometry": {"type": "Point", "coordinates": [12.537174, 55.654756]}, "properties": {"stop_id": "000008600760", "stop_name": "Sydhavn St.", "route_short_names": ["A", "E"]}}, {"type": "Feature", "geometry": {"type": "Point", "coordinates": [12.527265, 55.651742]}, "properties": {"stop_id": "000008600761", "stop_name": "Sj\u00e6l\u00f8r St.", "route_short_names": ["A", "E"]}}, {"type": "Feature", "geometry": {"type": "Point", "coordinates": [12.499699, 55.640079]}, "properties": {"stop_id": "000008600763", "stop_name": "\u00c5marken St.", "route_short_names": ["A", "E"]}}, {"type": "Feature", "geometry": {"type": "Point", "coordinates": [12.482553, 55.628887]}, "properties": {"stop_id": "000008600764", "stop_name": "Friheden St.", "route_short_names": ["A", "E"]}}, {"type": "Feature", "geometry": {"type": "Point", "coordinates": [12.454256, 55.625183]}, "properties": {"stop_id": "000008600765", "stop_name": "Aved\u00f8re St.", "route_short_names": ["A", "E"]}}, {"type": "Feature", "geometry": {"type": "Point", "coordinates": [12.42266, 55.620936]}, "properties": {"stop_id": "000008600766", "stop_name": "Br\u00f8ndby Strand St.", "route_short_names": ["A", "E"]}}, {"type": "Feature", "geometry": {"type": "Point", "coordinates": [12.388444, 55.623253]}, "properties": {"stop_id": "000008600767", "stop_name": "Vallensb\u00e6k St.", "route_short_names": ["A", "E"]}}, {"type": "Feature", "geometry": {"type": "Point", "coordinates": [12.357934, 55.613385]}, "properties": {"stop_id": "000008600768", "stop_name": "Ish\u00f8j St.", "route_short_names": ["A", "E"]}}, {"type": "Feature", "geometry": {"type": "Point", "coordinates": [12.333387, 55.597449]}, "properties": {"stop_id": "000008600769", "stop_name": "Hundige St.", "route_short_names": ["A", "E"]}}, {"type": "Feature", "geometry": {"type": "Point", "coordinates": [12.295599, 55.581217]}, "properties": {"stop_id": "000008600770", "stop_name": "Greve St.", "route_short_names": ["A", "E"]}}, {"type": "Feature", "geometry": {"type": "Point", "coordinates": [12.268851, 55.56629]}, "properties": {"stop_id": "000008600771", "stop_name": "Karlslunde St.", "route_short_names": ["A", "E"]}}, {"type": "Feature", "geometry": {"type": "Point", "coordinates": [12.535743, 55.732629]}, "properties": {"stop_id": "000008600780", "stop_name": "Dysseg\u00e5rd St.", "route_short_names": ["B", "Bx"]}}, {"type": "Feature", "geometry": {"type": "Point", "coordinates": [12.508535, 55.744614]}, "properties": {"stop_id": "000008600781", "stop_name": "Kildebakke St.", "route_short_names": ["B", "Bx"]}}, {"type": "Feature", "geometry": {"type": "Point", "coordinates": [12.516849, 55.652626]}, "properties": {"stop_id": "000008600783", "stop_name": "K\u00f8benhavn Syd St.", "route_short_names": ["A", "E", "F"]}}, {"type": "Feature", "geometry": {"type": "Point", "coordinates": [12.218064, 55.533318]}, "properties": {"stop_id": "000008600790", "stop_name": "Solr\u00f8d Strand St.", "route_short_names": ["A", "E"]}}, {"type": "Feature", "geometry": {"type": "Point", "coordinates": [12.208474, 55.520686]}, "properties": {"stop_id": "000008600791", "stop_name": "Jersie St.", "route_short_names": ["A", "E"]}}, {"type": "Feature", "geometry": {"type": "Point", "coordinates": [12.175762, 55.479751]}, "properties": {"stop_id": "000008600792", "stop_name": "\u00d8lby St.", "route_short_names": ["A", "E"]}}, {"type": "Feature", "geometry": {"type": "Point", "coordinates": [12.173986, 55.49919]}, "properties": {"stop_id": "000008600797", "stop_name": "K\u00f8ge Nord St.", "route_short_names": ["A", "E"]}}, {"type": "Feature", "geometry": {"type": "Point", "coordinates": [12.269581, 55.648869]}, "properties": {"stop_id": "000008600798", "stop_name": "H\u00f8je Taastrup St.", "route_short_names": ["B", "Bx"]}}, {"type": "Feature", "geometry": {"type": "Point", "coordinates": [12.186333, 55.457547]}, "properties": {"stop_id": "000008600803", "stop_name": "K\u00f8ge St.", "route_short_names": ["A", "E"]}}, {"type": "Feature", "geometry": {"type": "Point", "coordinates": [12.498686, 55.659898]}, "properties": {"stop_id": "000008600804", "stop_name": "Vigerslev Alle St.", "route_short_names": ["F"]}}, {"type": "Feature", "geometry": {"type": "Point", "coordinates": [12.388137, 55.851051]}, "properties": {"stop_id": "000008600909", "stop_name": "H\u00f8velte St.", "route_short_names": ["A"]}}, {"type": "Feature", "geometry": {"type": "Point", "coordinates": [12.286623, 55.751952]}, "properties": {"stop_id": "000008600955", "stop_name": "Kildedal St.", "route_short_names": ["C", "H"]}}, {"type": "Feature", "geometry": {"type": "Point", "coordinates": [12.185481, 55.779952]}, "properties": {"stop_id": "000008600956", "stop_name": "Egedal St.", "route_short_names": ["C", "H"]}}, {"type": "Feature", "geometry": {"type": "Point", "coordinates": [12.491664, 55.687297]}, "properties": {"stop_id": "000008603301", "stop_name": "Vanl\u00f8se St. (Metro)", "route_short_names": ["M1", "M2"]}}, {"type": "Feature", "geometry": {"type": "Point", "coordinates": [12.499527, 55.685868]}, "properties": {"stop_id": "000008603302", "stop_name": "Flintholm St. (Metro)", "route_short_names": ["M1", "M2"]}}, {"type": "Feature", "geometry": {"type": "Point", "coordinates": [12.512873, 55.683482]}, "properties": {"stop_id": "000008603303", "stop_name": "Lindevang St. (Metro)", "route_short_names": ["M1", "M2"]}}, {"type": "Feature", "geometry": {"type": "Point", "coordinates": [12.523102, 55.681669]}, "properties": {"stop_id": "000008603304", "stop_name": "Fasanvej St. (Metro)", "route_short_names": ["M1", "M2"]}}, {"type": "Feature", "geometry": {"type": "Point", "coordinates": [12.531719, 55.681223]}, "properties": {"stop_id": "000008603305", "stop_name": "Frederiksberg St. (Metro)", "route_short_names": ["M1", "M2", "M3"]}}, {"type": "Feature", "geometry": {"type": "Point", "coordinates": [12.552431, 55.681821]}, "properties": {"stop_id": "000008603306", "stop_name": "Forum St. (Metro)", "route_short_names": ["M1", "M2"]}}, {"type": "Feature", "geometry": {"type": "Point", "coordinates": [12.571044, 55.683843]}, "properties": {"stop_id": "000008603307", "stop_name": "N\u00f8rreport St. (Metro)", "route_short_names": ["M1", "M2"]}}, {"type": "Feature", "geometry": {"type": "Point", "coordinates": [12.585228, 55.679185]}, "properties": {"stop_id": "000008603308", "stop_name": "Kongens Nytorv St. (Metro)", "route_short_names": ["M1", "M2", "M3", "M4"]}}, {"type": "Feature", "geometry": {"type": "Point", "coordinates": [12.591385, 55.672054]}, "properties": {"stop_id": "000008603309", "stop_name": "Christianshavn St. (Metro)", "route_short_names": ["M1", "M2"]}}, {"type": "Feature", "geometry": {"type": "Point", "coordinates": [12.585217, 55.663422]}, "properties": {"stop_id": "000008603310", "stop_name": "Islands Brygge St. (Metro)", "route_short_names": ["M1"]}}, {"type": "Feature", "geometry": {"type": "Point", "coordinates": [12.58899, 55.655813]}, "properties": {"stop_id": "000008603311", "stop_name": "DR Byen St. (Metro)", "route_short_names": ["M1"]}}, {"type": "Feature", "geometry": {"type": "Point", "coordinates": [12.585728, 55.645199]}, "properties": {"stop_id": "000008603312", "stop_name": "Sundby St. (Metro)", "route_short_names": ["M1"]}}, {"type": "Feature", "geometry": {"type": "Point", "coordinates": [12.582928, 55.638051]}, "properties": {"stop_id": "000008603313", "stop_name": "Bella Center St. (Metro)", "route_short_names": ["M1"]}}, {"type": "Feature", "geometry": {"type": "Point", "coordinates": [12.579389, 55.629055]}, "properties": {"stop_id": "000008603315", "stop_name": "\u00d8restad St. (Metro)", "route_short_names": ["M1"]}}, {"type": "Feature", "geometry": {"type": "Point", "coordinates": [12.575297, 55.619391]}, "properties": {"stop_id": "000008603317", "stop_name": "Vestamager St. (Metro)", "route_short_names": ["M1"]}}, {"type": "Feature", "geometry": {"type": "Point", "coordinates": [12.602929, 55.663326]}, "properties": {"stop_id": "000008603321", "stop_name": "Amagerbro St. (Metro)", "route_short_names": ["M2"]}}, {"type": "Feature", "geometry": {"type": "Point", "coordinates": [12.616417, 55.662101]}, "properties": {"stop_id": "000008603322", "stop_name": "Lergravsparken St. (Metro)", "route_short_names": ["M2"]}}, {"type": "Feature", "geometry": {"type": "Point", "coordinates": [12.628453, 55.661701]}, "properties": {"stop_id": "000008603323", "stop_name": "\u00d8resund St. (Metro)", "route_short_names": ["M2"]}}, {"type": "Feature", "geometry": {"type": "Point", "coordinates": [12.631584, 55.656519]}, "properties": {"stop_id": "000008603324", "stop_name": "Amager Strand St. (Metro)", "route_short_names": ["M2"]}}, {"type": "Feature", "geometry": {"type": "Point", "coordinates": [12.638324, 55.645348]}, "properties": {"stop_id": "000008603326", "stop_name": "Fem\u00f8ren St. (Metro)", "route_short_names": ["M2"]}}, {"type": "Feature", "geometry": {"type": "Point", "coordinates": [12.646732, 55.635747]}, "properties": {"stop_id": "000008603327", "stop_name": "Kastrup St. (Metro)", "route_short_names": ["M2"]}}, {"type": "Feature", "geometry": {"type": "Point", "coordinates": [12.64939, 55.630137]}, "properties": {"stop_id": "000008603328", "stop_name": "K\u00f8benhavns Lufthavn St. (Metro)", "route_short_names": ["M2"]}}, {"type": "Feature", "geometry": {"type": "Point", "coordinates": [12.56412, 55.671941]}, "properties": {"stop_id": "000008603330", "stop_name": "K\u00f8benhavn H (Metro)", "route_short_names": ["M3", "M4"]}}, {"type": "Feature", "geometry": {"type": "Point", "coordinates": [12.568803, 55.676373]}, "properties": {"stop_id": "000008603331", "stop_name": "R\u00e5dhuspladsen St. (Metro)", "route_short_names": ["M3", "M4"]}}, {"type": "Feature", "geometry": {"type": "Point", "coordinates": [12.579575, 55.677749]}, "properties": {"stop_id": "000008603332", "stop_name": "Gammel Strand St. (Metro)", "route_short_names": ["M3", "M4"]}}, {"type": "Feature", "geometry": {"type": "Point", "coordinates": [12.588632, 55.685245]}, "properties": {"stop_id": "000008603333", "stop_name": "Marmorkirken St. (Metro)", "route_short_names": ["M3", "M4"]}}, {"type": "Feature", "geometry": {"type": "Point", "coordinates": [12.585352, 55.693217]}, "properties": {"stop_id": "000008603334", "stop_name": "\u00d8sterport St. (Metro)", "route_short_names": ["M3", "M4"]}}, {"type": "Feature", "geometry": {"type": "Point", "coordinates": [12.57607, 55.699135]}, "properties": {"stop_id": "000008603335", "stop_name": "Trianglen St. (Metro)", "route_short_names": ["M3"]}}, {"type": "Feature", "geometry": {"type": "Point", "coordinates": [12.576709, 55.70925]}, "properties": {"stop_id": "000008603336", "stop_name": "Poul Henningsens Plads St. (Metro)", "route_short_names": ["M3"]}}, {"type": "Feature", "geometry": {"type": "Point", "coordinates": [12.564, 55.706284]}, "properties": {"stop_id": "000008603337", "stop_name": "Vibenshus Runddel St. (Metro)", "route_short_names": ["M3"]}}, {"type": "Feature", "geometry": {"type": "Point", "coordinates": [12.548233, 55.70328]}, "properties": {"stop_id": "000008603338", "stop_name": "Skjolds Plads St. (Metro)", "route_short_names": ["M3"]}}, {"type": "Feature", "geometry": {"type": "Point", "coordinates": [12.538082, 55.700552]}, "properties": {"stop_id": "000008603339", "stop_name": "N\u00f8rrebro St. (Metro)", "route_short_names": ["M3"]}}, {"type": "Feature", "geometry": {"type": "Point", "coordinates": [12.548899, 55.693945]}, "properties": {"stop_id": "000008603340", "stop_name": "N\u00f8rrebros Runddel St. (Metro)", "route_short_names": ["M3"]}}, {"type": "Feature", "geometry": {"type": "Point", "coordinates": [12.542892, 55.688796]}, "properties": {"stop_id": "000008603341", "stop_name": "Nuuks Plads St. (Metro)", "route_short_names": ["M3"]}}, {"type": "Feature", "geometry": {"type": "Point", "coordinates": [12.533187, 55.686378]}, "properties": {"stop_id": "000008603342", "stop_name": "Aksel M\u00f8llers Have St. (Metro)", "route_short_names": ["M3"]}}, {"type": "Feature", "geometry": {"type": "Point", "coordinates": [12.540351, 55.673727]}, "properties": {"stop_id": "000008603343", "stop_name": "Frederiksberg All\u00e9 St. (Metro)", "route_short_names": ["M3"]}}, {"type": "Feature", "geometry": {"type": "Point", "coordinates": [12.545814, 55.667284]}, "properties": {"stop_id": "000008603344", "stop_name": "Enghave Plads St. (Metro)", "route_short_names": ["M3"]}}, {"type": "Feature", "geometry": {"type": "Point", "coordinates": [12.595272, 55.711612]}, "properties": {"stop_id": "000008603345", "stop_name": "Orientkaj St. (Metro)", "route_short_names": ["M4"]}}, {"type": "Feature", "geometry": {"type": "Point", "coordinates": [12.591834, 55.707298]}, "properties": {"stop_id": "000008603346", "stop_name": "Nordhavn St. (Metro)", "route_short_names": ["M4"]}}, {"type": "Feature", "geometry": {"type": "Point", "coordinates": [12.559426, 55.66091]}, "properties": {"stop_id": "000008603347", "stop_name": "Havneholmen St. (Metro)", "route_short_names": ["M4"]}}, {"type": "Feature", "geometry": {"type": "Point", "coordinates": [12.556169, 55.653766]}, "properties": {"stop_id": "000008603348", "stop_name": "Enghave Brygge St. (Metro)", "route_short_names": ["M4"]}}, {"type": "Feature", "geometry": {"type": "Point", "coordinates": [12.543747, 55.645836]}, "properties": {"stop_id": "000008603349", "stop_name": "Sluseholmen St. (Metro)", "route_short_names": ["M4"]}}, {"type": "Feature", "geometry": {"type": "Point", "coordinates": [12.533956, 55.649049]}, "properties": {"stop_id": "000008603350", "stop_name": "Mozarts Plads St. (Metro)", "route_short_names": ["M4"]}}, {"type": "Feature", "geometry": {"type": "Point", "coordinates": [12.516427, 55.65253]}, "properties": {"stop_id": "000008603351", "stop_name": "K\u00f8benhavn Syd St. (Metro)", "route_short_names": ["M4"]}}, {"type": "Feature", "geometry": {"type": "Point", "coordinates": [12.359055, 55.613543]}, "properties": {"stop_id": "000008603401", "stop_name": "Ish\u00f8j St. (Letbane)", "route_short_names": ["L"]}}, {"type": "Feature", "geometry": {"type": "Point", "coordinates": [12.369672, 55.614271]}, "properties": {"stop_id": "000008603402", "stop_name": "Ish\u00f8j Strand - ARKEN (Letbane)", "route_short_names": ["L"]}}, {"type": "Feature", "geometry": {"type": "Point", "coordinates": [12.37968, 55.618909]}, "properties": {"stop_id": "000008603403", "stop_name": "Strandhaven (Letbane)", "route_short_names": ["L"]}}, {"type": "Feature", "geometry": {"type": "Point", "coordinates": [12.38468, 55.623552]}, "properties": {"stop_id": "000008603404", "stop_name": "Vallensb\u00e6k St. (Letbane)", "route_short_names": ["L"]}}, {"type": "Feature", "geometry": {"type": "Point", "coordinates": [12.389956, 55.627678]}, "properties": {"stop_id": "000008603405", "stop_name": "Delta Park (Letbane)", "route_short_names": ["L"]}}, {"type": "Feature", "geometry": {"type": "Point", "coordinates": [12.401041, 55.643847]}, "properties": {"stop_id": "000008603406", "stop_name": "Br\u00f8ndbyvester (Letbane)", "route_short_names": ["L"]}}, {"type": "Feature", "geometry": {"type": "Point", "coordinates": [12.394372, 55.654337]}, "properties": {"stop_id": "000008603407", "stop_name": "Kirkebjerg (Letbane)", "route_short_names": ["L"]}}, {"type": "Feature", "geometry": {"type": "Point", "coordinates": [12.395909, 55.663004]}, "properties": {"stop_id": "000008603408", "stop_name": "Glostrup St. (Letbane)", "route_short_names": ["L"]}}, {"type": "Feature", "geometry": {"type": "Point", "coordinates": [12.391703, 55.669958]}, "properties": {"stop_id": "000008603409", "stop_name": "Glostrup Hospital - Rigshospitalet (Letbane)", "route_short_names": ["L"]}}, {"type": "Feature", "geometry": {"type": "Point", "coordinates": [12.39629, 55.679978]}, "properties": {"stop_id": "000008603410", "stop_name": "Glostrup Nord - Hersted (Letbane)", "route_short_names": ["L"]}}, {"type": "Feature", "geometry": {"type": "Point", "coordinates": [12.414514, 55.697514]}, "properties": {"stop_id": "000008603411", "stop_name": "Glostrup Ejby (Letbane)", "route_short_names": ["L"]}}, {"type": "Feature", "geometry": {"type": "Point", "coordinates": [12.427605, 55.706109]}, "properties": {"stop_id": "000008603412", "stop_name": "R\u00f8dovre Nord (Letbane)", "route_short_names": ["L"]}}, {"type": "Feature", "geometry": {"type": "Point", "coordinates": [12.435367, 55.713577]}, "properties": {"stop_id": "000008603413", "stop_name": "Herlev Syd (Letbane)", "route_short_names": ["L"]}}, {"type": "Feature", "geometry": {"type": "Point", "coordinates": [12.440431, 55.720129]}, "properties": {"stop_id": "000008603414", "stop_name": "Herlev St. (Letbane)", "route_short_names": ["L"]}}, {"type": "Feature", "geometry": {"type": "Point", "coordinates": [12.44135, 55.723199]}, "properties": {"stop_id": "000008603415", "stop_name": "Herlev Bymidte (Letbane)", "route_short_names": ["L"]}}, {"type": "Feature", "geometry": {"type": "Point", "coordinates": [12.445851, 55.730439]}, "properties": {"stop_id": "000008603416", "stop_name": "Herlev Hospital (Letbane)", "route_short_names": ["L"]}}, {"type": "Feature", "geometry": {"type": "Point", "coordinates": [12.459011, 55.734642]}, "properties": {"stop_id": "000008603417", "stop_name": "Dynamovej (Letbane)", "route_short_names": ["L"]}}, {"type": "Feature", "geometry": {"type": "Point", "coordinates": [12.473867, 55.737841]}, "properties": {"stop_id": "000008603418", "stop_name": "Gladsaxe Trafikplads (Letbane)", "route_short_names": ["L"]}}, {"type": "Feature", "geometry": {"type": "Point", "coordinates": [12.485453, 55.739948]}, "properties": {"stop_id": "000008603419", "stop_name": "Gladsaxevej (Letbane)", "route_short_names": ["L"]}}, {"type": "Feature", "geometry": {"type": "Point", "coordinates": [12.493489, 55.743025]}, "properties": {"stop_id": "000008603420", "stop_name": "Gladsaxe R\u00e5dhus (Letbane)", "route_short_names": ["L"]}}, {"type": "Feature", "geometry": {"type": "Point", "coordinates": [12.495072, 55.747381]}, "properties": {"stop_id": "000008603421", "stop_name": "Buddinge St. (Letbane)", "route_short_names": ["L"]}}, {"type": "Feature", "geometry": {"type": "Point", "coordinates": [12.495054, 55.756329]}, "properties": {"stop_id": "000008603422", "stop_name": "Gammelmosevej (Letbane)", "route_short_names": ["L"]}}, {"type": "Feature", "geometry": {"type": "Point", "coordinates": [12.501544, 55.76921]}, "properties": {"stop_id": "000008603423", "stop_name": "Lyngby St. (Letbane)", "route_short_names": ["L"]}}, {"type": "Feature", "geometry": {"type": "Point", "coordinates": [12.505548, 55.770881]}, "properties": {"stop_id": "000008603424", "stop_name": "Lyngby Centrum (Letbane)", "route_short_names": ["L"]}}, {"type": "Feature", "geometry": {"type": "Point", "coordinates": [12.519591, 55.774818]}, "properties": {"stop_id": "000008603425", "stop_name": "Fortunbyen (Letbane)", "route_short_names": ["L"]}}, {"type": "Feature", "geometry": {"type": "Point", "coordinates": [12.519488, 55.780223]}, "properties": {"stop_id": "000008603427", "stop_name": "Akademivej -  DTU (Letbane)", "route_short_names": ["L"]}}, {"type": "Feature", "geometry": {"type": "Point", "coordinates": [12.522632, 55.785542]}, "properties": {"stop_id": "000008603428", "stop_name": "Anker Engelundsvej - DTU (Letbane)", "route_short_names": ["L"]}}, {"type": "Feature", "geometry": {"type": "Point", "coordinates": [12.528282, 55.787183]}, "properties": {"stop_id": "000008603429", "stop_name": "R\u00e6veh\u00f8jvej (Letbane)", "route_short_names": ["L"]}}, {"type": "Feature", "geometry": {"type": "Point", "coordinates": [12.53029, 55.794648]}, "properties": {"stop_id": "000008603430", "stop_name": "Lundtofte St. (Letbane)", "route_short_names": ["L"]}}]}