{"type": "FeatureCollection", "features": [{"type": "Feature", "geometry": {"type": "LineString", "coordinates": [[12.3762, 55.259119], [12.376924, 55.259854], [12.379312, 55.261092], [12.381658, 55.262393], [12.382404, 55.264315], [12.38104, 55.266789], [12.380049, 55.269029], [12.379893, 55.271083], [12.380187, 55.272684], [12.384801, 55.295251], [12.384956, 55.296694], [12.385714, 55.309279], [12.385755, 55.310312], [12.384899, 55.312116], [12.381822, 55.314108], [12.355419, 55.329088], [12.351974, 55.331062], [12.342353, 55.337053], [12.339568, 55.338631], [12.325539, 55.346099], [12.324225, 55.3468], [12.322345, 55.347705], [12.320249, 55.348491], [12.318089, 55.34908], [12.315309, 55.349614], [12.313058, 55.349864], [12.279963, 55.352475], [12.238478, 55.355767], [12.234805, 55.356008], [12.231076, 55.355567], [12.228713, 55.354659], [12.228155, 55.353424], [12.227551, 55.352208], [12.22643, 55.350062], [12.227551, 55.352208], [12.228155, 55.353424], [12.228713, 55.354659], [12.228061, 55.356339], [12.226996, 55.358372], [12.22275, 55.36574], [12.221552, 55.367705], [12.22043, 55.369047], [12.21916, 55.370133], [12.21735, 55.371367], [12.215704, 55.372292], [12.215719, 55.372273], [12.215704, 55.372292], [12.201903, 55.379874], [12.197593, 55.382234], [12.195064, 55.383766], [12.193632, 55.384999], [12.192514, 55.386611], [12.191978, 55.388189], [12.191904, 55.390403], [12.192134, 55.400314], [12.192242, 55.404788], [12.192118, 55.406383], [12.190041, 55.423726], [12.188297, 55.438364], [12.187989, 55.440242], [12.187053, 55.44255], [12.18546, 55.446143], [12.184344, 55.447799], [12.184223, 55.449825], [12.184961, 55.453088], [12.185494, 55.4548], [12.186283, 55.456542], [12.186599, 55.457513], [12.187158, 55.459738], [12.187261, 55.460229], [12.187305, 55.460965], [12.187266, 55.461461], [12.187179, 55.461949], [12.187059, 55.462428], [12.186236, 55.464778], [12.183752, 55.471649], [12.183011, 55.473844], [12.182902, 55.474261], [12.182652, 55.474887], [12.182289, 55.47549], [12.181846, 55.476077], [12.181305, 55.47664], [12.180667, 55.477169], [12.179962, 55.477655], [12.176275, 55.479638], [12.17596, 55.479853], [12.174773, 55.480639], [12.174, 55.481271], [12.173528, 55.481697], [12.172649, 55.482574], [12.172404, 55.482877], [12.172207, 55.483187], [12.172043, 55.483506], [12.171943, 55.483833], [12.171681, 55.484909], [12.171607, 55.485954], [12.171679, 55.487058], [12.171667, 55.487499], [12.171609, 55.48795], [12.171424, 55.488611], [12.171237, 55.489038], [12.171018, 55.489467], [12.17061, 55.490098], [12.170278, 55.490502], [12.16951, 55.491196], [12.167625, 55.492566], [12.164833, 55.494473], [12.14839, 55.505928], [12.145211, 55.508168], [12.143024, 55.509752], [12.140499, 55.511463], [12.13801, 55.513235], [12.135553, 55.515204], [12.133935, 55.516782], [12.1327, 55.518181], [12.131452, 55.519831], [12.130169, 55.521832], [12.120835, 55.537435], [12.119017, 55.540503], [12.1182, 55.541998], [12.117304, 55.543495], [12.116462, 55.544874], [12.11563, 55.546181], [12.113986, 55.548857], [12.102436, 55.568093], [12.10075, 55.571057], [12.099681, 55.572793], [12.098701, 55.574454], [12.097248, 55.576765], [12.070802, 55.620737], [12.070529, 55.621301], [12.0702, 55.622172], [12.070038, 55.622751], [12.069941, 55.623338], [12.069877, 55.623933], [12.069859, 55.624518], [12.069928, 55.625406], [12.070038, 55.625997], [12.070248, 55.626855], [12.070418, 55.627399], [12.070635, 55.627942], [12.071047, 55.628741], [12.071375, 55.629272], [12.071749, 55.629784], [12.072169, 55.630286], [12.072621, 55.630778], [12.073119, 55.631251], [12.073664, 55.631714], [12.074255, 55.632166], [12.074861, 55.632592], [12.075705, 55.633218], [12.07678, 55.633955], [12.077547, 55.634421], [12.078345, 55.634869], [12.079603, 55.635502], [12.080921, 55.636099], [12.081839, 55.636462], [12.086511, 55.638062], [12.088784, 55.638867]]}, "properties": {"shape_id": "5497", "route_id": "24600_2", "route_short_name": "210R", "agency_id": "316"}}, {"type": "Feature", "geometry": {"type": "LineString", "coordinates": [[12.22643, 55.350062], [12.227551, 55.352208], [12.228155, 55.353424], [12.228713, 55.354659], [12.228061, 55.356339], [12.226996, 55.358372], [12.22275, 55.36574], [12.221552, 55.367705], [12.22043, 55.369047], [12.21916, 55.370133], [12.21735, 55.371367], [12.215704, 55.372292], [12.215719, 55.372273], [12.215704, 55.372292], [12.201903, 55.379874], [12.197593, 55.382234], [12.195064, 55.383766], [12.193632, 55.384999], [12.192514, 55.386611], [12.191978, 55.388189], [12.191904, 55.390403], [12.192134, 55.400314], [12.192242, 55.404788], [12.192118, 55.406383], [12.190041, 55.423726], [12.188297, 55.438364], [12.187989, 55.440242], [12.187053, 55.44255], [12.18546, 55.446143], [12.184344, 55.447799], [12.184223, 55.449825], [12.184961, 55.453088], [12.185494, 55.4548], [12.186283, 55.456542], [12.186599, 55.457513], [12.187158, 55.459738], [12.187261, 55.460229], [12.187305, 55.460965], [12.187266, 55.461461], [12.187179, 55.461949], [12.187059, 55.462428], [12.186236, 55.464778], [12.183752, 55.471649], [12.183011, 55.473844], [12.182902, 55.474261], [12.182652, 55.474887], [12.182289, 55.47549], [12.181846, 55.476077], [12.181305, 55.47664], [12.180667, 55.477169], [12.179962, 55.477655], [12.176275, 55.479638], [12.17596, 55.479853], [12.174773, 55.480639], [12.174, 55.481271], [12.173528, 55.481697], [12.172649, 55.482574], [12.172404, 55.482877], [12.172207, 55.483187], [12.172043, 55.483506], [12.171943, 55.483833], [12.171681, 55.484909], [12.171607, 55.485954], [12.171679, 55.487058], [12.171667, 55.487499], [12.171609, 55.48795], [12.171424, 55.488611], [12.171237, 55.489038], [12.171018, 55.489467], [12.17061, 55.490098], [12.170278, 55.490502], [12.16951, 55.491196], [12.167625, 55.492566], [12.164833, 55.494473], [12.14839, 55.505928], [12.145211, 55.508168], [12.143024, 55.509752], [12.140499, 55.511463], [12.13801, 55.513235], [12.135553, 55.515204], [12.133935, 55.516782], [12.1327, 55.518181], [12.131452, 55.519831], [12.130169, 55.521832], [12.120835, 55.537435], [12.119017, 55.540503], [12.1182, 55.541998], [12.117304, 55.543495], [12.116462, 55.544874], [12.11563, 55.546181], [12.113986, 55.548857], [12.102436, 55.568093], [12.10075, 55.571057], [12.099681, 55.572793], [12.098701, 55.574454], [12.097248, 55.576765], [12.070802, 55.620737], [12.070529, 55.621301], [12.0702, 55.622172], [12.070038, 55.622751], [12.069941, 55.623338], [12.069877, 55.623933], [12.069859, 55.624518], [12.069928, 55.625406], [12.070038, 55.625997], [12.070248, 55.626855], [12.070418, 55.627399], [12.070635, 55.627942], [12.071047, 55.628741], [12.071375, 55.629272], [12.071749, 55.629784], [12.072169, 55.630286], [12.072621, 55.630778], [12.073119, 55.631251], [12.073664, 55.631714], [12.074255, 55.632166], [12.074861, 55.632592], [12.075705, 55.633218], [12.07678, 55.633955], [12.077547, 55.634421], [12.078345, 55.634869], [12.079603, 55.635502], [12.080921, 55.636099], [12.081839, 55.636462], [12.086511, 55.638062], [12.088784, 55.638867]]}, "properties": {"shape_id": "5495", "route_id": "24600_2", "route_short_name": "210R", "agency_id": "316"}}, {"type": "Feature", "geometry": {"type": "LineString", "coordinates": [[12.30263, 56.123778], [12.302993, 56.123876], [12.306891, 56.123538], [12.308971, 56.122637], [12.309405, 56.122455], [12.310689, 56.121287], [12.318668, 56.11228], [12.323932, 56.10634], [12.326029, 56.104341], [12.328118, 56.103017], [12.329914, 56.102205], [12.333891, 56.100578], [12.336533, 56.099509], [12.339526, 56.098582], [12.34284, 56.098223], [12.355873, 56.098265], [12.376178, 56.098331], [12.379025, 56.098325], [12.382454, 56.098177], [12.386138, 56.097824], [12.386935, 56.097739], [12.393815, 56.096957], [12.398098, 56.096461], [12.401405, 56.09602], [12.415326, 56.094107], [12.418768, 56.093571], [12.423367, 56.092652], [12.426931, 56.091861], [12.430218, 56.090834], [12.432645, 56.090281], [12.435157, 56.089959], [12.444287, 56.089004], [12.448097, 56.088627], [12.451257, 56.088719], [12.454401, 56.08899], [12.459256, 56.089142], [12.459399, 56.089129], [12.462358, 56.088767], [12.464199, 56.087781], [12.465328, 56.086023], [12.466622, 56.084323], [12.468306, 56.083206], [12.474906, 56.079891], [12.478094, 56.078344], [12.481477, 56.07735], [12.484713, 56.077034], [12.495382, 56.076264], [12.503009, 56.075796], [12.505745, 56.076006], [12.508295, 56.076644], [12.512811, 56.078215], [12.515501, 56.079154], [12.517621, 56.07966], [12.521064, 56.079688], [12.5241, 56.078953], [12.526719, 56.077521], [12.529348, 56.076214], [12.531574, 56.075584], [12.533814, 56.075295], [12.538384, 56.074993], [12.538573, 56.074942], [12.541503, 56.074112], [12.543277, 56.072955], [12.546682, 56.070645], [12.54859, 56.069547], [12.553897, 56.066607], [12.557677, 56.064538], [12.560206, 56.063206], [12.563791, 56.061655], [12.576682, 56.056301], [12.579448, 56.055285], [12.581929, 56.054665], [12.584465, 56.053764], [12.586886, 56.052327], [12.589565, 56.050891], [12.592009, 56.049534], [12.593651, 56.04767], [12.594172, 56.047232], [12.596196, 56.0455], [12.599202, 56.043794], [12.601555, 56.043366], [12.602303, 56.04329], [12.605564, 56.042943], [12.607927, 56.041588], [12.610842, 56.040289], [12.611273, 56.040096], [12.613052, 56.038507], [12.614982, 56.037155], [12.616161, 56.036033], [12.615161, 56.034264], [12.614122, 56.033629]]}, "properties": {"shape_id": "5392", "route_id": "24491_2", "route_short_name": "940R", "agency_id": "316"}}, {"type": "Feature", "geometry": {"type": "LineString", "coordinates": [[11.70818, 55.715462], [11.705466, 55.716511], [11.704764, 55.716715], [11.704043, 55.716884], [11.702926, 55.717088], [11.70179, 55.717239], [11.700617, 55.717319], [11.699457, 55.717345], [11.698276, 55.717308], [11.697507, 55.717244], [11.696736, 55.717153], [11.69598, 55.717034], [11.692478, 55.716365], [11.687841, 55.715388], [11.679099, 55.71353], [11.674675, 55.712628], [11.672371, 55.712247], [11.670215, 55.71215], [11.668083, 55.71217], [11.663864, 55.712405], [11.662362, 55.712564], [11.661134, 55.712761], [11.659925, 55.713021], [11.659142, 55.713218], [11.658378, 55.71345], [11.647698, 55.717034], [11.645179, 55.717942], [11.642157, 55.7194], [11.630739, 55.725093], [11.628471, 55.726184], [11.626498, 55.726927], [11.624056, 55.727555], [11.620674, 55.727951], [11.61508, 55.728151], [11.612108, 55.728241], [11.560376, 55.729744], [11.55748, 55.729796], [11.55469, 55.729755], [11.546841, 55.729576], [11.516755, 55.728875], [11.513196, 55.728777], [11.49286, 55.727835], [11.489791, 55.727663], [11.486552, 55.727324], [11.483945, 55.726901], [11.480825, 55.726182], [11.477381, 55.72511], [11.474044, 55.723973], [11.471111, 55.723439], [11.467607, 55.723419], [11.46718, 55.723473], [11.464478, 55.723815], [11.462041, 55.724574], [11.459924, 55.725847], [11.458759, 55.727084], [11.458204, 55.728381], [11.458208, 55.72972], [11.458764, 55.731965], [11.459467, 55.73453], [11.460803, 55.736526], [11.464297, 55.738883], [11.46575, 55.740202], [11.466387, 55.741456], [11.466499, 55.742973], [11.465649, 55.745165], [11.463327, 55.747261], [11.45921, 55.749196], [11.457417, 55.750589], [11.45647, 55.752504], [11.456343, 55.752767], [11.456527, 55.754417], [11.457289, 55.755643], [11.460768, 55.759249], [11.462272, 55.760864], [11.463433, 55.762584], [11.464074, 55.764405], [11.468852, 55.785252], [11.469329, 55.786995], [11.469756, 55.787939], [11.470183, 55.788893], [11.470964, 55.790144], [11.477515, 55.800106], [11.478511, 55.801461], [11.480388, 55.802871], [11.482884, 55.80398], [11.484879, 55.80473], [11.48692, 55.805462], [11.489166, 55.806136], [11.494525, 55.807573], [11.497106, 55.808249], [11.499361, 55.80858], [11.500208, 55.80859], [11.501805, 55.808603], [11.504478, 55.808225], [11.508593, 55.807188], [11.516176, 55.805235], [11.519496, 55.804511], [11.5264, 55.803174], [11.530678, 55.802466], [11.535963, 55.802015], [11.541425, 55.801588], [11.544461, 55.801651], [11.547821, 55.802031], [11.550546, 55.802702], [11.551055, 55.802916], [11.553253, 55.803823], [11.555356, 55.804993], [11.556799, 55.806554], [11.557379, 55.808582], [11.556665, 55.810593], [11.551279, 55.818785], [11.550415, 55.820214], [11.550177, 55.821694], [11.550783, 55.823389], [11.551916, 55.824597], [11.553811, 55.825744], [11.559551, 55.828285], [11.561802, 55.829488], [11.56337, 55.831001], [11.563805, 55.832268], [11.56374, 55.834193], [11.563988, 55.835536], [11.565062, 55.837042], [11.567015, 55.838565], [11.570617, 55.841097], [11.572463, 55.842451], [11.573959, 55.843813], [11.57857, 55.848543], [11.580683, 55.850782], [11.58197, 55.852355], [11.582126, 55.85254], [11.583063, 55.853887], [11.584113, 55.855501], [11.58592, 55.857216], [11.588555, 55.858859], [11.59612, 55.8635], [11.598507, 55.864771], [11.600548, 55.865662], [11.602979, 55.866626], [11.605721, 55.867243], [11.608599, 55.86773], [11.611451, 55.868766], [11.613199, 55.870041], [11.614734, 55.871707], [11.615434, 55.873805], [11.614914, 55.875578], [11.613635, 55.877007], [11.61128, 55.878612], [11.60939, 55.879983], [11.607951, 55.881415], [11.606557, 55.883045], [11.605329, 55.884536], [11.604223, 55.886168], [11.602965, 55.888397], [11.60244, 55.890583], [11.602657, 55.892637], [11.603597, 55.898298], [11.603923, 55.900547], [11.603603, 55.902208], [11.60223, 55.903927], [11.600983, 55.905149], [11.600411, 55.906401], [11.600517, 55.907738], [11.601552, 55.909101], [11.603873, 55.910777], [11.606802, 55.912693], [11.609815, 55.914184], [11.61388, 55.916084], [11.61695, 55.917466], [11.619432, 55.91842], [11.622261, 55.919313], [11.625287, 55.920039], [11.628148, 55.920445], [11.632541, 55.920783], [11.637206, 55.921115], [11.641297, 55.921485], [11.644294, 55.922014], [11.647563, 55.922519], [11.649811, 55.922624], [11.652442, 55.922477], [11.65529, 55.921984], [11.659713, 55.920882], [11.662091, 55.920309], [11.66573, 55.919934], [11.669145, 55.920238], [11.671608, 55.920903], [11.672665, 55.921375]]}, "properties": {"shape_id": "5505", "route_id": "24602_2", "route_short_name": "510R", "agency_id": "316"}}, {"type": "Feature", "geometry": {"type": "LineString", "coordinates": [[12.186333, 55.457547], [12.22739, 55.351583], [12.22643, 55.350062], [12.219081, 55.33632], [12.214246, 55.327259], [12.206558, 55.314091], [12.205399, 55.312422], [12.203332, 55.310643], [12.201073, 55.309407], [12.195643, 55.306969], [12.154607, 55.288599], [12.142942, 55.283343], [12.140538, 55.282218], [12.138272, 55.280056], [12.138072, 55.277913], [12.138213, 55.265538], [12.138288, 55.263701], [12.13843, 55.261504], [12.138777, 55.259113], [12.140297, 55.256835], [12.141497, 55.254484], [12.141663, 55.25261], [12.140856, 55.250958], [12.139021, 55.249243], [12.137419, 55.247882], [12.135795, 55.245847], [12.135589, 55.244234], [12.137045, 55.242138], [12.139415, 55.239667], [12.141345, 55.237415], [12.143012, 55.235807], [12.144133, 55.234664], [12.145654, 55.232601], [12.147962, 55.229359], [12.149912, 55.226773], [12.151524, 55.225473], [12.15402, 55.224213], [12.156297, 55.222985], [12.157768, 55.221697], [12.159073, 55.220306], [12.162111, 55.216972]]}, "properties": {"shape_id": "5486", "route_id": "24599_2", "route_short_name": "110R", "agency_id": "316"}}, {"type": "Feature", "geometry": {"type": "LineString", "coordinates": [[11.672665, 55.921375], [11.671608, 55.920903], [11.669145, 55.920238], [11.66573, 55.919934], [11.662091, 55.920309], [11.659713, 55.920882], [11.65529, 55.921984], [11.652442, 55.922477], [11.649811, 55.922624], [11.647563, 55.922519], [11.644294, 55.922014], [11.641297, 55.921485], [11.637206, 55.921115], [11.632541, 55.920783], [11.628148, 55.920445], [11.625287, 55.920039], [11.622261, 55.919313], [11.619432, 55.91842], [11.61695, 55.917466], [11.61388, 55.916084], [11.609815, 55.914184], [11.606802, 55.912693], [11.603873, 55.910777], [11.601552, 55.909101], [11.600517, 55.907738], [11.600411, 55.906401], [11.600983, 55.905149], [11.60223, 55.903927], [11.603603, 55.902208], [11.603923, 55.900547], [11.603597, 55.898298], [11.602657, 55.892637], [11.60244, 55.890583], [11.602965, 55.888397], [11.604223, 55.886168], [11.605329, 55.884536], [11.606557, 55.883045], [11.607951, 55.881415], [11.60939, 55.879983], [11.61128, 55.878612], [11.613635, 55.877007], [11.614914, 55.875578], [11.615434, 55.873805], [11.614734, 55.871707], [11.613199, 55.870041], [11.611451, 55.868766], [11.608599, 55.86773], [11.605721, 55.867243], [11.602979, 55.866626], [11.600548, 55.865662], [11.598507, 55.864771], [11.59612, 55.8635], [11.588555, 55.858859], [11.58592, 55.857216], [11.584113, 55.855501], [11.583063, 55.853887], [11.582126, 55.85254], [11.58197, 55.852355], [11.580683, 55.850782], [11.57857, 55.848543], [11.573959, 55.843813], [11.572463, 55.842451], [11.570617, 55.841097], [11.567015, 55.838565], [11.565062, 55.837042], [11.563988, 55.835536], [11.56374, 55.834193], [11.563805, 55.832268], [11.56337, 55.831001], [11.561802, 55.829488], [11.559551, 55.828285], [11.553811, 55.825744], [11.551916, 55.824597], [11.550783, 55.823389], [11.550177, 55.821694], [11.550415, 55.820214], [11.551279, 55.818785], [11.556665, 55.810593], [11.557379, 55.808582], [11.556799, 55.806554], [11.555356, 55.804993], [11.553253, 55.803823], [11.550546, 55.802702], [11.547821, 55.802031], [11.544461, 55.801651], [11.541425, 55.801588], [11.530678, 55.802466], [11.5264, 55.803174], [11.519496, 55.804511], [11.516176, 55.805235], [11.508593, 55.807188], [11.504478, 55.808225], [11.501805, 55.808603], [11.500208, 55.80859], [11.499361, 55.80858], [11.497106, 55.808249], [11.494525, 55.807573], [11.489166, 55.806136], [11.48692, 55.805462], [11.484879, 55.80473], [11.482884, 55.80398], [11.480388, 55.802871], [11.478511, 55.801461], [11.477515, 55.800106], [11.470964, 55.790144], [11.470183, 55.788893], [11.469756, 55.787939], [11.469329, 55.786995], [11.468852, 55.785252], [11.464074, 55.764405], [11.463433, 55.762584], [11.462272, 55.760864], [11.460768, 55.759249], [11.457289, 55.755643], [11.456527, 55.754417], [11.456343, 55.752767], [11.45647, 55.752504], [11.457417, 55.750589], [11.45921, 55.749196], [11.463327, 55.747261], [11.465649, 55.745165], [11.466499, 55.742973], [11.466387, 55.741456], [11.46575, 55.740202], [11.464297, 55.738883], [11.460803, 55.736526], [11.459467, 55.73453], [11.458764, 55.731965], [11.458208, 55.72972], [11.458204, 55.728381], [11.458759, 55.727084], [11.459924, 55.725847], [11.462041, 55.724574], [11.464478, 55.723815], [11.46718, 55.723473], [11.467607, 55.723419], [11.471111, 55.723439], [11.474044, 55.723973], [11.477381, 55.72511], [11.480825, 55.726182], [11.483945, 55.726901], [11.486552, 55.727324], [11.489791, 55.727663], [11.49286, 55.727835], [11.513196, 55.728777], [11.516755, 55.728875], [11.546841, 55.729576], [11.55469, 55.729755], [11.55748, 55.729796], [11.560376, 55.729744], [11.59381, 55.728782], [11.61508, 55.728151], [11.620674, 55.727951], [11.624056, 55.727555], [11.626498, 55.726927], [11.628471, 55.726184], [11.630739, 55.725093], [11.642157, 55.7194], [11.645179, 55.717942], [11.647698, 55.717034], [11.658378, 55.71345], [11.659534, 55.713119], [11.660317, 55.712932], [11.661134, 55.712761], [11.662362, 55.712564], [11.663864, 55.712405], [11.668083, 55.71217], [11.670215, 55.71215], [11.672371, 55.712247], [11.674675, 55.712628], [11.679099, 55.71353], [11.687841, 55.715388], [11.692478, 55.716365], [11.69598, 55.717034], [11.696736, 55.717153], [11.697507, 55.717244], [11.698276, 55.717308], [11.699457, 55.717345], [11.700617, 55.717319], [11.70179, 55.717239], [11.702926, 55.717088], [11.704043, 55.716884], [11.704764, 55.716715], [11.705466, 55.716511], [11.70818, 55.715462]]}, "properties": {"shape_id": "5504", "route_id": "24602_2", "route_short_name": "510R", "agency_id": "316"}}, {"type": "Feature", "geometry": {"type": "LineString", "coordinates": [[12.30263, 56.123778], [12.302993, 56.123876], [12.306891, 56.123538], [12.309405, 56.122455], [12.310689, 56.121287], [12.318668, 56.11228], [12.323932, 56.10634], [12.326029, 56.104341], [12.328118, 56.103017], [12.329914, 56.102205], [12.333891, 56.100578], [12.336533, 56.099509], [12.339526, 56.098582], [12.34284, 56.098223], [12.355873, 56.098265], [12.376178, 56.098331], [12.379025, 56.098325], [12.382454, 56.098177], [12.386138, 56.097824], [12.386935, 56.097739], [12.393815, 56.096957], [12.398098, 56.096461], [12.401405, 56.09602], [12.415326, 56.094107], [12.418768, 56.093571], [12.423367, 56.092652], [12.426931, 56.091861], [12.430218, 56.090834], [12.432645, 56.090281], [12.435157, 56.089959], [12.444287, 56.089004], [12.448097, 56.088627], [12.451257, 56.088719], [12.454401, 56.08899], [12.459256, 56.089142], [12.459399, 56.089129], [12.462358, 56.088767], [12.464199, 56.087781], [12.465328, 56.086023], [12.466622, 56.084323], [12.468306, 56.083206], [12.474906, 56.079891], [12.478094, 56.078344], [12.481477, 56.07735], [12.484713, 56.077034], [12.495382, 56.076264], [12.503009, 56.075796], [12.505745, 56.076006], [12.508295, 56.076644], [12.512811, 56.078215], [12.515501, 56.079154], [12.517621, 56.07966], [12.521064, 56.079688], [12.5241, 56.078953], [12.526719, 56.077521], [12.529348, 56.076214], [12.531574, 56.075584], [12.533814, 56.075295], [12.538384, 56.074993], [12.538573, 56.074942], [12.541503, 56.074112], [12.543277, 56.072955], [12.546682, 56.070645], [12.54859, 56.069547], [12.553897, 56.066607], [12.557677, 56.064538], [12.560206, 56.063206], [12.563791, 56.061655], [12.576682, 56.056301], [12.579448, 56.055285], [12.581929, 56.054665], [12.584465, 56.053764], [12.586886, 56.052327], [12.589565, 56.050891], [12.592009, 56.049534], [12.593651, 56.04767], [12.594172, 56.047232], [12.596196, 56.0455], [12.599202, 56.043794], [12.601555, 56.043366], [12.602303, 56.04329], [12.605564, 56.042943], [12.607927, 56.041588], [12.610842, 56.040289], [12.611273, 56.040096], [12.613052, 56.038507], [12.614982, 56.037155], [12.616161, 56.036033], [12.615161, 56.034264], [12.614122, 56.033629]]}, "properties": {"shape_id": "5394", "route_id": "24491_2", "route_short_name": "940R", "agency_id": "316"}}, {"type": "Feature", "geometry": {"type": "LineString", "coordinates": [[12.30263, 56.123778], [12.302993, 56.123876], [12.306891, 56.123538], [12.308971, 56.122637], [12.309405, 56.122455], [12.310689, 56.121287], [12.318668, 56.11228], [12.323932, 56.10634], [12.326029, 56.104341], [12.328118, 56.103017], [12.329914, 56.102205], [12.336533, 56.099509], [12.339526, 56.098582], [12.34284, 56.098223], [12.355873, 56.098265], [12.376178, 56.098331], [12.379025, 56.098325], [12.382454, 56.098177], [12.386138, 56.097824], [12.386935, 56.097739], [12.393815, 56.096957], [12.398098, 56.096461], [12.401405, 56.09602], [12.415326, 56.094107], [12.418768, 56.093571], [12.423367, 56.092652], [12.426931, 56.091861], [12.430218, 56.090834], [12.432645, 56.090281], [12.435157, 56.089959], [12.444287, 56.089004], [12.448097, 56.088627], [12.451257, 56.088719], [12.454401, 56.08899], [12.459256, 56.089142], [12.459399, 56.089129], [12.462358, 56.088767], [12.464199, 56.087781], [12.465328, 56.086023], [12.466622, 56.084323], [12.468306, 56.083206], [12.474906, 56.079891], [12.478094, 56.078344], [12.481477, 56.07735], [12.484713, 56.077034], [12.495382, 56.076264], [12.503009, 56.075796], [12.505745, 56.076006], [12.508295, 56.076644], [12.512811, 56.078215], [12.515501, 56.079154], [12.517621, 56.07966], [12.521064, 56.079688], [12.5241, 56.078953], [12.526719, 56.077521], [12.529348, 56.076214], [12.531574, 56.075584], [12.533814, 56.075295], [12.538384, 56.074993], [12.538573, 56.074942], [12.541503, 56.074112], [12.543277, 56.072955], [12.546682, 56.070645], [12.54859, 56.069547], [12.553897, 56.066607], [12.557677, 56.064538], [12.560206, 56.063206], [12.563791, 56.061655], [12.576682, 56.056301], [12.579448, 56.055285], [12.581929, 56.054665], [12.584465, 56.053764], [12.586886, 56.052327], [12.589565, 56.050891], [12.592009, 56.049534], [12.593651, 56.04767], [12.594172, 56.047232], [12.596196, 56.0455], [12.599202, 56.043794], [12.601555, 56.043366], [12.602303, 56.04329], [12.605564, 56.042943], [12.607927, 56.041588], [12.610842, 56.040289], [12.611273, 56.040096], [12.613052, 56.038507], [12.614982, 56.037155], [12.616161, 56.036033], [12.615161, 56.034264], [12.614122, 56.033629]]}, "properties": {"shape_id": "5393", "route_id": "24491_2", "route_short_name": "940R", "agency_id": "316"}}, {"type": "Feature", "geometry": {"type": "LineString", "coordinates": [[11.348917, 55.407588], [11.34665, 55.407461], [11.341711, 55.407286], [11.338326, 55.407207], [11.337175, 55.407247], [11.336059, 55.407349], [11.335323, 55.407453], [11.334229, 55.407654], [11.333186, 55.407916], [11.332193, 55.408232], [11.327561, 55.410055], [11.327269, 55.410195], [11.326458, 55.410642], [11.32594, 55.410967], [11.32547, 55.411299], [11.325049, 55.411658], [11.324659, 55.412025], [11.324303, 55.412409], [11.323994, 55.412801], [11.322868, 55.414881], [11.317372, 55.425996], [11.316801, 55.42731], [11.309137, 55.446547], [11.308572, 55.448247], [11.308203, 55.449503], [11.304235, 55.464175], [11.303664, 55.465786], [11.30279, 55.467348], [11.301257, 55.469004], [11.298398, 55.47153], [11.292751, 55.476462], [11.291269, 55.47765], [11.287685, 55.480251], [11.285766, 55.482372], [11.284973, 55.484535], [11.285014, 55.487438], [11.285816, 55.506748], [11.285866, 55.508149], [11.285788, 55.509813], [11.285381, 55.511538], [11.285789, 55.513372], [11.287912, 55.515301], [11.290445, 55.516081], [11.294336, 55.516538], [11.307111, 55.517727], [11.310033, 55.518131], [11.312893, 55.518805], [11.315283, 55.519577], [11.329434, 55.524459], [11.331696, 55.525207], [11.334541, 55.525881], [11.336983, 55.526185], [11.343108, 55.526589], [11.345297, 55.526898], [11.347618, 55.527555], [11.351117, 55.529096], [11.353372, 55.53024], [11.364962, 55.536677], [11.36794, 55.538228], [11.371364, 55.539276], [11.374855, 55.539874], [11.387291, 55.541843], [11.390615, 55.542282], [11.394423, 55.542342], [11.398184, 55.5419], [11.401232, 55.541454], [11.40464, 55.54118], [11.424928, 55.539854], [11.432315, 55.539357], [11.439545, 55.53862], [11.448672, 55.538061], [11.47315, 55.536616], [11.475641, 55.536395], [11.478657, 55.535974], [11.486983, 55.53479], [11.491147, 55.53422], [11.494084, 55.534052], [11.500227, 55.533936], [11.508348, 55.533788], [11.512088, 55.533792], [11.516737, 55.533858], [11.520231, 55.533733], [11.522696, 55.533367], [11.531931, 55.531801], [11.535007, 55.531333], [11.537692, 55.531188], [11.540443, 55.531337], [11.543261, 55.531782], [11.546616, 55.532441], [11.547132, 55.532574], [11.549273, 55.533095], [11.551442, 55.533787], [11.553946, 55.534769], [11.556275, 55.535718], [11.558727, 55.536629], [11.561628, 55.537359], [11.56776, 55.538309], [11.570255, 55.538643], [11.5739, 55.538873], [11.581297, 55.539265], [11.584126, 55.539376], [11.586705, 55.539313], [11.59121, 55.539119], [11.59687, 55.538891], [11.599969, 55.539005], [11.603744, 55.539527], [11.613425, 55.541128], [11.61657, 55.541465], [11.620263, 55.541449], [11.641285, 55.540988], [11.644677, 55.540987], [11.64856, 55.541442], [11.651537, 55.542097], [11.652306, 55.542215], [11.655029, 55.542642], [11.657595, 55.542838], [11.681323, 55.544163], [11.683978, 55.544267], [11.685186, 55.544312], [11.705618, 55.544717], [11.708748, 55.544809], [11.711364, 55.545039], [11.714513, 55.545643], [11.71814, 55.546507], [11.729604, 55.549263], [11.732547, 55.550088], [11.734945, 55.55105], [11.736904, 55.552085], [11.744788, 55.557122], [11.746998, 55.558574], [11.74955, 55.560368], [11.759882, 55.567687], [11.762543, 55.569659], [11.764341, 55.571776], [11.764995, 55.573397], [11.765141, 55.573897], [11.77023, 55.592075], [11.770912, 55.593642], [11.772628, 55.595698], [11.774284, 55.597341], [11.775232, 55.598623], [11.775863, 55.600137], [11.777483, 55.607562], [11.777477, 55.607921], [11.777439, 55.608282], [11.777287, 55.608825], [11.777121, 55.609179], [11.776923, 55.609525], [11.776572, 55.609946], [11.77629, 55.610223], [11.775793, 55.610602], [11.773067, 55.612039]]}, "properties": {"shape_id": "5501", "route_id": "24601_2", "route_short_name": "410", "agency_id": "316"}}, {"type": "Feature", "geometry": {"type": "LineString", "coordinates": [[12.30263, 56.123778], [12.30039, 56.123182], [12.297895, 56.122052], [12.296973, 56.120495], [12.297599, 56.118401], [12.298306, 56.116324], [12.301701, 56.10637], [12.302074, 56.105093], [12.30209, 56.103591], [12.301557, 56.101492], [12.299735, 56.095616], [12.298964, 56.093758], [12.29742, 56.091875], [12.286604, 56.080261], [12.285288, 56.078785], [12.284617, 56.077509], [12.284545, 56.076099], [12.285033, 56.074845], [12.286141, 56.073503], [12.286685, 56.072913], [12.295711, 56.063224], [12.296314, 56.062569], [12.297821, 56.061396], [12.300127, 56.060372], [12.303468, 56.059411], [12.321724, 56.054389], [12.323792, 56.053785], [12.325508, 56.052813], [12.326543, 56.051211], [12.327207, 56.049593], [12.326985, 56.047765], [12.326083, 56.046054], [12.325076, 56.044436], [12.323761, 56.042413], [12.322245, 56.040655], [12.317413, 56.035634], [12.315797, 56.033646], [12.315905, 56.032096], [12.317089, 56.030743], [12.317294, 56.030504], [12.322814, 56.024682], [12.324643, 56.022619], [12.325413, 56.020926], [12.325053, 56.018984], [12.323891, 56.016669], [12.322067, 56.014677], [12.319002, 56.013187], [12.314272, 56.011192], [12.311914, 56.010267], [12.309543, 56.009566], [12.290899, 56.004509], [12.290409, 56.004406], [12.289934, 56.004292], [12.289472, 56.004143], [12.28884, 56.00389], [12.288455, 56.003694], [12.288099, 56.003478], [12.287636, 56.003122], [12.287266, 56.002736], [12.287082, 56.002463], [12.28693, 56.002179], [12.286397, 56.000629], [12.285762, 55.998623], [12.285823, 55.998019], [12.28611, 55.997625], [12.286842, 55.996607], [12.289278, 55.995077], [12.300661, 55.988218], [12.303234, 55.986612], [12.305084, 55.985169], [12.30655, 55.983934], [12.309502, 55.981517], [12.314348, 55.97761], [12.315441, 55.97634], [12.316655, 55.973655], [12.316718, 55.972341], [12.315941, 55.970753], [12.314514, 55.969065], [12.313273, 55.967678], [12.310513, 55.964264], [12.309875, 55.961485], [12.309229, 55.954678], [12.309414, 55.952336], [12.311291, 55.942054], [12.311508, 55.941212], [12.312501, 55.938964], [12.31316, 55.93767], [12.313747, 55.936297], [12.313862, 55.935961], [12.313931, 55.935456], [12.313918, 55.935114], [12.313857, 55.934774], [12.313099, 55.933023], [12.312556, 55.931546], [12.311778, 55.929184], [12.311117, 55.927629], [12.310865, 55.926925]]}, "properties": {"shape_id": "5417", "route_id": "24492_2", "route_short_name": "950R", "agency_id": "316"}}, {"type": "Feature", "geometry": {"type": "LineString", "coordinates": [[12.07768, 56.059391], [12.078325, 56.05942], [12.080975, 56.059615], [12.086046, 56.059938], [12.089694, 56.060143], [12.093368, 56.060078], [12.097696, 56.059942], [12.111527, 56.059513], [12.114942, 56.059418], [12.117118, 56.059507], [12.117956, 56.059539], [12.120458, 56.059881], [12.130765, 56.061948], [12.133045, 56.06233], [12.135971, 56.062544], [12.136307, 56.062526], [12.139957, 56.062352], [12.147835, 56.061423], [12.151779, 56.060918], [12.154344, 56.060259], [12.156441, 56.059181], [12.168702, 56.052142], [12.170981, 56.050752], [12.173009, 56.049037], [12.178815, 56.043467], [12.180241, 56.042054], [12.182943, 56.03918], [12.183964, 56.038128], [12.187134, 56.035089], [12.188356, 56.033933], [12.189527, 56.03295], [12.192545, 56.030804], [12.195781, 56.029354], [12.199675, 56.028102], [12.202098, 56.026727], [12.20314, 56.02536], [12.204235, 56.023848], [12.20554, 56.023131], [12.205909, 56.022933], [12.208912, 56.022171], [12.249718, 56.012813], [12.262581, 56.009677], [12.273491, 56.006996], [12.275878, 56.006375], [12.277934, 56.005646], [12.280237, 56.004416], [12.282113, 56.002892], [12.283536, 56.001128], [12.28611, 55.997625], [12.286842, 55.996607], [12.289278, 55.995077], [12.300661, 55.988218], [12.303234, 55.986612], [12.305084, 55.985169], [12.30655, 55.983934], [12.309502, 55.981517], [12.314348, 55.97761], [12.315441, 55.97634], [12.316655, 55.973655], [12.316718, 55.972341], [12.315941, 55.970753], [12.314514, 55.969065], [12.313273, 55.967678], [12.310513, 55.964264], [12.309875, 55.961485], [12.309229, 55.954678], [12.309414, 55.952336], [12.31058, 55.945921], [12.311291, 55.942054], [12.311364, 55.941782], [12.311508, 55.941212], [12.312489, 55.93901], [12.31316, 55.937679], [12.313747, 55.936297], [12.313896, 55.935789], [12.313933, 55.935285], [12.313857, 55.934774], [12.313099, 55.933023], [12.312556, 55.931546], [12.311778, 55.929184], [12.311117, 55.927629], [12.310865, 55.926925]]}, "properties": {"shape_id": "5429", "route_id": "24493_2", "route_short_name": "960R", "agency_id": "316"}}, {"type": "Feature", "geometry": {"type": "LineString", "coordinates": [[11.877721, 54.76695], [11.876186, 54.765476], [11.874647, 54.763948], [11.872928, 54.761849], [11.870582, 54.760556], [11.868869, 54.759635], [11.866478, 54.75881], [11.86212, 54.757636], [11.859237, 54.756877], [11.856702, 54.756416], [11.855932, 54.756299], [11.854727, 54.756184], [11.85393, 54.75613], [11.852717, 54.756114], [11.85191, 54.756133], [11.850719, 54.756215], [11.849916, 54.756297], [11.849131, 54.756414], [11.847997, 54.756638], [11.847248, 54.756818], [11.846516, 54.757024], [11.845817, 54.757256], [11.843816, 54.757977], [11.843183, 54.758262], [11.842501, 54.758521], [11.841453, 54.75886], [11.84072, 54.759057], [11.839603, 54.759308], [11.838819, 54.759434], [11.836319, 54.759699], [11.832872, 54.759978], [11.829052, 54.76049], [11.783202, 54.76859], [11.780148, 54.769182], [11.777567, 54.769861], [11.775043, 54.770701], [11.767491, 54.773292], [11.765242, 54.774054], [11.762842, 54.774891], [11.735117, 54.784402], [11.732739, 54.785112], [11.729243, 54.785865], [11.693797, 54.792267], [11.691089, 54.792723], [11.687755, 54.793129], [11.645537, 54.796332], [11.642021, 54.79658], [11.638663, 54.796617], [11.635408, 54.79658], [11.608219, 54.796233], [11.590527, 54.795731], [11.586798, 54.795577], [11.583996, 54.795313], [11.58186, 54.794999], [11.579275, 54.794469], [11.507732, 54.777541], [11.504931, 54.77777], [11.502505, 54.776768], [11.501684, 54.776812], [11.500196, 54.776896], [11.497908, 54.777123], [11.494068, 54.77714], [11.490731, 54.776992], [11.487405, 54.777034], [11.484578, 54.776831], [11.481574, 54.776533], [11.477741, 54.776405], [11.47529, 54.776517], [11.46294, 54.777236], [11.387261, 54.782678], [11.382523, 54.783041], [11.379805, 54.783364], [11.37668, 54.783929], [11.372495, 54.784964], [11.369658, 54.785666], [11.367008, 54.786365], [11.364143, 54.787104], [11.360908, 54.787914], [11.339218, 54.793467], [11.32847, 54.796199], [11.270245, 54.811074], [11.257356, 54.81438], [11.254276, 54.815265], [11.251527, 54.816196], [11.215133, 54.828965], [11.214064, 54.829345], [11.211006, 54.830371], [11.208826, 54.83095], [11.205976, 54.831514], [11.203177, 54.831862], [11.178891, 54.834287], [11.175437, 54.834618], [11.172673, 54.834767], [11.169356, 54.834772], [11.165231, 54.834513], [11.162146, 54.834182], [11.150049, 54.832779], [11.145693, 54.832559], [11.140504, 54.833073], [11.138264, 54.833418]]}, "properties": {"shape_id": "5510", "route_id": "24603_2", "route_short_name": "710R", "agency_id": "316"}}, {"type": "Feature", "geometry": {"type": "LineString", "coordinates": [[12.40697, 55.977115], [12.406644, 55.977052], [12.403765, 55.976412], [12.401629, 55.975635], [12.400096, 55.974616], [12.39504, 55.969433], [12.393398, 55.967896], [12.393119, 55.967634], [12.389961, 55.964161], [12.38582, 55.959878], [12.384441, 55.958774], [12.382069, 55.957482], [12.37819, 55.956006], [12.372502, 55.953995], [12.369586, 55.953086], [12.359885, 55.950609], [12.342902, 55.947295], [12.329559, 55.944717], [12.317823, 55.942372], [12.317244, 55.942163], [12.316712, 55.941935], [12.316193, 55.941679], [12.315705, 55.941404], [12.315059, 55.940963], [12.314679, 55.940641], [12.314346, 55.940308], [12.314044, 55.939966], [12.313694, 55.939427], [12.313534, 55.939054], [12.313406, 55.938679], [12.313325, 55.938295], [12.313324, 55.93772], [12.313665, 55.936461], [12.313813, 55.936133], [12.313896, 55.935789], [12.313933, 55.935285], [12.313857, 55.934774], [12.313099, 55.933023], [12.312556, 55.931546], [12.311778, 55.929184], [12.311117, 55.927629], [12.310865, 55.926925]]}, "properties": {"shape_id": "5389", "route_id": "24490_2", "route_short_name": "930R", "agency_id": "316"}}, {"type": "Feature", "geometry": {"type": "LineString", "coordinates": [[12.528187, 55.813905], [12.52891, 55.812545], [12.528822, 55.811226], [12.527609, 55.809993], [12.526592, 55.808817], [12.526009, 55.807314], [12.525538, 55.805988], [12.524272, 55.804523], [12.522528, 55.803422], [12.520175, 55.802284], [12.519814, 55.802178], [12.517648, 55.80153], [12.514426, 55.800678], [12.511739, 55.800089], [12.508948, 55.799585], [12.50606, 55.799065], [12.503815, 55.798589], [12.501883, 55.7977], [12.500635, 55.796063], [12.500825, 55.794089], [12.500945, 55.793825], [12.50199, 55.791601], [12.501877, 55.789635], [12.501135, 55.788299], [12.498356, 55.786139], [12.49727, 55.784704], [12.497261, 55.784435], [12.497233, 55.783051], [12.498653, 55.781446], [12.500439, 55.78019], [12.501238, 55.778612], [12.501015, 55.776478], [12.502418, 55.774694], [12.504655, 55.774028], [12.50549, 55.773914], [12.508453, 55.773506], [12.510222, 55.772601], [12.512396, 55.771055], [12.513153, 55.770611], [12.514517, 55.769816], [12.517225, 55.768543], [12.517625, 55.768379], [12.517991, 55.768188], [12.518488, 55.767868], [12.518886, 55.767506], [12.519103, 55.767257], [12.519271, 55.766992], [12.51939, 55.766719], [12.51946, 55.766438], [12.519446, 55.766106], [12.519323, 55.765624], [12.519198, 55.765303], [12.518862, 55.764756], [12.518732, 55.764382], [12.51871, 55.764131], [12.518735, 55.763878], [12.518861, 55.763515], [12.518999, 55.763268], [12.519186, 55.763047], [12.519421, 55.762824], [12.519691, 55.762628], [12.519993, 55.762448], [12.521613, 55.761665]]}, "properties": {"shape_id": "5378", "route_id": "24488_2", "route_short_name": "910", "agency_id": "316"}}, {"type": "Feature", "geometry": {"type": "LineString", "coordinates": [[12.459399, 56.089129], [12.459256, 56.089142], [12.454401, 56.08899], [12.451257, 56.088719], [12.448097, 56.088627], [12.444287, 56.089004], [12.435157, 56.089959], [12.432645, 56.090281], [12.430218, 56.090834], [12.426931, 56.091861], [12.423367, 56.092652], [12.418768, 56.093571], [12.415326, 56.094107], [12.401405, 56.09602], [12.398098, 56.096461], [12.393815, 56.096957], [12.386935, 56.097739], [12.386138, 56.097824], [12.382454, 56.098177], [12.379025, 56.098325], [12.376178, 56.098331], [12.355873, 56.098265], [12.34284, 56.098223], [12.339526, 56.098582], [12.336533, 56.099509], [12.333891, 56.100578], [12.329914, 56.102205], [12.328118, 56.103017], [12.326029, 56.104341], [12.323932, 56.10634], [12.318668, 56.11228], [12.310689, 56.121287], [12.309405, 56.122455], [12.308971, 56.122637], [12.306891, 56.123538], [12.302993, 56.123876], [12.30263, 56.123778]]}, "properties": {"shape_id": "5400", "route_id": "24491_2", "route_short_name": "940R", "agency_id": "316"}}, {"type": "Feature", "geometry": {"type": "LineString", "coordinates": [[12.186599, 55.457513], [12.186283, 55.456542], [12.185494, 55.4548], [12.184961, 55.453088], [12.184223, 55.449825], [12.184344, 55.447799], [12.18546, 55.446143], [12.187053, 55.44255], [12.187989, 55.440242], [12.188297, 55.438364], [12.190041, 55.423726], [12.192118, 55.406383], [12.192242, 55.404788], [12.192134, 55.400314], [12.191904, 55.390403], [12.191978, 55.388189], [12.192514, 55.386611], [12.193632, 55.384999], [12.195064, 55.383766], [12.197593, 55.382234], [12.201903, 55.379874], [12.215704, 55.372292], [12.215719, 55.372273], [12.215704, 55.372292], [12.21735, 55.371367], [12.21916, 55.370133], [12.22043, 55.369047], [12.221552, 55.367705], [12.22275, 55.36574], [12.226996, 55.358372], [12.228061, 55.356339], [12.228713, 55.354659], [12.228155, 55.353424], [12.227551, 55.352208], [12.22643, 55.350062]]}, "properties": {"shape_id": "5494", "route_id": "24600_2", "route_short_name": "210R", "agency_id": "316"}}, {"type": "Feature", "geometry": {"type": "LineString", "coordinates": [[12.310865, 55.926925], [12.311117, 55.927629], [12.311778, 55.929184], [12.312556, 55.931546], [12.313099, 55.933023], [12.313857, 55.934774], [12.313933, 55.935285], [12.313896, 55.935789], [12.313747, 55.936297], [12.31316, 55.937679], [12.312489, 55.93901], [12.311508, 55.941212], [12.311364, 55.941782], [12.311291, 55.942054], [12.31058, 55.945921], [12.309414, 55.952336], [12.309229, 55.954678], [12.309875, 55.961485], [12.310513, 55.964264], [12.313273, 55.967678], [12.314514, 55.969065], [12.315941, 55.970753], [12.316718, 55.972341], [12.316655, 55.973655], [12.315441, 55.97634], [12.314348, 55.97761], [12.309502, 55.981517], [12.30655, 55.983934], [12.305084, 55.985169], [12.303234, 55.986612], [12.300661, 55.988218], [12.289278, 55.995077], [12.286842, 55.996607], [12.28611, 55.997625], [12.285823, 55.998019], [12.285762, 55.998623], [12.286397, 56.000629], [12.28693, 56.002179], [12.287082, 56.002463], [12.287266, 56.002736], [12.287636, 56.003122], [12.288099, 56.003478], [12.288455, 56.003694], [12.28884, 56.00389], [12.289472, 56.004143], [12.289934, 56.004292], [12.290409, 56.004406], [12.290899, 56.004509], [12.309543, 56.009566], [12.311914, 56.010267], [12.314272, 56.011192], [12.319002, 56.013187], [12.322067, 56.014677], [12.323891, 56.016669], [12.325053, 56.018984], [12.325413, 56.020926], [12.324643, 56.022619], [12.322814, 56.024682], [12.317294, 56.030504], [12.317089, 56.030743], [12.315905, 56.032096], [12.315797, 56.033646], [12.317413, 56.035634], [12.322245, 56.040655], [12.323761, 56.042413], [12.325076, 56.044436], [12.326083, 56.046054], [12.326985, 56.047765], [12.327207, 56.049593], [12.326543, 56.051211], [12.325508, 56.052813], [12.323792, 56.053785], [12.321724, 56.054389], [12.303468, 56.059411], [12.300127, 56.060372], [12.297821, 56.061396], [12.296314, 56.062569], [12.295711, 56.063224], [12.286685, 56.072913], [12.286141, 56.073503], [12.285033, 56.074845], [12.284545, 56.076099], [12.284617, 56.077509], [12.285288, 56.078785], [12.286604, 56.080261], [12.29742, 56.091875], [12.298964, 56.093758], [12.299735, 56.095616], [12.301403, 56.101011], [12.301557, 56.101492], [12.30209, 56.103591], [12.302074, 56.105093], [12.301701, 56.10637], [12.298306, 56.116324], [12.297599, 56.118401], [12.296973, 56.120495], [12.297895, 56.122052], [12.30039, 56.123182], [12.30263, 56.123778]]}, "properties": {"shape_id": "5409", "route_id": "24492_2", "route_short_name": "950R", "agency_id": "316"}}, {"type": "Feature", "geometry": {"type": "LineString", "coordinates": [[12.22643, 55.350062], [12.219081, 55.33632], [12.214246, 55.327259], [12.206558, 55.314091], [12.205399, 55.312422], [12.203332, 55.310643], [12.201073, 55.309407], [12.195643, 55.306969], [12.154607, 55.288599], [12.142942, 55.283343], [12.140538, 55.282218], [12.138272, 55.280056], [12.138072, 55.277913], [12.138213, 55.265538], [12.138288, 55.263701], [12.13843, 55.261504], [12.138777, 55.259113], [12.140297, 55.256835], [12.141497, 55.254484], [12.141663, 55.25261], [12.140856, 55.250958], [12.139021, 55.249243], [12.137419, 55.247882], [12.135795, 55.245847], [12.135589, 55.244234], [12.137045, 55.242138], [12.139415, 55.239667], [12.141345, 55.237415], [12.143012, 55.235807], [12.144133, 55.234664], [12.145654, 55.232601], [12.147962, 55.229359], [12.149912, 55.226773], [12.151524, 55.225473], [12.15402, 55.224213], [12.156297, 55.222985], [12.157768, 55.221697], [12.159073, 55.220306], [12.162111, 55.216972]]}, "properties": {"shape_id": "5485", "route_id": "24599_2", "route_short_name": "110R", "agency_id": "316"}}, {"type": "Feature", "geometry": {"type": "LineString", "coordinates": [[12.186333, 55.457547], [12.22739, 55.351583]]}, "properties": {"shape_id": "5487", "route_id": "24599_2", "route_short_name": "110R", "agency_id": "316"}}, {"type": "Feature", "geometry": {"type": "LineString", "coordinates": [[12.521613, 55.761665], [12.519993, 55.762448], [12.519691, 55.762628], [12.519421, 55.762824], [12.519186, 55.763047], [12.518999, 55.763268], [12.518861, 55.763515], [12.518735, 55.763878], [12.51871, 55.764131], [12.518732, 55.764382], [12.518862, 55.764756], [12.519198, 55.765303], [12.519323, 55.765624], [12.519446, 55.766106], [12.51946, 55.766438], [12.51939, 55.766719], [12.519271, 55.766992], [12.519103, 55.767257], [12.518886, 55.767506], [12.518488, 55.767868], [12.517991, 55.768188], [12.517625, 55.768379], [12.517225, 55.768543], [12.514517, 55.769816], [12.513153, 55.770611], [12.512396, 55.771055], [12.510222, 55.772601], [12.508453, 55.773506], [12.50549, 55.773914], [12.504655, 55.774028], [12.502418, 55.774694], [12.501015, 55.776478], [12.501238, 55.778612], [12.500439, 55.78019], [12.498653, 55.781446], [12.497233, 55.783051], [12.497261, 55.784435], [12.49727, 55.784704], [12.498356, 55.786139], [12.501135, 55.788299], [12.501877, 55.789635], [12.50199, 55.791601], [12.500945, 55.793825], [12.500825, 55.794089], [12.500635, 55.796063], [12.501883, 55.7977], [12.503815, 55.798589], [12.50606, 55.799065], [12.508948, 55.799585], [12.511739, 55.800089], [12.514426, 55.800678], [12.517648, 55.80153], [12.519814, 55.802178], [12.520175, 55.802284], [12.522528, 55.803422], [12.524272, 55.804523], [12.525538, 55.805988], [12.526009, 55.807314], [12.526592, 55.808817], [12.527609, 55.809993], [12.528822, 55.811226], [12.52891, 55.812545], [12.528187, 55.813905]]}, "properties": {"shape_id": "5380", "route_id": "24488_2", "route_short_name": "910", "agency_id": "316"}}, {"type": "Feature", "geometry": {"type": "LineString", "coordinates": [[12.310865, 55.926925], [12.311117, 55.927629], [12.311778, 55.929184], [12.312556, 55.931546], [12.313099, 55.933023], [12.313857, 55.934774], [12.313918, 55.935114], [12.313931, 55.935456], [12.313862, 55.935961], [12.313747, 55.936297], [12.31316, 55.93767], [12.312501, 55.938964], [12.311508, 55.941212], [12.311291, 55.942054], [12.309414, 55.952336], [12.309229, 55.954678], [12.309875, 55.961485], [12.310513, 55.964264], [12.313273, 55.967678], [12.314514, 55.969065], [12.315941, 55.970753], [12.316718, 55.972341], [12.316655, 55.973655], [12.315441, 55.97634], [12.314348, 55.97761], [12.309502, 55.981517], [12.30655, 55.983934], [12.305084, 55.985169], [12.303234, 55.986612], [12.300661, 55.988218], [12.289278, 55.995077], [12.286842, 55.996607], [12.28611, 55.997625], [12.285823, 55.998019], [12.285762, 55.998623], [12.286397, 56.000629], [12.28693, 56.002179], [12.287082, 56.002463], [12.287266, 56.002736], [12.287636, 56.003122], [12.288099, 56.003478], [12.288455, 56.003694], [12.28884, 56.00389], [12.289472, 56.004143], [12.289934, 56.004292], [12.290409, 56.004406], [12.290899, 56.004509], [12.309543, 56.009566], [12.311914, 56.010267], [12.314272, 56.011192], [12.319002, 56.013187], [12.322067, 56.014677], [12.323891, 56.016669], [12.325053, 56.018984], [12.325413, 56.020926], [12.324643, 56.022619], [12.322814, 56.024682], [12.317294, 56.030504], [12.317089, 56.030743], [12.315905, 56.032096], [12.315797, 56.033646], [12.317413, 56.035634], [12.322245, 56.040655], [12.323761, 56.042413], [12.325076, 56.044436], [12.326083, 56.046054], [12.326985, 56.047765], [12.327207, 56.049593], [12.326543, 56.051211], [12.325508, 56.052813], [12.323792, 56.053785], [12.321724, 56.054389], [12.303468, 56.059411], [12.300127, 56.060372], [12.297821, 56.061396], [12.296314, 56.062569], [12.295711, 56.063224], [12.286685, 56.072913], [12.286141, 56.073503], [12.285033, 56.074845], [12.284545, 56.076099], [12.284617, 56.077509], [12.285288, 56.078785], [12.286604, 56.080261], [12.29742, 56.091875], [12.298964, 56.093758], [12.299735, 56.095616], [12.301557, 56.101492], [12.30209, 56.103591], [12.302074, 56.105093], [12.298306, 56.116324], [12.297599, 56.118401], [12.296973, 56.120495], [12.297895, 56.122052], [12.30039, 56.123182], [12.30263, 56.123778]]}, "properties": {"shape_id": "5411", "route_id": "24492_2", "route_short_name": "950R", "agency_id": "316"}}, {"type": "Feature", "geometry": {"type": "LineString", "coordinates": [[11.70818, 55.715462], [11.705466, 55.716511], [11.704764, 55.716715], [11.704043, 55.716884], [11.702926, 55.717088], [11.70179, 55.717239], [11.700617, 55.717319], [11.699457, 55.717345], [11.698276, 55.717308], [11.697507, 55.717244], [11.696736, 55.717153], [11.69598, 55.717034], [11.692478, 55.716365], [11.687841, 55.715388], [11.679099, 55.71353], [11.674675, 55.712628], [11.672371, 55.712247], [11.670215, 55.71215], [11.668083, 55.71217], [11.663864, 55.712405], [11.662362, 55.712564], [11.661134, 55.712761], [11.660317, 55.712932], [11.659534, 55.713119], [11.658378, 55.71345], [11.647698, 55.717034], [11.645179, 55.717942], [11.642157, 55.7194], [11.630739, 55.725093], [11.628471, 55.726184], [11.626498, 55.726927], [11.624056, 55.727555], [11.620674, 55.727951], [11.61508, 55.728151], [11.59381, 55.728782], [11.560376, 55.729744], [11.55748, 55.729796], [11.55469, 55.729755], [11.546841, 55.729576], [11.516755, 55.728875], [11.513196, 55.728777], [11.49286, 55.727835], [11.489791, 55.727663], [11.486552, 55.727324], [11.483945, 55.726901], [11.480825, 55.726182], [11.477381, 55.72511], [11.474044, 55.723973], [11.471111, 55.723439], [11.467607, 55.723419], [11.46718, 55.723473], [11.464478, 55.723815], [11.462041, 55.724574], [11.459924, 55.725847], [11.458759, 55.727084], [11.458204, 55.728381], [11.458208, 55.72972], [11.458764, 55.731965], [11.459467, 55.73453], [11.460803, 55.736526], [11.464297, 55.738883], [11.46575, 55.740202], [11.466387, 55.741456], [11.466499, 55.742973], [11.465649, 55.745165], [11.463327, 55.747261], [11.45921, 55.749196], [11.457417, 55.750589], [11.45647, 55.752504], [11.456343, 55.752767], [11.456527, 55.754417], [11.457289, 55.755643], [11.460768, 55.759249], [11.462272, 55.760864], [11.463433, 55.762584], [11.464074, 55.764405], [11.468852, 55.785252], [11.469329, 55.786995], [11.469756, 55.787939], [11.470183, 55.788893], [11.470964, 55.790144], [11.477515, 55.800106], [11.478511, 55.801461], [11.480388, 55.802871], [11.482884, 55.80398], [11.484879, 55.80473], [11.48692, 55.805462], [11.489166, 55.806136], [11.494525, 55.807573], [11.497106, 55.808249], [11.499361, 55.80858], [11.500208, 55.80859], [11.501805, 55.808603], [11.504478, 55.808225], [11.508593, 55.807188], [11.516176, 55.805235], [11.519496, 55.804511], [11.5264, 55.803174], [11.530678, 55.802466], [11.535963, 55.802015], [11.541425, 55.801588], [11.544461, 55.801651], [11.547821, 55.802031], [11.550546, 55.802702], [11.553253, 55.803823], [11.555356, 55.804993], [11.556799, 55.806554], [11.557379, 55.808582], [11.556665, 55.810593], [11.551279, 55.818785], [11.550415, 55.820214], [11.550177, 55.821694], [11.550783, 55.823389], [11.551916, 55.824597], [11.553811, 55.825744], [11.559551, 55.828285], [11.561802, 55.829488], [11.56337, 55.831001], [11.563805, 55.832268], [11.56374, 55.834193], [11.563988, 55.835536], [11.565062, 55.837042], [11.567015, 55.838565], [11.570617, 55.841097], [11.572463, 55.842451], [11.573959, 55.843813], [11.57857, 55.848543], [11.580683, 55.850782], [11.58197, 55.852355], [11.582126, 55.85254], [11.583063, 55.853887], [11.584113, 55.855501], [11.58592, 55.857216], [11.588555, 55.858859], [11.59612, 55.8635], [11.598507, 55.864771], [11.600548, 55.865662], [11.602979, 55.866626], [11.605721, 55.867243], [11.608599, 55.86773], [11.611451, 55.868766], [11.613199, 55.870041], [11.614734, 55.871707], [11.615434, 55.873805], [11.614914, 55.875578], [11.613635, 55.877007], [11.61128, 55.878612], [11.60939, 55.879983], [11.607951, 55.881415], [11.606557, 55.883045], [11.605329, 55.884536], [11.604223, 55.886168], [11.602965, 55.888397], [11.60244, 55.890583], [11.602657, 55.892637], [11.603597, 55.898298], [11.603923, 55.900547], [11.603603, 55.902208], [11.60223, 55.903927], [11.600983, 55.905149], [11.600411, 55.906401], [11.600517, 55.907738], [11.601552, 55.909101], [11.603873, 55.910777], [11.606802, 55.912693], [11.609815, 55.914184], [11.61388, 55.916084], [11.61695, 55.917466], [11.619432, 55.91842], [11.622261, 55.919313], [11.625287, 55.920039], [11.628148, 55.920445], [11.632541, 55.920783], [11.637206, 55.921115], [11.641297, 55.921485], [11.644294, 55.922014], [11.647563, 55.922519], [11.649811, 55.922624], [11.652442, 55.922477], [11.65529, 55.921984], [11.659713, 55.920882], [11.662091, 55.920309], [11.66573, 55.919934], [11.669145, 55.920238], [11.671608, 55.920903], [11.672665, 55.921375]]}, "properties": {"shape_id": "5506", "route_id": "24602_2", "route_short_name": "510R", "agency_id": "316"}}, {"type": "Feature", "geometry": {"type": "LineString", "coordinates": [[11.70818, 55.715462], [11.705466, 55.716511], [11.704764, 55.716715], [11.704043, 55.716884], [11.702926, 55.717088], [11.70179, 55.717239], [11.700617, 55.717319], [11.699457, 55.717345], [11.698276, 55.717308], [11.697507, 55.717244], [11.696736, 55.717153], [11.69598, 55.717034], [11.692478, 55.716365], [11.687841, 55.715388], [11.679099, 55.71353], [11.674675, 55.712628], [11.672371, 55.712247], [11.670215, 55.71215], [11.668083, 55.71217], [11.663864, 55.712405], [11.662362, 55.712564], [11.661134, 55.712761], [11.660317, 55.712932], [11.659534, 55.713119], [11.658378, 55.71345], [11.647698, 55.717034], [11.645179, 55.717942], [11.642157, 55.7194], [11.635029, 55.722807], [11.628471, 55.726184], [11.626498, 55.726927], [11.624056, 55.727555], [11.620674, 55.727951], [11.61508, 55.728151], [11.59381, 55.728782], [11.560376, 55.729744], [11.55748, 55.729796], [11.55469, 55.729755], [11.546841, 55.729576], [11.516755, 55.728875], [11.513196, 55.728777], [11.49286, 55.727835], [11.489791, 55.727663], [11.486552, 55.727324], [11.483945, 55.726901], [11.480825, 55.726182], [11.477381, 55.72511], [11.474044, 55.723973], [11.471111, 55.723439], [11.467607, 55.723419], [11.46718, 55.723473], [11.464478, 55.723815], [11.462041, 55.724574], [11.459924, 55.725847], [11.458759, 55.727084], [11.458204, 55.728381], [11.458208, 55.72972], [11.458764, 55.731965], [11.459467, 55.73453], [11.460803, 55.736526], [11.464297, 55.738883], [11.46575, 55.740202], [11.466387, 55.741456], [11.466499, 55.742973], [11.465649, 55.745165], [11.463327, 55.747261], [11.45921, 55.749196], [11.457417, 55.750589], [11.45647, 55.752504], [11.456343, 55.752767], [11.456527, 55.754417], [11.457289, 55.755643], [11.460768, 55.759249], [11.462272, 55.760864], [11.463433, 55.762584], [11.464074, 55.764405], [11.468852, 55.785252], [11.469329, 55.786995], [11.469756, 55.787939], [11.470183, 55.788893], [11.470964, 55.790144], [11.477515, 55.800106], [11.478511, 55.801461], [11.480388, 55.802871], [11.482884, 55.80398], [11.484879, 55.80473], [11.48692, 55.805462], [11.489166, 55.806136], [11.494525, 55.807573], [11.497106, 55.808249], [11.499361, 55.80858], [11.500208, 55.80859], [11.501805, 55.808603], [11.504478, 55.808225], [11.508593, 55.807188], [11.516176, 55.805235], [11.519496, 55.804511], [11.5264, 55.803174], [11.530678, 55.802466], [11.535963, 55.802015], [11.541425, 55.801588], [11.544461, 55.801651], [11.547821, 55.802031], [11.550546, 55.802702], [11.551055, 55.802916], [11.553253, 55.803823], [11.555356, 55.804993], [11.556799, 55.806554], [11.557379, 55.808582], [11.556665, 55.810593], [11.551279, 55.818785], [11.550415, 55.820214], [11.550177, 55.821694], [11.550783, 55.823389], [11.551916, 55.824597], [11.553811, 55.825744], [11.559551, 55.828285], [11.561802, 55.829488], [11.56337, 55.831001], [11.563805, 55.832268], [11.56374, 55.834193], [11.563988, 55.835536], [11.565062, 55.837042], [11.567015, 55.838565], [11.570617, 55.841097], [11.572463, 55.842451], [11.573959, 55.843813], [11.57857, 55.848543], [11.580683, 55.850782], [11.58197, 55.852355], [11.582126, 55.85254], [11.583063, 55.853887], [11.584113, 55.855501], [11.58592, 55.857216], [11.588555, 55.858859], [11.59612, 55.8635], [11.598507, 55.864771], [11.600548, 55.865662], [11.602979, 55.866626], [11.605721, 55.867243], [11.608599, 55.86773], [11.611451, 55.868766], [11.613199, 55.870041], [11.614734, 55.871707], [11.615434, 55.873805], [11.614914, 55.875578], [11.613635, 55.877007], [11.61128, 55.878612], [11.60939, 55.879983], [11.607951, 55.881415], [11.606557, 55.883045], [11.605329, 55.884536], [11.604223, 55.886168], [11.602965, 55.888397], [11.60244, 55.890583], [11.602657, 55.892637], [11.603597, 55.898298], [11.603923, 55.900547], [11.603603, 55.902208], [11.60223, 55.903927], [11.600983, 55.905149], [11.600411, 55.906401], [11.600517, 55.907738], [11.601552, 55.909101], [11.603873, 55.910777], [11.606802, 55.912693], [11.609815, 55.914184], [11.61388, 55.916084], [11.61695, 55.917466], [11.619432, 55.91842], [11.622261, 55.919313], [11.625287, 55.920039], [11.628148, 55.920445], [11.632541, 55.920783], [11.637206, 55.921115], [11.641297, 55.921485], [11.644294, 55.922014], [11.647563, 55.922519], [11.649811, 55.922624], [11.652442, 55.922477], [11.65529, 55.921984], [11.659713, 55.920882], [11.662091, 55.920309], [11.66573, 55.919934], [11.669145, 55.920238], [11.671608, 55.920903], [11.672665, 55.921375]]}, "properties": {"shape_id": "5508", "route_id": "24602_2", "route_short_name": "510R", "agency_id": "316"}}, {"type": "Feature", "geometry": {"type": "LineString", "coordinates": [[12.088784, 55.638867], [12.086511, 55.638062], [12.081839, 55.636462], [12.080921, 55.636099], [12.079603, 55.635502], [12.078345, 55.634869], [12.077547, 55.634421], [12.07678, 55.633955], [12.075705, 55.633218], [12.074861, 55.632592], [12.074255, 55.632166], [12.073664, 55.631714], [12.073119, 55.631251], [12.072621, 55.630778], [12.072169, 55.630286], [12.071749, 55.629784], [12.071375, 55.629272], [12.071047, 55.628741], [12.070635, 55.627942], [12.070418, 55.627399], [12.070248, 55.626855], [12.070038, 55.625997], [12.069928, 55.625406], [12.069859, 55.624518], [12.069877, 55.623933], [12.069941, 55.623338], [12.070038, 55.622751], [12.0702, 55.622172], [12.070529, 55.621301], [12.070802, 55.620737], [12.097248, 55.576765], [12.098701, 55.574454], [12.099681, 55.572793], [12.10075, 55.571057], [12.102436, 55.568093], [12.113986, 55.548857], [12.11563, 55.546181], [12.116462, 55.544874], [12.117304, 55.543495], [12.1182, 55.541998], [12.119017, 55.540503], [12.120835, 55.537435], [12.130169, 55.521832], [12.131452, 55.519831], [12.1327, 55.518181], [12.133935, 55.516782], [12.135553, 55.515204], [12.13801, 55.513235], [12.140499, 55.511463], [12.143024, 55.509752], [12.145211, 55.508168], [12.14839, 55.505928], [12.164833, 55.494473], [12.167625, 55.492566], [12.16951, 55.491196], [12.170278, 55.490502], [12.17061, 55.490098], [12.171018, 55.489467], [12.171237, 55.489038], [12.171424, 55.488611], [12.171609, 55.48795], [12.171667, 55.487499], [12.171679, 55.487058], [12.171607, 55.485954], [12.171681, 55.484909], [12.171943, 55.483833], [12.172043, 55.483506], [12.172207, 55.483187], [12.172404, 55.482877], [12.172649, 55.482574], [12.173528, 55.481697], [12.174, 55.481271], [12.174773, 55.480639], [12.17596, 55.479853], [12.176275, 55.479638], [12.179962, 55.477655], [12.180667, 55.477169], [12.181305, 55.47664], [12.181846, 55.476077], [12.182289, 55.47549], [12.182652, 55.474887], [12.182902, 55.474261], [12.183011, 55.473844], [12.183752, 55.471649], [12.186236, 55.464778], [12.187059, 55.462428], [12.187179, 55.461949], [12.187266, 55.461461], [12.187305, 55.460965], [12.187261, 55.460229], [12.187158, 55.459738], [12.186599, 55.457513], [12.186283, 55.456542], [12.185494, 55.4548], [12.184961, 55.453088], [12.184223, 55.449825], [12.184344, 55.447799], [12.18546, 55.446143], [12.187053, 55.44255], [12.187989, 55.440242], [12.188297, 55.438364], [12.190041, 55.423726], [12.192118, 55.406383], [12.192242, 55.404788], [12.192134, 55.400314], [12.191904, 55.390403], [12.191978, 55.388189], [12.192514, 55.386611], [12.193632, 55.384999], [12.195064, 55.383766], [12.197593, 55.382234], [12.201903, 55.379874], [12.215704, 55.372292], [12.215719, 55.372273], [12.215704, 55.372292], [12.21735, 55.371367], [12.21916, 55.370133], [12.22043, 55.369047], [12.221552, 55.367705], [12.22275, 55.36574], [12.226996, 55.358372], [12.228061, 55.356339], [12.228713, 55.354659], [12.228155, 55.353424], [12.227551, 55.352208], [12.22643, 55.350062]]}, "properties": {"shape_id": "5492", "route_id": "24600_2", "route_short_name": "210R", "agency_id": "316"}}, {"type": "Feature", "geometry": {"type": "LineString", "coordinates": [[11.773067, 55.612039], [11.775793, 55.610602], [11.77629, 55.610223], [11.776572, 55.609946], [11.776923, 55.609525], [11.777121, 55.609179], [11.777287, 55.608825], [11.777439, 55.608282], [11.777477, 55.607921], [11.777483, 55.607562], [11.775863, 55.600137], [11.775232, 55.598623], [11.774284, 55.597341], [11.772628, 55.595698], [11.770912, 55.593642], [11.77023, 55.592075], [11.765141, 55.573897], [11.764995, 55.573397], [11.764341, 55.571776], [11.762543, 55.569659], [11.759882, 55.567687], [11.74955, 55.560368], [11.746998, 55.558574], [11.744788, 55.557122], [11.736904, 55.552085], [11.734945, 55.55105], [11.732547, 55.550088], [11.729604, 55.549263], [11.71814, 55.546507], [11.714513, 55.545643], [11.711364, 55.545039], [11.708748, 55.544809], [11.705618, 55.544717], [11.685186, 55.544312], [11.683978, 55.544267], [11.681323, 55.544163], [11.657595, 55.542838], [11.655029, 55.542642], [11.652306, 55.542215], [11.651537, 55.542097], [11.64856, 55.541442], [11.644677, 55.540987], [11.641285, 55.540988], [11.620263, 55.541449], [11.61657, 55.541465], [11.613425, 55.541128], [11.603744, 55.539527], [11.599969, 55.539005], [11.59687, 55.538891], [11.59121, 55.539119], [11.586705, 55.539313], [11.584126, 55.539376], [11.581297, 55.539265], [11.5739, 55.538873], [11.570255, 55.538643], [11.56776, 55.538309], [11.561628, 55.537359], [11.558727, 55.536629], [11.556275, 55.535718], [11.553946, 55.534769], [11.551442, 55.533787], [11.549273, 55.533095], [11.547132, 55.532574], [11.546616, 55.532441], [11.543261, 55.531782], [11.540443, 55.531337], [11.537692, 55.531188], [11.535007, 55.531333], [11.531931, 55.531801], [11.522696, 55.533367], [11.520231, 55.533733], [11.516737, 55.533858], [11.512088, 55.533792], [11.508348, 55.533788], [11.500227, 55.533936], [11.494084, 55.534052], [11.491147, 55.53422], [11.486983, 55.53479], [11.478657, 55.535974], [11.475641, 55.536395], [11.47315, 55.536616], [11.448672, 55.538061], [11.439545, 55.53862], [11.432315, 55.539357], [11.424928, 55.539854], [11.40464, 55.54118], [11.401232, 55.541454], [11.398184, 55.5419], [11.394423, 55.542342], [11.390615, 55.542282], [11.387291, 55.541843], [11.374855, 55.539874], [11.371364, 55.539276], [11.36794, 55.538228], [11.364962, 55.536677], [11.353372, 55.53024], [11.351117, 55.529096], [11.347618, 55.527555], [11.345297, 55.526898], [11.343108, 55.526589], [11.336983, 55.526185], [11.334541, 55.525881], [11.331696, 55.525207], [11.329434, 55.524459], [11.315283, 55.519577], [11.312893, 55.518805], [11.310033, 55.518131], [11.307111, 55.517727], [11.294336, 55.516538], [11.290445, 55.516081], [11.287912, 55.515301], [11.285789, 55.513372], [11.285381, 55.511538], [11.285788, 55.509813], [11.285866, 55.508149], [11.285816, 55.506748], [11.285014, 55.487438], [11.284973, 55.484535], [11.285766, 55.482372], [11.287685, 55.480251], [11.291269, 55.47765], [11.292751, 55.476462], [11.298398, 55.47153], [11.301257, 55.469004], [11.30279, 55.467348], [11.303664, 55.465786], [11.304235, 55.464175], [11.308203, 55.449503], [11.308572, 55.448247], [11.309137, 55.446547], [11.316801, 55.42731], [11.317372, 55.425996], [11.322868, 55.414881], [11.323994, 55.412801], [11.324303, 55.412409], [11.324659, 55.412025], [11.325049, 55.411658], [11.32547, 55.411299], [11.32594, 55.410967], [11.326458, 55.410642], [11.327269, 55.410195], [11.327561, 55.410055], [11.332193, 55.408232], [11.333186, 55.407916], [11.334229, 55.407654], [11.335323, 55.407453], [11.336059, 55.407349], [11.337175, 55.407247], [11.338326, 55.407207], [11.341711, 55.407286], [11.34665, 55.407461], [11.348917, 55.407588]]}, "properties": {"shape_id": "5499", "route_id": "24601_2", "route_short_name": "410", "agency_id": "316"}}, {"type": "Feature", "geometry": {"type": "LineString", "coordinates": [[12.614122, 56.033629], [12.610852, 56.031638], [12.608296, 56.03023], [12.605953, 56.028356], [12.603972, 56.026571], [12.602646, 56.024578], [12.602036, 56.022509], [12.60174, 56.021232], [12.600908, 56.019539], [12.599617, 56.017913], [12.596063, 56.01371], [12.594296, 56.012314], [12.592279, 56.01133], [12.589309, 56.010463], [12.584595, 56.009477], [12.583812, 56.009338], [12.581543, 56.008927], [12.578878, 56.008573], [12.574222, 56.008205], [12.569997, 56.008858], [12.566332, 56.008973], [12.562399, 56.008781], [12.559199, 56.00837], [12.553085, 56.007153], [12.532421, 56.002127], [12.517682, 55.998503], [12.514625, 55.997529], [12.511805, 55.996333], [12.509778, 55.995213], [12.508193, 55.994179], [12.502708, 55.990478], [12.502126, 55.990081], [12.49913, 55.98817], [12.496754, 55.987078], [12.492548, 55.985974], [12.479901, 55.984633], [12.470143, 55.983667], [12.464686, 55.983084], [12.459193, 55.982276], [12.454722, 55.981593], [12.451663, 55.981283], [12.451148, 55.981261], [12.448349, 55.981169], [12.434573, 55.981527], [12.43165, 55.981473], [12.429114, 55.981274], [12.426531, 55.980897], [12.40992, 55.977653], [12.40697, 55.977115], [12.406644, 55.977052], [12.403765, 55.976412], [12.401629, 55.975635], [12.400096, 55.974616], [12.39504, 55.969433], [12.393398, 55.967896], [12.393119, 55.967634], [12.389961, 55.964161], [12.38582, 55.959878], [12.384441, 55.958774], [12.382069, 55.957482], [12.37819, 55.956006], [12.372502, 55.953995], [12.369586, 55.953086], [12.359885, 55.950609], [12.342902, 55.947295], [12.329559, 55.944717], [12.317823, 55.942372], [12.317244, 55.942163], [12.316712, 55.941935], [12.316193, 55.941679], [12.315705, 55.941404], [12.315059, 55.940963], [12.314679, 55.940641], [12.314346, 55.940308], [12.314044, 55.939966], [12.313694, 55.939427], [12.313534, 55.939054], [12.313406, 55.938679], [12.313325, 55.938295], [12.313324, 55.93772], [12.313665, 55.936461], [12.313813, 55.936133], [12.313896, 55.935789], [12.313933, 55.935285], [12.313857, 55.934774], [12.313099, 55.933023], [12.312556, 55.931546], [12.311778, 55.929184], [12.311117, 55.927629], [12.310865, 55.926925]]}, "properties": {"shape_id": "5388", "route_id": "24490_2", "route_short_name": "930R", "agency_id": "316"}}, {"type": "Feature", "geometry": {"type": "LineString", "coordinates": [[12.310865, 55.926925], [12.311117, 55.927629], [12.311778, 55.929184], [12.312556, 55.931546], [12.313099, 55.933023], [12.313857, 55.934774], [12.313933, 55.935285], [12.313896, 55.935789], [12.313747, 55.936297], [12.31316, 55.937679], [12.312489, 55.93901], [12.311508, 55.941212], [12.311364, 55.941782], [12.311291, 55.942054], [12.31058, 55.945921], [12.309414, 55.952336], [12.309229, 55.954678], [12.309875, 55.961485], [12.310513, 55.964264], [12.313273, 55.967678], [12.314514, 55.969065], [12.315941, 55.970753], [12.316718, 55.972341], [12.316655, 55.973655], [12.315441, 55.97634], [12.314348, 55.97761], [12.309502, 55.981517], [12.30655, 55.983934], [12.305084, 55.985169], [12.303234, 55.986612], [12.300661, 55.988218], [12.289278, 55.995077], [12.286842, 55.996607], [12.28611, 55.997625], [12.283536, 56.001128], [12.282113, 56.002892], [12.280237, 56.004416], [12.277934, 56.005646], [12.275878, 56.006375], [12.273491, 56.006996], [12.262581, 56.009677], [12.249718, 56.012813], [12.208912, 56.022171], [12.205909, 56.022933], [12.20554, 56.023131], [12.204235, 56.023848], [12.20314, 56.02536], [12.202098, 56.026727], [12.199675, 56.028102], [12.195781, 56.029354], [12.192545, 56.030804], [12.189527, 56.03295], [12.188356, 56.033933], [12.187134, 56.035089], [12.183964, 56.038128], [12.18284, 56.03929], [12.180241, 56.042054], [12.178815, 56.043467], [12.173009, 56.049037], [12.170981, 56.050752], [12.168702, 56.052142], [12.162518, 56.05569], [12.156441, 56.059181], [12.154344, 56.060259], [12.151779, 56.060918], [12.147835, 56.061423], [12.139957, 56.062352], [12.136307, 56.062526], [12.135971, 56.062544], [12.133045, 56.06233], [12.130765, 56.061948], [12.120458, 56.059881], [12.117956, 56.059539], [12.117118, 56.059507], [12.114942, 56.059418], [12.111527, 56.059513], [12.097696, 56.059942], [12.093368, 56.060078], [12.089694, 56.060143], [12.086046, 56.059938], [12.080975, 56.059615], [12.078325, 56.05942], [12.07768, 56.059391]]}, "properties": {"shape_id": "5420", "route_id": "24493_2", "route_short_name": "960R", "agency_id": "316"}}, {"type": "Feature", "geometry": {"type": "LineString", "coordinates": [[12.310865, 55.926925], [12.30947, 55.92316], [12.309605, 55.921358], [12.310623, 55.919029], [12.313765, 55.912705], [12.315235, 55.910229], [12.314379, 55.911079], [12.313794, 55.90891], [12.312674, 55.907043], [12.311469, 55.905862], [12.309817, 55.904692], [12.30786, 55.903711], [12.304208, 55.902353], [12.279255, 55.893409], [12.274604, 55.891753], [12.271621, 55.890718], [12.26884, 55.889992], [12.266118, 55.889587], [12.262661, 55.889373], [12.21648, 55.886913], [12.213847, 55.886802], [12.208771, 55.886736], [12.20408, 55.886688], [12.202404, 55.88674], [12.200809, 55.886791], [12.197002, 55.887375], [12.193911, 55.88831], [12.191785, 55.8893], [12.189757, 55.89071], [12.187855, 55.892872], [12.187215, 55.894435], [12.186599, 55.896483], [12.185688, 55.898448], [12.184492, 55.899855], [12.182852, 55.901129], [12.180181, 55.902519], [12.177271, 55.90353], [12.174106, 55.904349], [12.171814, 55.904695], [12.154314, 55.906763], [12.149181, 55.907416], [12.121455, 55.910919], [12.118162, 55.91138], [12.114495, 55.912156], [12.111306, 55.9131], [12.106138, 55.914732], [12.103476, 55.915473], [12.102089, 55.915751], [12.100529, 55.91606], [12.091584, 55.917705], [12.088098, 55.918359], [12.085335, 55.919049], [12.076499, 55.922084], [12.073484, 55.92304], [12.073059, 55.923132], [12.071284, 55.923553], [12.069008, 55.923934], [12.066256, 55.924362], [12.063451, 55.924926], [12.060771, 55.925865], [12.0569, 55.927346], [12.054177, 55.928546], [12.052119, 55.930071], [12.047221, 55.934382], [12.045201, 55.936185], [12.043929, 55.93814], [12.042714, 55.940211], [12.040633, 55.941871], [12.034586, 55.946264], [12.023518, 55.954294], [12.021725, 55.955759], [12.020284, 55.957628], [12.019654, 55.959414], [12.019985, 55.960988], [12.020319, 55.962796], [12.019986, 55.965321], [12.019616, 55.967146], [12.019339, 55.968124], [12.01915, 55.968785], [12.016899, 55.970341], [12.012305, 55.970633], [12.008917, 55.970761], [12.006569, 55.971277], [12.00454, 55.972405], [12.001351, 55.974901], [11.983211, 55.989159], [11.981173, 55.990601], [11.977797, 55.991744], [11.973782, 55.991886], [11.971504, 55.991455], [11.970414, 55.991257], [11.94205, 55.98524], [11.933951, 55.983528], [11.930635, 55.982735], [11.926688, 55.981426], [11.91338, 55.976735], [11.900469, 55.972176], [11.897998, 55.971281], [11.880015, 55.964197], [11.877892, 55.96324], [11.875442, 55.961751], [11.873073, 55.960269], [11.869376, 55.957964], [11.866785, 55.956937], [11.864127, 55.956531], [11.8608, 55.956824], [11.857686, 55.95785], [11.854949, 55.959405], [11.853432, 55.961004], [11.852752, 55.963304], [11.852611, 55.963567]]}, "properties": {"shape_id": "5385", "route_id": "24489_2", "route_short_name": "920R", "agency_id": "316"}}, {"type": "Feature", "geometry": {"type": "LineString", "coordinates": [[12.30263, 56.123778], [12.30039, 56.123182], [12.297895, 56.122052], [12.296973, 56.120495], [12.297599, 56.118401], [12.298306, 56.116324], [12.301701, 56.10637], [12.302074, 56.105093], [12.30209, 56.103591], [12.301557, 56.101492], [12.301403, 56.101011], [12.299735, 56.095616], [12.298964, 56.093758], [12.29742, 56.091875], [12.286604, 56.080261], [12.285288, 56.078785], [12.284617, 56.077509], [12.284545, 56.076099], [12.285033, 56.074845], [12.286141, 56.073503], [12.286685, 56.072913], [12.295711, 56.063224], [12.296314, 56.062569], [12.297821, 56.061396], [12.300127, 56.060372], [12.303468, 56.059411], [12.321724, 56.054389], [12.323792, 56.053785], [12.325508, 56.052813], [12.326543, 56.051211], [12.327207, 56.049593], [12.326985, 56.047765], [12.326083, 56.046054], [12.325076, 56.044436], [12.323761, 56.042413], [12.322245, 56.040655], [12.317413, 56.035634], [12.315797, 56.033646], [12.315905, 56.032096], [12.317089, 56.030743], [12.317294, 56.030504], [12.322814, 56.024682], [12.324643, 56.022619], [12.325413, 56.020926], [12.325053, 56.018984], [12.323891, 56.016669], [12.322067, 56.014677], [12.319002, 56.013187], [12.314272, 56.011192], [12.311914, 56.010267], [12.309543, 56.009566], [12.290899, 56.004509], [12.290409, 56.004406], [12.289934, 56.004292], [12.289472, 56.004143], [12.28884, 56.00389], [12.288455, 56.003694], [12.288099, 56.003478], [12.287636, 56.003122], [12.287266, 56.002736], [12.287082, 56.002463], [12.28693, 56.002179], [12.286397, 56.000629], [12.285762, 55.998623], [12.285823, 55.998019], [12.28611, 55.997625], [12.286842, 55.996607], [12.289278, 55.995077], [12.300661, 55.988218], [12.303234, 55.986612], [12.305084, 55.985169], [12.30655, 55.983934], [12.309502, 55.981517], [12.314348, 55.97761], [12.315441, 55.97634], [12.316655, 55.973655], [12.316718, 55.972341], [12.315941, 55.970753], [12.314514, 55.969065], [12.313273, 55.967678], [12.310513, 55.964264], [12.309875, 55.961485], [12.309229, 55.954678], [12.309414, 55.952336], [12.311291, 55.942054], [12.311508, 55.941212], [12.312501, 55.938964], [12.31316, 55.93767], [12.313747, 55.936297], [12.313862, 55.935961], [12.313931, 55.935456], [12.313918, 55.935114], [12.313857, 55.934774], [12.313099, 55.933023], [12.312556, 55.931546], [12.311778, 55.929184], [12.311117, 55.927629], [12.310865, 55.926925]]}, "properties": {"shape_id": "5416", "route_id": "24492_2", "route_short_name": "950R", "agency_id": "316"}}, {"type": "Feature", "geometry": {"type": "LineString", "coordinates": [[11.138264, 54.833418], [11.140504, 54.833073], [11.145693, 54.832559], [11.150049, 54.832779], [11.162146, 54.834182], [11.165231, 54.834513], [11.169356, 54.834772], [11.172673, 54.834767], [11.175437, 54.834618], [11.178891, 54.834287], [11.203177, 54.831862], [11.205976, 54.831514], [11.208826, 54.83095], [11.211006, 54.830371], [11.214064, 54.829345], [11.215133, 54.828965], [11.251527, 54.816196], [11.254276, 54.815265], [11.257356, 54.81438], [11.270245, 54.811074], [11.32847, 54.796199], [11.339218, 54.793467], [11.360908, 54.787914], [11.364143, 54.787104], [11.367008, 54.786365], [11.369658, 54.785666], [11.372495, 54.784964], [11.37668, 54.783929], [11.379805, 54.783364], [11.382523, 54.783041], [11.387261, 54.782678], [11.46294, 54.777236], [11.47529, 54.776517], [11.477741, 54.776405], [11.481574, 54.776533], [11.484578, 54.776831], [11.487405, 54.777034], [11.490731, 54.776992], [11.494068, 54.77714], [11.497908, 54.777123], [11.500196, 54.776896], [11.501684, 54.776812], [11.502505, 54.776768], [11.504931, 54.77777], [11.507732, 54.777541], [11.579275, 54.794469], [11.58186, 54.794999], [11.583996, 54.795313], [11.586798, 54.795577], [11.590527, 54.795731], [11.608219, 54.796233], [11.635408, 54.79658], [11.638663, 54.796617], [11.642021, 54.79658], [11.645537, 54.796332], [11.687755, 54.793129], [11.691089, 54.792723], [11.693797, 54.792267], [11.729243, 54.785865], [11.732739, 54.785112], [11.735117, 54.784402], [11.762842, 54.774891], [11.765242, 54.774054], [11.767491, 54.773292], [11.775043, 54.770701], [11.777567, 54.769861], [11.780148, 54.769182], [11.783202, 54.76859], [11.829052, 54.76049], [11.832872, 54.759978], [11.836319, 54.759699], [11.838819, 54.759434], [11.839603, 54.759308], [11.84072, 54.759057], [11.841453, 54.75886], [11.842501, 54.758521], [11.843183, 54.758262], [11.843816, 54.757977], [11.845817, 54.757256], [11.846516, 54.757024], [11.847248, 54.756818], [11.847997, 54.756638], [11.849131, 54.756414], [11.849916, 54.756297], [11.850719, 54.756215], [11.85191, 54.756133], [11.852717, 54.756114], [11.85393, 54.75613], [11.854727, 54.756184], [11.855932, 54.756299], [11.856702, 54.756416], [11.859237, 54.756877], [11.86212, 54.757636], [11.866478, 54.75881], [11.868869, 54.759635], [11.870582, 54.760556], [11.872928, 54.761849], [11.874647, 54.763948], [11.876186, 54.765476], [11.877721, 54.76695]]}, "properties": {"shape_id": "5509", "route_id": "24603_2", "route_short_name": "710R", "agency_id": "316"}}, {"type": "Feature", "geometry": {"type": "LineString", "coordinates": [[12.614122, 56.033629], [12.615161, 56.034264], [12.616161, 56.036033], [12.614982, 56.037155], [12.613052, 56.038507], [12.611273, 56.040096], [12.610842, 56.040289], [12.607927, 56.041588], [12.605564, 56.042943], [12.602303, 56.04329], [12.601555, 56.043366], [12.599202, 56.043794], [12.596196, 56.0455], [12.594172, 56.047232], [12.593651, 56.04767], [12.592009, 56.049534], [12.589565, 56.050891], [12.586886, 56.052327], [12.584465, 56.053764], [12.581929, 56.054665], [12.579448, 56.055285], [12.576682, 56.056301], [12.563791, 56.061655], [12.560206, 56.063206], [12.557677, 56.064538], [12.553897, 56.066607], [12.54859, 56.069547], [12.546682, 56.070645], [12.543277, 56.072955], [12.541503, 56.074112], [12.538573, 56.074942], [12.538384, 56.074993], [12.533814, 56.075295], [12.531574, 56.075584], [12.529348, 56.076214], [12.526719, 56.077521], [12.5241, 56.078953], [12.521064, 56.079688], [12.517621, 56.07966], [12.515501, 56.079154], [12.512811, 56.078215], [12.508295, 56.076644], [12.505745, 56.076006], [12.503009, 56.075796], [12.495382, 56.076264], [12.484713, 56.077034], [12.481477, 56.07735], [12.478094, 56.078344], [12.474906, 56.079891], [12.468306, 56.083206], [12.466622, 56.084323], [12.465328, 56.086023], [12.464199, 56.087781], [12.462358, 56.088767], [12.459399, 56.089129], [12.459256, 56.089142], [12.454401, 56.08899], [12.451257, 56.088719], [12.448097, 56.088627], [12.444287, 56.089004], [12.435157, 56.089959], [12.432645, 56.090281], [12.430218, 56.090834], [12.426931, 56.091861], [12.423367, 56.092652], [12.418768, 56.093571], [12.415326, 56.094107], [12.401405, 56.09602], [12.398098, 56.096461], [12.393815, 56.096957], [12.386935, 56.097739], [12.386138, 56.097824], [12.382454, 56.098177], [12.379025, 56.098325], [12.376178, 56.098331], [12.355873, 56.098265], [12.34284, 56.098223], [12.339526, 56.098582], [12.336533, 56.099509], [12.329914, 56.102205], [12.328118, 56.103017], [12.326029, 56.104341], [12.323932, 56.10634], [12.318668, 56.11228], [12.310689, 56.121287], [12.309405, 56.122455], [12.308971, 56.122637], [12.306891, 56.123538], [12.302993, 56.123876], [12.30263, 56.123778]]}, "properties": {"shape_id": "5404", "route_id": "24491_2", "route_short_name": "940R", "agency_id": "316"}}, {"type": "Feature", "geometry": {"type": "LineString", "coordinates": [[12.310865, 55.926925], [12.311117, 55.927629], [12.311778, 55.929184], [12.312556, 55.931546], [12.313099, 55.933023], [12.313857, 55.934774], [12.313918, 55.935114], [12.313931, 55.935456], [12.313862, 55.935961], [12.313747, 55.936297], [12.31316, 55.93767], [12.312501, 55.938964], [12.311508, 55.941212], [12.311291, 55.942054], [12.309414, 55.952336], [12.309229, 55.954678], [12.309875, 55.961485], [12.310513, 55.964264], [12.313273, 55.967678], [12.314514, 55.969065], [12.315941, 55.970753], [12.316718, 55.972341], [12.316655, 55.973655], [12.315441, 55.97634], [12.314348, 55.97761], [12.309502, 55.981517], [12.30655, 55.983934], [12.305084, 55.985169], [12.303234, 55.986612], [12.300661, 55.988218], [12.289278, 55.995077], [12.286842, 55.996607], [12.28611, 55.997625], [12.285823, 55.998019], [12.285762, 55.998623], [12.286397, 56.000629], [12.28693, 56.002179], [12.287082, 56.002463], [12.287266, 56.002736], [12.287636, 56.003122], [12.288099, 56.003478], [12.288455, 56.003694], [12.28884, 56.00389], [12.289472, 56.004143], [12.289934, 56.004292], [12.290409, 56.004406], [12.290899, 56.004509], [12.309543, 56.009566], [12.311914, 56.010267], [12.314272, 56.011192], [12.319002, 56.013187], [12.322067, 56.014677], [12.323891, 56.016669], [12.325053, 56.018984], [12.325413, 56.020926], [12.324643, 56.022619], [12.322814, 56.024682], [12.317294, 56.030504], [12.317089, 56.030743], [12.315905, 56.032096], [12.315797, 56.033646], [12.317413, 56.035634], [12.322245, 56.040655], [12.323761, 56.042413], [12.325076, 56.044436], [12.326083, 56.046054], [12.326985, 56.047765], [12.327207, 56.049593], [12.326543, 56.051211], [12.325508, 56.052813], [12.323792, 56.053785], [12.321724, 56.054389], [12.303468, 56.059411], [12.300127, 56.060372], [12.297821, 56.061396], [12.296314, 56.062569], [12.295711, 56.063224], [12.286685, 56.072913], [12.286141, 56.073503], [12.285033, 56.074845], [12.284545, 56.076099], [12.284617, 56.077509], [12.285288, 56.078785], [12.286604, 56.080261], [12.29742, 56.091875], [12.298964, 56.093758], [12.299735, 56.095616], [12.301403, 56.101011], [12.301557, 56.101492], [12.30209, 56.103591], [12.302074, 56.105093], [12.301701, 56.10637], [12.298306, 56.116324], [12.297599, 56.118401], [12.296973, 56.120495], [12.297895, 56.122052], [12.30039, 56.123182], [12.30263, 56.123778]]}, "properties": {"shape_id": "5410", "route_id": "24492_2", "route_short_name": "950R", "agency_id": "316"}}, {"type": "Feature", "geometry": {"type": "LineString", "coordinates": [[12.3762, 55.259119], [12.376924, 55.259854], [12.379312, 55.261092], [12.381658, 55.262393], [12.382404, 55.264315], [12.38104, 55.266789], [12.380049, 55.269029], [12.379893, 55.271083], [12.380187, 55.272684], [12.384801, 55.295251], [12.384956, 55.296694], [12.385714, 55.309279], [12.385755, 55.310312], [12.384899, 55.312116], [12.381822, 55.314108], [12.355419, 55.329088], [12.351974, 55.331062], [12.342353, 55.337053], [12.339568, 55.338631], [12.325539, 55.346099], [12.324225, 55.3468], [12.322345, 55.347705], [12.320249, 55.348491], [12.318089, 55.34908], [12.315309, 55.349614], [12.313058, 55.349864], [12.279963, 55.352475], [12.238478, 55.355767], [12.234805, 55.356008], [12.231076, 55.355567], [12.228713, 55.354659], [12.228155, 55.353424], [12.227551, 55.352208], [12.22643, 55.350062], [12.227551, 55.352208], [12.228155, 55.353424], [12.228713, 55.354659], [12.228061, 55.356339], [12.226996, 55.358372], [12.22275, 55.36574], [12.221552, 55.367705], [12.22043, 55.369047], [12.21916, 55.370133], [12.21735, 55.371367], [12.215704, 55.372292], [12.215719, 55.372273], [12.215704, 55.372292], [12.201903, 55.379874], [12.197593, 55.382234], [12.195064, 55.383766], [12.193632, 55.384999], [12.192514, 55.386611], [12.191978, 55.388189], [12.191904, 55.390403], [12.192134, 55.400314], [12.192242, 55.404788], [12.192118, 55.406383], [12.190041, 55.423726], [12.188297, 55.438364], [12.187989, 55.440242], [12.187053, 55.44255], [12.18546, 55.446143], [12.184344, 55.447799], [12.184223, 55.449825], [12.184961, 55.453088], [12.185494, 55.4548], [12.186283, 55.456542], [12.186599, 55.457513]]}, "properties": {"shape_id": "5498", "route_id": "24600_2", "route_short_name": "210R", "agency_id": "316"}}, {"type": "Feature", "geometry": {"type": "LineString", "coordinates": [[12.614122, 56.033629], [12.615161, 56.034264], [12.616161, 56.036033], [12.614982, 56.037155], [12.613052, 56.038507], [12.611273, 56.040096], [12.610842, 56.040289], [12.607927, 56.041588], [12.605564, 56.042943], [12.602303, 56.04329], [12.601555, 56.043366], [12.599202, 56.043794], [12.596196, 56.0455], [12.594172, 56.047232], [12.593651, 56.04767], [12.592009, 56.049534], [12.589565, 56.050891], [12.586886, 56.052327], [12.584465, 56.053764], [12.581929, 56.054665], [12.579448, 56.055285], [12.576682, 56.056301], [12.563791, 56.061655], [12.560206, 56.063206], [12.557677, 56.064538], [12.553897, 56.066607], [12.54859, 56.069547], [12.546682, 56.070645], [12.543277, 56.072955], [12.541503, 56.074112], [12.538573, 56.074942], [12.538384, 56.074993], [12.533814, 56.075295], [12.531574, 56.075584], [12.529348, 56.076214], [12.526719, 56.077521], [12.5241, 56.078953], [12.521064, 56.079688], [12.517621, 56.07966], [12.515501, 56.079154], [12.512811, 56.078215], [12.508295, 56.076644], [12.505745, 56.076006], [12.503009, 56.075796], [12.495382, 56.076264], [12.484713, 56.077034], [12.481477, 56.07735], [12.478094, 56.078344], [12.474906, 56.079891], [12.468306, 56.083206], [12.466622, 56.084323], [12.465328, 56.086023], [12.464199, 56.087781], [12.462358, 56.088767], [12.459399, 56.089129], [12.459256, 56.089142], [12.454401, 56.08899], [12.451257, 56.088719], [12.448097, 56.088627], [12.444287, 56.089004], [12.435157, 56.089959], [12.432645, 56.090281], [12.430218, 56.090834], [12.426931, 56.091861], [12.423367, 56.092652], [12.418768, 56.093571], [12.415326, 56.094107], [12.401405, 56.09602], [12.398098, 56.096461], [12.393815, 56.096957], [12.386935, 56.097739], [12.386138, 56.097824], [12.382454, 56.098177], [12.379025, 56.098325], [12.376178, 56.098331], [12.355873, 56.098265], [12.34284, 56.098223], [12.339526, 56.098582], [12.336533, 56.099509], [12.333891, 56.100578], [12.329914, 56.102205], [12.328118, 56.103017], [12.326029, 56.104341], [12.323932, 56.10634], [12.318668, 56.11228], [12.310689, 56.121287], [12.309405, 56.122455], [12.308971, 56.122637], [12.306891, 56.123538], [12.302993, 56.123876], [12.30263, 56.123778]]}, "properties": {"shape_id": "5399", "route_id": "24491_2", "route_short_name": "940R", "agency_id": "316"}}, {"type": "Feature", "geometry": {"type": "LineString", "coordinates": [[12.088784, 55.638867], [12.086511, 55.638062], [12.081839, 55.636462], [12.080921, 55.636099], [12.079603, 55.635502], [12.078345, 55.634869], [12.077547, 55.634421], [12.07678, 55.633955], [12.075705, 55.633218], [12.074861, 55.632592], [12.074255, 55.632166], [12.073664, 55.631714], [12.073119, 55.631251], [12.072621, 55.630778], [12.072169, 55.630286], [12.071749, 55.629784], [12.071375, 55.629272], [12.071047, 55.628741], [12.070635, 55.627942], [12.070418, 55.627399], [12.070248, 55.626855], [12.070038, 55.625997], [12.069928, 55.625406], [12.069859, 55.624518], [12.069877, 55.623933], [12.069941, 55.623338], [12.070038, 55.622751], [12.0702, 55.622172], [12.070529, 55.621301], [12.070802, 55.620737], [12.097248, 55.576765], [12.098701, 55.574454], [12.099681, 55.572793], [12.10075, 55.571057], [12.102436, 55.568093], [12.113986, 55.548857], [12.11563, 55.546181], [12.116462, 55.544874], [12.117304, 55.543495], [12.1182, 55.541998], [12.119017, 55.540503], [12.120835, 55.537435], [12.130169, 55.521832], [12.131452, 55.519831], [12.1327, 55.518181], [12.133935, 55.516782], [12.135553, 55.515204], [12.13801, 55.513235], [12.140499, 55.511463], [12.143024, 55.509752], [12.145211, 55.508168], [12.14839, 55.505928], [12.164833, 55.494473], [12.167625, 55.492566], [12.16951, 55.491196], [12.170278, 55.490502], [12.17061, 55.490098], [12.171018, 55.489467], [12.171237, 55.489038], [12.171424, 55.488611], [12.171609, 55.48795], [12.171667, 55.487499], [12.171679, 55.487058], [12.171607, 55.485954], [12.171681, 55.484909], [12.171943, 55.483833], [12.172043, 55.483506], [12.172207, 55.483187], [12.172404, 55.482877], [12.172649, 55.482574], [12.173528, 55.481697], [12.174, 55.481271], [12.174773, 55.480639], [12.17596, 55.479853], [12.176275, 55.479638], [12.179962, 55.477655], [12.180667, 55.477169], [12.181305, 55.47664], [12.181846, 55.476077], [12.182289, 55.47549], [12.182652, 55.474887], [12.182902, 55.474261], [12.183011, 55.473844], [12.183752, 55.471649], [12.186236, 55.464778], [12.187059, 55.462428], [12.187179, 55.461949], [12.187266, 55.461461], [12.187305, 55.460965], [12.187261, 55.460229], [12.187158, 55.459738], [12.186599, 55.457513], [12.186283, 55.456542], [12.185494, 55.4548], [12.184961, 55.453088], [12.184223, 55.449825], [12.184344, 55.447799], [12.18546, 55.446143], [12.187053, 55.44255], [12.187989, 55.440242], [12.188297, 55.438364], [12.190041, 55.423726], [12.192118, 55.406383], [12.192242, 55.404788], [12.192134, 55.400314], [12.191904, 55.390403], [12.191978, 55.388189], [12.192514, 55.386611], [12.193632, 55.384999], [12.195064, 55.383766], [12.197593, 55.382234], [12.201903, 55.379874], [12.215704, 55.372292], [12.215719, 55.372273], [12.215704, 55.372292], [12.21735, 55.371367], [12.21916, 55.370133], [12.22043, 55.369047], [12.221552, 55.367705], [12.22275, 55.36574], [12.226996, 55.358372], [12.228061, 55.356339], [12.228713, 55.354659], [12.228155, 55.353424], [12.227551, 55.352208], [12.22643, 55.350062], [12.227551, 55.352208], [12.228155, 55.353424], [12.228713, 55.354659], [12.231076, 55.355567], [12.234805, 55.356008], [12.238478, 55.355767], [12.279963, 55.352475], [12.313058, 55.349864], [12.315309, 55.349614], [12.318089, 55.34908], [12.320249, 55.348491], [12.322345, 55.347705], [12.324225, 55.3468], [12.325539, 55.346099], [12.339568, 55.338631], [12.342353, 55.337053], [12.351974, 55.331062], [12.355419, 55.329088], [12.381822, 55.314108], [12.384899, 55.312116], [12.385755, 55.310312], [12.385714, 55.309279], [12.384956, 55.296694], [12.384801, 55.295251], [12.380187, 55.272684], [12.379893, 55.271083], [12.380049, 55.269029], [12.38104, 55.266789], [12.382404, 55.264315], [12.381658, 55.262393], [12.379312, 55.261092], [12.376924, 55.259854], [12.3762, 55.259119]]}, "properties": {"shape_id": "5491", "route_id": "24600_2", "route_short_name": "210R", "agency_id": "316"}}, {"type": "Feature", "geometry": {"type": "LineString", "coordinates": [[11.672665, 55.921375], [11.671608, 55.920903], [11.669145, 55.920238], [11.66573, 55.919934], [11.662091, 55.920309], [11.659713, 55.920882], [11.65529, 55.921984], [11.652442, 55.922477], [11.649811, 55.922624], [11.647563, 55.922519], [11.644294, 55.922014], [11.641297, 55.921485], [11.637206, 55.921115], [11.632541, 55.920783], [11.628148, 55.920445], [11.625287, 55.920039], [11.622261, 55.919313], [11.619432, 55.91842], [11.61695, 55.917466], [11.61388, 55.916084], [11.609815, 55.914184], [11.606802, 55.912693], [11.603873, 55.910777], [11.601552, 55.909101], [11.600517, 55.907738], [11.600411, 55.906401], [11.600983, 55.905149], [11.60223, 55.903927], [11.603603, 55.902208], [11.603923, 55.900547], [11.603597, 55.898298], [11.602657, 55.892637], [11.60244, 55.890583], [11.602965, 55.888397], [11.604223, 55.886168], [11.605329, 55.884536], [11.606557, 55.883045], [11.607951, 55.881415], [11.60939, 55.879983], [11.61128, 55.878612], [11.613635, 55.877007], [11.614914, 55.875578], [11.615434, 55.873805], [11.614734, 55.871707], [11.613199, 55.870041], [11.611451, 55.868766], [11.608599, 55.86773], [11.605721, 55.867243], [11.602979, 55.866626], [11.600548, 55.865662], [11.598507, 55.864771], [11.59612, 55.8635], [11.588555, 55.858859], [11.58592, 55.857216], [11.584113, 55.855501], [11.583063, 55.853887], [11.582126, 55.85254], [11.58197, 55.852355], [11.580683, 55.850782], [11.57857, 55.848543], [11.573959, 55.843813], [11.572463, 55.842451], [11.570617, 55.841097], [11.567015, 55.838565], [11.565062, 55.837042], [11.563988, 55.835536], [11.56374, 55.834193], [11.563805, 55.832268], [11.56337, 55.831001], [11.561802, 55.829488], [11.559551, 55.828285], [11.553811, 55.825744], [11.551916, 55.824597], [11.550783, 55.823389], [11.550177, 55.821694], [11.550415, 55.820214], [11.551279, 55.818785], [11.556665, 55.810593], [11.557379, 55.808582], [11.556799, 55.806554], [11.555356, 55.804993], [11.553253, 55.803823], [11.551055, 55.802916], [11.550546, 55.802702], [11.547821, 55.802031], [11.544461, 55.801651], [11.541425, 55.801588], [11.535963, 55.802015], [11.530678, 55.802466], [11.5264, 55.803174], [11.519496, 55.804511], [11.516176, 55.805235], [11.508593, 55.807188], [11.504478, 55.808225], [11.501805, 55.808603], [11.500208, 55.80859], [11.499361, 55.80858], [11.497106, 55.808249], [11.494525, 55.807573], [11.489166, 55.806136], [11.48692, 55.805462], [11.484879, 55.80473], [11.482884, 55.80398], [11.480388, 55.802871], [11.478511, 55.801461], [11.477515, 55.800106], [11.470964, 55.790144], [11.470183, 55.788893], [11.469756, 55.787939], [11.469329, 55.786995], [11.468852, 55.785252], [11.464074, 55.764405], [11.463433, 55.762584], [11.462272, 55.760864], [11.460768, 55.759249], [11.457289, 55.755643], [11.456527, 55.754417], [11.456343, 55.752767], [11.45647, 55.752504], [11.457417, 55.750589], [11.45921, 55.749196], [11.463327, 55.747261], [11.465649, 55.745165], [11.466499, 55.742973], [11.466387, 55.741456], [11.46575, 55.740202], [11.464297, 55.738883], [11.460803, 55.736526], [11.459467, 55.73453], [11.458764, 55.731965], [11.458208, 55.72972], [11.458204, 55.728381], [11.458759, 55.727084], [11.459924, 55.725847], [11.462041, 55.724574], [11.464478, 55.723815], [11.46718, 55.723473], [11.467607, 55.723419], [11.471111, 55.723439], [11.474044, 55.723973], [11.477381, 55.72511], [11.480825, 55.726182], [11.483945, 55.726901], [11.486552, 55.727324], [11.489791, 55.727663], [11.49286, 55.727835], [11.513196, 55.728777], [11.516755, 55.728875], [11.546841, 55.729576], [11.55469, 55.729755], [11.55748, 55.729796], [11.560376, 55.729744], [11.59381, 55.728782], [11.61508, 55.728151], [11.620674, 55.727951], [11.624056, 55.727555], [11.626498, 55.726927], [11.628471, 55.726184], [11.630739, 55.725093], [11.642157, 55.7194], [11.645179, 55.717942], [11.647698, 55.717034], [11.658378, 55.71345], [11.659534, 55.713119], [11.660317, 55.712932], [11.661134, 55.712761], [11.662362, 55.712564], [11.663864, 55.712405], [11.668083, 55.71217], [11.670215, 55.71215], [11.672371, 55.712247], [11.674675, 55.712628], [11.679099, 55.71353], [11.687841, 55.715388], [11.692478, 55.716365], [11.69598, 55.717034], [11.696736, 55.717153], [11.697507, 55.717244], [11.698276, 55.717308], [11.699457, 55.717345], [11.700617, 55.717319], [11.70179, 55.717239], [11.702926, 55.717088], [11.704043, 55.716884], [11.704764, 55.716715], [11.705466, 55.716511], [11.70818, 55.715462]]}, "properties": {"shape_id": "5502", "route_id": "24602_2", "route_short_name": "510R", "agency_id": "316"}}, {"type": "Feature", "geometry": {"type": "LineString", "coordinates": [[11.846269, 55.965809], [11.849079, 55.966094], [11.851865, 55.964969], [11.852611, 55.963567], [11.852752, 55.963304], [11.853432, 55.961004], [11.854949, 55.959405], [11.857686, 55.95785], [11.8608, 55.956824], [11.864127, 55.956531], [11.866785, 55.956937], [11.869376, 55.957964], [11.873073, 55.960269], [11.875442, 55.961751], [11.877892, 55.96324], [11.880015, 55.964197], [11.897998, 55.971281], [11.900469, 55.972176], [11.91338, 55.976735], [11.926688, 55.981426], [11.930635, 55.982735], [11.933951, 55.983528], [11.94205, 55.98524], [11.970414, 55.991257], [11.971504, 55.991455], [11.973782, 55.991886], [11.977797, 55.991744], [11.981173, 55.990601], [11.983211, 55.989159], [12.001351, 55.974901], [12.00454, 55.972405], [12.006569, 55.971277], [12.008917, 55.970761], [12.012305, 55.970633], [12.016899, 55.970341], [12.01915, 55.968785], [12.019339, 55.968124], [12.019616, 55.967146], [12.019986, 55.965321], [12.020319, 55.962796], [12.019985, 55.960988], [12.019654, 55.959414], [12.020284, 55.957628], [12.021725, 55.955759], [12.023518, 55.954294], [12.034586, 55.946264], [12.040633, 55.941871], [12.042714, 55.940211], [12.043929, 55.93814], [12.045201, 55.936185], [12.047221, 55.934382], [12.052119, 55.930071], [12.054177, 55.928546], [12.0569, 55.927346], [12.060771, 55.925865], [12.063451, 55.924926], [12.066256, 55.924362], [12.069008, 55.923934], [12.071284, 55.923553], [12.073059, 55.923132], [12.073484, 55.92304], [12.076499, 55.922084], [12.085335, 55.919049], [12.088098, 55.918359], [12.091584, 55.917705], [12.100529, 55.91606], [12.102089, 55.915751], [12.103476, 55.915473], [12.106138, 55.914732], [12.111306, 55.9131], [12.114495, 55.912156], [12.118162, 55.91138], [12.121455, 55.910919], [12.149181, 55.907416], [12.154314, 55.906763], [12.171814, 55.904695], [12.174106, 55.904349], [12.177271, 55.90353], [12.180181, 55.902519], [12.182852, 55.901129], [12.184492, 55.899855], [12.185688, 55.898448], [12.186599, 55.896483], [12.187215, 55.894435], [12.187855, 55.892872], [12.189757, 55.89071], [12.191785, 55.8893], [12.193911, 55.88831], [12.197002, 55.887375], [12.200809, 55.886791], [12.202404, 55.88674], [12.20408, 55.886688], [12.208771, 55.886736], [12.213847, 55.886802], [12.21648, 55.886913], [12.262661, 55.889373], [12.266118, 55.889587], [12.26884, 55.889992], [12.271621, 55.890718], [12.274604, 55.891753], [12.279255, 55.893409], [12.304208, 55.902353], [12.30786, 55.903711], [12.309817, 55.904692], [12.311469, 55.905862], [12.312674, 55.907043], [12.313794, 55.90891], [12.314379, 55.911079], [12.315235, 55.910229], [12.313765, 55.912705], [12.310623, 55.919029], [12.309605, 55.921358], [12.30947, 55.92316], [12.310865, 55.926925]]}, "properties": {"shape_id": "5381", "route_id": "24489_2", "route_short_name": "920R", "agency_id": "316"}}, {"type": "Feature", "geometry": {"type": "LineString", "coordinates": [[12.162111, 55.216972], [12.159073, 55.220306], [12.157768, 55.221697], [12.156297, 55.222985], [12.15402, 55.224213], [12.151524, 55.225473], [12.149912, 55.226773], [12.147962, 55.229359], [12.145654, 55.232601], [12.144133, 55.234664], [12.143012, 55.235807], [12.141345, 55.237415], [12.139415, 55.239667], [12.137045, 55.242138], [12.135589, 55.244234], [12.135795, 55.245847], [12.137419, 55.247882], [12.139021, 55.249243], [12.140856, 55.250958], [12.141663, 55.25261], [12.141497, 55.254484], [12.140297, 55.256835], [12.138777, 55.259113], [12.13843, 55.261504], [12.138288, 55.263701], [12.138213, 55.265538], [12.138072, 55.277913], [12.138272, 55.280056], [12.140538, 55.282218], [12.142942, 55.283343], [12.154607, 55.288599], [12.195643, 55.306969], [12.201073, 55.309407], [12.203332, 55.310643], [12.205399, 55.312422], [12.206558, 55.314091], [12.214246, 55.327259], [12.219081, 55.33632], [12.22643, 55.350062]]}, "properties": {"shape_id": "5488", "route_id": "24599_2", "route_short_name": "110R", "agency_id": "316"}}, {"type": "Feature", "geometry": {"type": "LineString", "coordinates": [[11.70818, 55.715462], [11.705466, 55.716511], [11.704764, 55.716715], [11.704043, 55.716884], [11.702926, 55.717088], [11.70179, 55.717239], [11.700617, 55.717319], [11.699457, 55.717345], [11.698276, 55.717308], [11.697507, 55.717244], [11.696736, 55.717153], [11.69598, 55.717034], [11.692478, 55.716365], [11.687841, 55.715388], [11.679099, 55.71353], [11.674675, 55.712628], [11.672371, 55.712247], [11.670215, 55.71215], [11.668083, 55.71217], [11.663864, 55.712405], [11.662362, 55.712564], [11.661134, 55.712761], [11.660317, 55.712932], [11.659534, 55.713119], [11.658378, 55.71345], [11.647698, 55.717034], [11.645179, 55.717942], [11.642157, 55.7194], [11.630739, 55.725093], [11.628471, 55.726184], [11.626498, 55.726927], [11.624056, 55.727555], [11.620674, 55.727951], [11.61508, 55.728151], [11.59381, 55.728782], [11.560376, 55.729744], [11.55748, 55.729796], [11.55469, 55.729755], [11.546841, 55.729576], [11.516755, 55.728875], [11.513196, 55.728777], [11.49286, 55.727835], [11.489791, 55.727663], [11.486552, 55.727324], [11.483945, 55.726901], [11.480825, 55.726182], [11.477381, 55.72511], [11.474044, 55.723973], [11.471111, 55.723439], [11.467607, 55.723419], [11.46718, 55.723473], [11.464478, 55.723815], [11.462041, 55.724574], [11.459924, 55.725847], [11.458759, 55.727084], [11.458204, 55.728381], [11.458208, 55.72972], [11.458764, 55.731965], [11.459467, 55.73453], [11.460803, 55.736526], [11.464297, 55.738883], [11.46575, 55.740202], [11.466387, 55.741456], [11.466499, 55.742973], [11.465649, 55.745165], [11.463327, 55.747261], [11.45921, 55.749196], [11.457417, 55.750589], [11.45647, 55.752504], [11.456343, 55.752767], [11.456527, 55.754417], [11.457289, 55.755643], [11.460768, 55.759249], [11.462272, 55.760864], [11.463433, 55.762584], [11.464074, 55.764405], [11.468852, 55.785252], [11.469329, 55.786995], [11.469756, 55.787939], [11.470183, 55.788893], [11.470964, 55.790144], [11.477515, 55.800106], [11.478511, 55.801461], [11.480388, 55.802871], [11.482884, 55.80398], [11.484879, 55.80473], [11.48692, 55.805462], [11.489166, 55.806136], [11.494525, 55.807573], [11.497106, 55.808249], [11.499361, 55.80858], [11.500208, 55.80859], [11.501805, 55.808603], [11.504478, 55.808225], [11.508593, 55.807188], [11.516176, 55.805235], [11.519496, 55.804511], [11.5264, 55.803174], [11.530678, 55.802466], [11.535963, 55.802015], [11.541425, 55.801588], [11.544461, 55.801651], [11.547821, 55.802031], [11.550546, 55.802702], [11.551055, 55.802916], [11.553253, 55.803823], [11.555356, 55.804993], [11.556799, 55.806554], [11.557379, 55.808582], [11.556665, 55.810593], [11.551279, 55.818785], [11.550415, 55.820214], [11.550177, 55.821694], [11.550783, 55.823389], [11.551916, 55.824597], [11.553811, 55.825744], [11.559551, 55.828285], [11.561802, 55.829488], [11.56337, 55.831001], [11.563805, 55.832268], [11.56374, 55.834193], [11.563988, 55.835536], [11.565062, 55.837042], [11.567015, 55.838565], [11.570617, 55.841097], [11.572463, 55.842451], [11.573959, 55.843813], [11.57857, 55.848543], [11.580683, 55.850782], [11.58197, 55.852355], [11.582126, 55.85254], [11.583063, 55.853887], [11.584113, 55.855501], [11.58592, 55.857216], [11.588555, 55.858859], [11.59612, 55.8635], [11.598507, 55.864771], [11.600548, 55.865662], [11.602979, 55.866626], [11.605721, 55.867243], [11.608599, 55.86773], [11.611451, 55.868766], [11.613199, 55.870041], [11.614734, 55.871707], [11.615434, 55.873805], [11.614914, 55.875578], [11.613635, 55.877007], [11.61128, 55.878612], [11.60939, 55.879983], [11.607951, 55.881415], [11.606557, 55.883045], [11.605329, 55.884536], [11.604223, 55.886168], [11.602965, 55.888397], [11.60244, 55.890583], [11.602657, 55.892637], [11.603597, 55.898298], [11.603923, 55.900547], [11.603603, 55.902208], [11.60223, 55.903927], [11.600983, 55.905149], [11.600411, 55.906401], [11.600517, 55.907738], [11.601552, 55.909101], [11.603873, 55.910777], [11.606802, 55.912693], [11.609815, 55.914184], [11.61388, 55.916084], [11.61695, 55.917466], [11.619432, 55.91842], [11.622261, 55.919313], [11.625287, 55.920039], [11.628148, 55.920445], [11.632541, 55.920783], [11.637206, 55.921115], [11.641297, 55.921485], [11.644294, 55.922014], [11.647563, 55.922519], [11.649811, 55.922624], [11.652442, 55.922477], [11.65529, 55.921984], [11.659713, 55.920882], [11.662091, 55.920309], [11.66573, 55.919934], [11.669145, 55.920238], [11.671608, 55.920903], [11.672665, 55.921375]]}, "properties": {"shape_id": "5507", "route_id": "24602_2", "route_short_name": "510R", "agency_id": "316"}}, {"type": "Feature", "geometry": {"type": "LineString", "coordinates": [[12.3762, 55.259119], [12.376924, 55.259854], [12.379312, 55.261092], [12.381658, 55.262393], [12.382404, 55.264315], [12.38104, 55.266789], [12.380049, 55.269029], [12.379893, 55.271083], [12.380187, 55.272684], [12.384801, 55.295251], [12.384956, 55.296694], [12.385714, 55.309279], [12.385755, 55.310312], [12.384899, 55.312116], [12.381822, 55.314108], [12.355419, 55.329088], [12.351974, 55.331062], [12.342353, 55.337053], [12.339568, 55.338631], [12.325539, 55.346099], [12.324225, 55.3468], [12.322345, 55.347705], [12.320249, 55.348491], [12.318089, 55.34908], [12.315309, 55.349614], [12.313058, 55.349864], [12.279963, 55.352475], [12.238478, 55.355767], [12.234805, 55.356008], [12.231076, 55.355567], [12.228713, 55.354659], [12.228155, 55.353424], [12.227551, 55.352208], [12.22643, 55.350062]]}, "properties": {"shape_id": "5496", "route_id": "24600_2", "route_short_name": "210R", "agency_id": "316"}}, {"type": "Feature", "geometry": {"type": "LineString", "coordinates": [[12.528187, 55.813905], [12.52891, 55.812545], [12.528822, 55.811226], [12.527609, 55.809993], [12.526592, 55.808817], [12.526009, 55.807314], [12.525538, 55.805988], [12.524272, 55.804523], [12.522528, 55.803422], [12.520175, 55.802284], [12.519814, 55.802178], [12.517648, 55.80153], [12.514426, 55.800678], [12.511739, 55.800089], [12.508948, 55.799585], [12.50606, 55.799065], [12.503815, 55.798589], [12.501883, 55.7977], [12.500635, 55.796063], [12.500825, 55.794089], [12.500945, 55.793825], [12.50199, 55.791601], [12.501877, 55.789635], [12.501135, 55.788299], [12.498356, 55.786139], [12.49727, 55.784704], [12.497261, 55.784435], [12.497233, 55.783051], [12.498653, 55.781446], [12.500439, 55.78019], [12.501238, 55.778612], [12.501015, 55.776478], [12.502418, 55.774694], [12.504655, 55.774028], [12.50549, 55.773914], [12.508453, 55.773506], [12.510222, 55.772601], [12.512396, 55.771055], [12.514517, 55.769816], [12.517225, 55.768543], [12.517824, 55.768283], [12.518173, 55.768084], [12.518488, 55.767868], [12.518886, 55.767506], [12.519187, 55.76712], [12.519338, 55.766855], [12.51946, 55.766438], [12.519446, 55.766106], [12.519323, 55.765624], [12.519198, 55.765303], [12.518862, 55.764756], [12.518732, 55.764382], [12.51871, 55.764131], [12.518735, 55.763878], [12.518861, 55.763515], [12.518999, 55.763268], [12.519186, 55.763047], [12.519421, 55.762824], [12.519691, 55.762628], [12.519993, 55.762448], [12.521613, 55.761665]]}, "properties": {"shape_id": "5377", "route_id": "24488_2", "route_short_name": "910", "agency_id": "316"}}, {"type": "Feature", "geometry": {"type": "LineString", "coordinates": [[12.310865, 55.926925], [12.30947, 55.92316], [12.309605, 55.921358], [12.310623, 55.919029], [12.313765, 55.912705], [12.315235, 55.910229], [12.314379, 55.911079], [12.313794, 55.90891], [12.312674, 55.907043], [12.311469, 55.905862], [12.309817, 55.904692], [12.30786, 55.903711], [12.304208, 55.902353], [12.279255, 55.893409], [12.274604, 55.891753], [12.271621, 55.890718], [12.26884, 55.889992], [12.266118, 55.889587], [12.262661, 55.889373], [12.21648, 55.886913], [12.213847, 55.886802], [12.208771, 55.886736], [12.20408, 55.886688], [12.202404, 55.88674], [12.200809, 55.886791], [12.197002, 55.887375], [12.193911, 55.88831], [12.191785, 55.8893], [12.189757, 55.89071], [12.187855, 55.892872], [12.187215, 55.894435], [12.186599, 55.896483], [12.185688, 55.898448], [12.184492, 55.899855], [12.182852, 55.901129], [12.180181, 55.902519], [12.177271, 55.90353], [12.174106, 55.904349], [12.171814, 55.904695], [12.154314, 55.906763], [12.149181, 55.907416], [12.121455, 55.910919], [12.118162, 55.91138], [12.114495, 55.912156], [12.111306, 55.9131], [12.106138, 55.914732], [12.103476, 55.915473], [12.102089, 55.915751], [12.100529, 55.91606], [12.091584, 55.917705], [12.088098, 55.918359], [12.085335, 55.919049], [12.076499, 55.922084], [12.073484, 55.92304], [12.073059, 55.923132], [12.071284, 55.923553], [12.069008, 55.923934], [12.066256, 55.924362], [12.063451, 55.924926], [12.060771, 55.925865], [12.0569, 55.927346], [12.054177, 55.928546], [12.052119, 55.930071], [12.047221, 55.934382], [12.045201, 55.936185], [12.043929, 55.93814], [12.042714, 55.940211], [12.040633, 55.941871], [12.034586, 55.946264], [12.023518, 55.954294], [12.021725, 55.955759], [12.020284, 55.957628], [12.019654, 55.959414], [12.019985, 55.960988], [12.020319, 55.962796], [12.019986, 55.965321], [12.019616, 55.967146], [12.019339, 55.968124], [12.01915, 55.968785], [12.016899, 55.970341], [12.012305, 55.970633], [12.008917, 55.970761], [12.006569, 55.971277], [12.00454, 55.972405], [12.001351, 55.974901], [11.983211, 55.989159], [11.981173, 55.990601], [11.977797, 55.991744], [11.973782, 55.991886], [11.971504, 55.991455], [11.970414, 55.991257], [11.94205, 55.98524], [11.933951, 55.983528], [11.930635, 55.982735], [11.926688, 55.981426], [11.91338, 55.976735], [11.900469, 55.972176], [11.897998, 55.971281], [11.880015, 55.964197], [11.877892, 55.96324], [11.875442, 55.961751], [11.873073, 55.960269], [11.869376, 55.957964], [11.866785, 55.956937], [11.864127, 55.956531], [11.8608, 55.956824], [11.857686, 55.95785], [11.854949, 55.959405], [11.853432, 55.961004], [11.852752, 55.963304], [11.852611, 55.963567], [11.851865, 55.964969], [11.849079, 55.966094], [11.846269, 55.965809]]}, "properties": {"shape_id": "5384", "route_id": "24489_2", "route_short_name": "920R", "agency_id": "316"}}, {"type": "Feature", "geometry": {"type": "LineString", "coordinates": [[11.852611, 55.963567], [11.852752, 55.963304], [11.853432, 55.961004], [11.854949, 55.959405], [11.857686, 55.95785], [11.8608, 55.956824], [11.864127, 55.956531], [11.866785, 55.956937], [11.869376, 55.957964], [11.873073, 55.960269], [11.875442, 55.961751], [11.877892, 55.96324], [11.880015, 55.964197], [11.897998, 55.971281], [11.900469, 55.972176], [11.91338, 55.976735], [11.926688, 55.981426], [11.930635, 55.982735], [11.933951, 55.983528], [11.94205, 55.98524], [11.970414, 55.991257], [11.971504, 55.991455], [11.973782, 55.991886], [11.977797, 55.991744], [11.981173, 55.990601], [11.983211, 55.989159], [12.001351, 55.974901], [12.00454, 55.972405], [12.006569, 55.971277], [12.008917, 55.970761], [12.012305, 55.970633], [12.016899, 55.970341], [12.01915, 55.968785], [12.019339, 55.968124], [12.019616, 55.967146], [12.019986, 55.965321], [12.020319, 55.962796], [12.019985, 55.960988], [12.019654, 55.959414], [12.020284, 55.957628], [12.021725, 55.955759], [12.023518, 55.954294], [12.034586, 55.946264], [12.040633, 55.941871], [12.042714, 55.940211], [12.043929, 55.93814], [12.045201, 55.936185], [12.047221, 55.934382], [12.052119, 55.930071], [12.054177, 55.928546], [12.0569, 55.927346], [12.060771, 55.925865], [12.063451, 55.924926], [12.066256, 55.924362], [12.069008, 55.923934], [12.071284, 55.923553], [12.073059, 55.923132], [12.073484, 55.92304], [12.076499, 55.922084], [12.085335, 55.919049], [12.088098, 55.918359], [12.091584, 55.917705], [12.100529, 55.91606], [12.102089, 55.915751], [12.103476, 55.915473], [12.106138, 55.914732], [12.111306, 55.9131], [12.114495, 55.912156], [12.118162, 55.91138], [12.121455, 55.910919], [12.149181, 55.907416], [12.154314, 55.906763], [12.171814, 55.904695], [12.174106, 55.904349], [12.177271, 55.90353], [12.180181, 55.902519], [12.182852, 55.901129], [12.184492, 55.899855], [12.185688, 55.898448], [12.186599, 55.896483], [12.187215, 55.894435], [12.187855, 55.892872], [12.189757, 55.89071], [12.191785, 55.8893], [12.193911, 55.88831], [12.197002, 55.887375], [12.200809, 55.886791], [12.202404, 55.88674], [12.20408, 55.886688], [12.208771, 55.886736], [12.213847, 55.886802], [12.21648, 55.886913], [12.262661, 55.889373], [12.266118, 55.889587], [12.26884, 55.889992], [12.271621, 55.890718], [12.274604, 55.891753], [12.279255, 55.893409], [12.304208, 55.902353], [12.30786, 55.903711], [12.309817, 55.904692], [12.311469, 55.905862], [12.312674, 55.907043], [12.313794, 55.90891], [12.314379, 55.911079], [12.315235, 55.910229], [12.313765, 55.912705], [12.310623, 55.919029], [12.309605, 55.921358], [12.30947, 55.92316], [12.310865, 55.926925]]}, "properties": {"shape_id": "5382", "route_id": "24489_2", "route_short_name": "920R", "agency_id": "316"}}, {"type": "Feature", "geometry": {"type": "LineString", "coordinates": [[12.22643, 55.350062], [12.227551, 55.352208], [12.228155, 55.353424], [12.228713, 55.354659], [12.231076, 55.355567], [12.234805, 55.356008], [12.238478, 55.355767], [12.279963, 55.352475], [12.313058, 55.349864], [12.315309, 55.349614], [12.318089, 55.34908], [12.320249, 55.348491], [12.322345, 55.347705], [12.324225, 55.3468], [12.325539, 55.346099], [12.339568, 55.338631], [12.342353, 55.337053], [12.351974, 55.331062], [12.355419, 55.329088], [12.381822, 55.314108], [12.384899, 55.312116], [12.385755, 55.310312], [12.385714, 55.309279], [12.384956, 55.296694], [12.384801, 55.295251], [12.380187, 55.272684], [12.379893, 55.271083], [12.380049, 55.269029], [12.38104, 55.266789], [12.382404, 55.264315], [12.381658, 55.262393], [12.379312, 55.261092], [12.376924, 55.259854], [12.3762, 55.259119]]}, "properties": {"shape_id": "5490", "route_id": "24600_2", "route_short_name": "210R", "agency_id": "316"}}, {"type": "Feature", "geometry": {"type": "LineString", "coordinates": [[11.500227, 55.533936], [11.508348, 55.533788], [11.512088, 55.533792], [11.516737, 55.533858], [11.520231, 55.533733], [11.522696, 55.533367], [11.531931, 55.531801], [11.535007, 55.531333], [11.537692, 55.531188], [11.540443, 55.531337], [11.543261, 55.531782], [11.546616, 55.532441], [11.547132, 55.532574], [11.549273, 55.533095], [11.551442, 55.533787], [11.553946, 55.534769], [11.556275, 55.535718], [11.558727, 55.536629], [11.561628, 55.537359], [11.56776, 55.538309], [11.570255, 55.538643], [11.5739, 55.538873], [11.581297, 55.539265], [11.584126, 55.539376], [11.586705, 55.539313], [11.59121, 55.539119], [11.59687, 55.538891], [11.599969, 55.539005], [11.603744, 55.539527], [11.613425, 55.541128], [11.61657, 55.541465], [11.620263, 55.541449], [11.641285, 55.540988], [11.644677, 55.540987], [11.64856, 55.541442], [11.651537, 55.542097], [11.652306, 55.542215], [11.655029, 55.542642], [11.657595, 55.542838], [11.681323, 55.544163], [11.683978, 55.544267], [11.685186, 55.544312], [11.705618, 55.544717], [11.708748, 55.544809], [11.711364, 55.545039], [11.714513, 55.545643], [11.71814, 55.546507], [11.729604, 55.549263], [11.732547, 55.550088], [11.734945, 55.55105], [11.736904, 55.552085], [11.744788, 55.557122], [11.746998, 55.558574], [11.74955, 55.560368], [11.759882, 55.567687], [11.762543, 55.569659], [11.764341, 55.571776], [11.764995, 55.573397], [11.765141, 55.573897], [11.77023, 55.592075], [11.770912, 55.593642], [11.772628, 55.595698], [11.774284, 55.597341], [11.775232, 55.598623], [11.775863, 55.600137], [11.777483, 55.607562], [11.777477, 55.607921], [11.777439, 55.608282], [11.777287, 55.608825], [11.777121, 55.609179], [11.776923, 55.609525], [11.776572, 55.609946], [11.77629, 55.610223], [11.775793, 55.610602], [11.773067, 55.612039]]}, "properties": {"shape_id": "5500", "route_id": "24601_2", "route_short_name": "410", "agency_id": "316"}}, {"type": "Feature", "geometry": {"type": "LineString", "coordinates": [[12.310865, 55.926925], [12.311117, 55.927629], [12.311778, 55.929184], [12.312556, 55.931546], [12.313099, 55.933023], [12.313857, 55.934774], [12.313933, 55.935285], [12.313896, 55.935789], [12.313747, 55.936297], [12.31316, 55.937679], [12.312489, 55.93901], [12.311508, 55.941212], [12.311364, 55.941782], [12.311291, 55.942054], [12.31058, 55.945921], [12.309414, 55.952336], [12.309229, 55.954678], [12.309875, 55.961485], [12.310513, 55.964264], [12.313273, 55.967678], [12.314514, 55.969065], [12.315941, 55.970753], [12.316718, 55.972341], [12.316655, 55.973655], [12.315441, 55.97634], [12.314348, 55.97761], [12.309502, 55.981517], [12.30655, 55.983934], [12.305084, 55.985169], [12.303234, 55.986612], [12.301864, 55.987467], [12.300661, 55.988218], [12.289278, 55.995077], [12.286842, 55.996607], [12.28611, 55.997625], [12.283536, 56.001128], [12.282113, 56.002892], [12.280237, 56.004416], [12.277934, 56.005646], [12.275878, 56.006375], [12.273491, 56.006996], [12.262581, 56.009677], [12.249718, 56.012813], [12.208912, 56.022171], [12.205909, 56.022933], [12.20554, 56.023131], [12.204235, 56.023848], [12.20314, 56.02536], [12.202098, 56.026727], [12.199675, 56.028102], [12.195781, 56.029354], [12.192545, 56.030804], [12.189527, 56.03295], [12.188356, 56.033933], [12.187134, 56.035089], [12.183964, 56.038128], [12.18284, 56.03929], [12.180241, 56.042054], [12.178815, 56.043467], [12.173009, 56.049037], [12.170981, 56.050752], [12.168702, 56.052142], [12.156441, 56.059181], [12.154344, 56.060259], [12.151779, 56.060918], [12.147835, 56.061423], [12.139957, 56.062352], [12.136307, 56.062526], [12.135971, 56.062544], [12.133045, 56.06233], [12.130765, 56.061948], [12.120458, 56.059881], [12.117956, 56.059539], [12.117118, 56.059507], [12.114942, 56.059418], [12.111527, 56.059513], [12.097696, 56.059942], [12.093368, 56.060078], [12.089694, 56.060143], [12.086046, 56.059938], [12.080975, 56.059615], [12.078325, 56.05942], [12.07768, 56.059391]]}, "properties": {"shape_id": "5422", "route_id": "24493_2", "route_short_name": "960R", "agency_id": "316"}}, {"type": "Feature", "geometry": {"type": "LineString", "coordinates": [[12.07768, 56.059391], [12.078325, 56.05942], [12.080975, 56.059615], [12.086046, 56.059938], [12.089694, 56.060143], [12.093368, 56.060078], [12.097696, 56.059942], [12.111527, 56.059513], [12.114942, 56.059418], [12.117118, 56.059507], [12.117956, 56.059539], [12.120458, 56.059881], [12.130765, 56.061948], [12.133045, 56.06233], [12.135971, 56.062544], [12.136307, 56.062526], [12.139957, 56.062352], [12.147835, 56.061423], [12.151779, 56.060918], [12.154344, 56.060259], [12.156441, 56.059181], [12.162518, 56.05569], [12.168702, 56.052142], [12.170981, 56.050752], [12.173009, 56.049037], [12.178815, 56.043467], [12.180241, 56.042054], [12.18284, 56.03929], [12.183964, 56.038128], [12.187134, 56.035089], [12.188356, 56.033933], [12.189527, 56.03295], [12.192545, 56.030804], [12.195781, 56.029354], [12.199675, 56.028102], [12.202098, 56.026727], [12.20314, 56.02536], [12.204235, 56.023848], [12.20554, 56.023131], [12.205909, 56.022933], [12.208912, 56.022171], [12.249718, 56.012813], [12.262581, 56.009677], [12.273491, 56.006996], [12.275878, 56.006375], [12.277934, 56.005646], [12.280237, 56.004416], [12.282113, 56.002892], [12.283536, 56.001128], [12.28611, 55.997625], [12.286842, 55.996607], [12.289278, 55.995077], [12.300661, 55.988218], [12.303234, 55.986612], [12.305084, 55.985169], [12.30655, 55.983934], [12.309502, 55.981517], [12.314348, 55.97761], [12.315441, 55.97634], [12.316655, 55.973655], [12.316718, 55.972341], [12.315941, 55.970753], [12.314514, 55.969065], [12.313273, 55.967678], [12.310513, 55.964264], [12.309875, 55.961485], [12.309229, 55.954678], [12.309414, 55.952336], [12.31058, 55.945921], [12.311291, 55.942054], [12.311364, 55.941782], [12.311508, 55.941212], [12.312489, 55.93901], [12.31316, 55.937679], [12.313747, 55.936297], [12.313896, 55.935789], [12.313933, 55.935285], [12.313857, 55.934774], [12.313099, 55.933023], [12.312556, 55.931546], [12.311778, 55.929184], [12.311117, 55.927629], [12.310865, 55.926925]]}, "properties": {"shape_id": "5430", "route_id": "24493_2", "route_short_name": "960R", "agency_id": "316"}}, {"type": "Feature", "geometry": {"type": "LineString", "coordinates": [[12.310865, 55.926925], [12.311117, 55.927629], [12.311778, 55.929184], [12.312556, 55.931546], [12.313099, 55.933023], [12.313857, 55.934774], [12.313933, 55.935285], [12.313896, 55.935789], [12.313813, 55.936133], [12.313665, 55.936461], [12.313324, 55.93772], [12.313325, 55.938295], [12.313406, 55.938679], [12.313534, 55.939054], [12.313694, 55.939427], [12.314044, 55.939966], [12.314346, 55.940308], [12.314679, 55.940641], [12.315059, 55.940963], [12.315705, 55.941404], [12.316193, 55.941679], [12.316712, 55.941935], [12.317244, 55.942163], [12.317823, 55.942372], [12.329559, 55.944717], [12.342902, 55.947295], [12.359885, 55.950609], [12.369586, 55.953086], [12.372502, 55.953995], [12.37819, 55.956006], [12.382069, 55.957482], [12.384441, 55.958774], [12.38582, 55.959878], [12.389961, 55.964161], [12.393119, 55.967634], [12.393398, 55.967896], [12.39504, 55.969433], [12.400096, 55.974616], [12.401629, 55.975635], [12.403765, 55.976412], [12.406644, 55.977052], [12.40697, 55.977115], [12.40992, 55.977653], [12.426531, 55.980897], [12.429114, 55.981274], [12.43165, 55.981473], [12.434573, 55.981527], [12.448349, 55.981169], [12.451148, 55.981261], [12.451663, 55.981283], [12.454722, 55.981593], [12.459193, 55.982276], [12.464686, 55.983084], [12.470143, 55.983667], [12.479901, 55.984633], [12.492548, 55.985974], [12.496754, 55.987078], [12.49913, 55.98817], [12.502126, 55.990081], [12.502708, 55.990478], [12.508193, 55.994179], [12.509778, 55.995213], [12.511805, 55.996333], [12.514625, 55.997529], [12.517682, 55.998503], [12.532421, 56.002127], [12.553085, 56.007153], [12.559199, 56.00837], [12.562399, 56.008781], [12.566332, 56.008973], [12.569997, 56.008858], [12.574222, 56.008205], [12.578878, 56.008573], [12.581543, 56.008927], [12.583812, 56.009338], [12.584595, 56.009477], [12.589309, 56.010463], [12.592279, 56.01133], [12.594296, 56.012314], [12.596063, 56.01371], [12.599617, 56.017913], [12.600908, 56.019539], [12.60174, 56.021232], [12.602036, 56.022509], [12.602646, 56.024578], [12.603972, 56.026571], [12.605953, 56.028356], [12.608296, 56.03023], [12.610852, 56.031638], [12.614122, 56.033629]]}, "properties": {"shape_id": "5387", "route_id": "24490_2", "route_short_name": "930R", "agency_id": "316"}}, {"type": "Feature", "geometry": {"type": "LineString", "coordinates": [[12.310865, 55.926925], [12.311117, 55.927629], [12.311778, 55.929184], [12.312556, 55.931546], [12.313099, 55.933023], [12.313857, 55.934774], [12.313933, 55.935285], [12.313896, 55.935789], [12.313747, 55.936297], [12.31316, 55.937679], [12.312489, 55.93901], [12.311508, 55.941212], [12.311364, 55.941782], [12.311291, 55.942054], [12.31058, 55.945921], [12.309414, 55.952336], [12.309229, 55.954678], [12.309875, 55.961485], [12.310513, 55.964264], [12.313273, 55.967678], [12.314514, 55.969065], [12.315941, 55.970753], [12.316718, 55.972341], [12.316655, 55.973655], [12.315441, 55.97634], [12.314348, 55.97761], [12.309502, 55.981517], [12.30655, 55.983934], [12.305084, 55.985169], [12.303234, 55.986612], [12.301864, 55.987467], [12.300661, 55.988218], [12.289278, 55.995077], [12.286842, 55.996607], [12.28611, 55.997625], [12.283536, 56.001128], [12.282113, 56.002892], [12.280237, 56.004416], [12.277934, 56.005646], [12.275878, 56.006375], [12.273491, 56.006996], [12.262581, 56.009677], [12.249718, 56.012813], [12.208912, 56.022171], [12.205909, 56.022933], [12.20554, 56.023131], [12.204235, 56.023848], [12.20314, 56.02536], [12.202098, 56.026727], [12.199675, 56.028102], [12.195781, 56.029354], [12.192545, 56.030804], [12.189527, 56.03295], [12.188356, 56.033933], [12.187134, 56.035089], [12.183964, 56.038128], [12.18284, 56.03929], [12.180241, 56.042054], [12.178815, 56.043467], [12.173009, 56.049037], [12.170981, 56.050752], [12.168702, 56.052142], [12.162518, 56.05569], [12.156441, 56.059181], [12.154344, 56.060259], [12.151779, 56.060918], [12.147835, 56.061423], [12.139957, 56.062352], [12.136307, 56.062526], [12.135971, 56.062544], [12.133045, 56.06233], [12.130765, 56.061948], [12.120458, 56.059881], [12.117956, 56.059539], [12.117118, 56.059507], [12.114942, 56.059418], [12.111527, 56.059513], [12.097696, 56.059942], [12.093368, 56.060078], [12.089694, 56.060143], [12.086046, 56.059938], [12.080975, 56.059615], [12.078325, 56.05942], [12.07768, 56.059391]]}, "properties": {"shape_id": "5421", "route_id": "24493_2", "route_short_name": "960R", "agency_id": "316"}}, {"type": "Feature", "geometry": {"type": "LineString", "coordinates": [[12.614122, 56.033629], [12.615161, 56.034264], [12.616161, 56.036033], [12.614982, 56.037155], [12.613052, 56.038507], [12.611273, 56.040096], [12.610842, 56.040289], [12.607927, 56.041588], [12.605564, 56.042943], [12.602303, 56.04329], [12.601555, 56.043366], [12.599202, 56.043794], [12.596196, 56.0455], [12.594172, 56.047232], [12.593651, 56.04767], [12.592009, 56.049534], [12.589565, 56.050891], [12.586886, 56.052327], [12.584465, 56.053764], [12.581929, 56.054665], [12.579448, 56.055285], [12.576682, 56.056301], [12.563791, 56.061655], [12.560206, 56.063206], [12.557677, 56.064538], [12.553897, 56.066607], [12.54859, 56.069547], [12.546682, 56.070645], [12.543277, 56.072955], [12.541503, 56.074112], [12.538573, 56.074942], [12.538384, 56.074993], [12.533814, 56.075295], [12.531574, 56.075584], [12.529348, 56.076214], [12.526719, 56.077521], [12.5241, 56.078953], [12.521064, 56.079688], [12.517621, 56.07966], [12.515501, 56.079154], [12.512811, 56.078215], [12.508295, 56.076644], [12.505745, 56.076006], [12.503009, 56.075796], [12.495382, 56.076264], [12.484713, 56.077034], [12.481477, 56.07735], [12.478094, 56.078344], [12.474906, 56.079891], [12.468306, 56.083206], [12.466622, 56.084323], [12.465328, 56.086023], [12.464199, 56.087781], [12.462358, 56.088767], [12.459399, 56.089129], [12.459256, 56.089142], [12.454401, 56.08899], [12.451257, 56.088719], [12.448097, 56.088627], [12.444287, 56.089004], [12.435157, 56.089959], [12.432645, 56.090281], [12.430218, 56.090834], [12.426931, 56.091861], [12.423367, 56.092652], [12.418768, 56.093571], [12.415326, 56.094107], [12.401405, 56.09602], [12.398098, 56.096461], [12.393815, 56.096957], [12.386935, 56.097739], [12.386138, 56.097824], [12.382454, 56.098177], [12.379025, 56.098325], [12.376178, 56.098331], [12.355873, 56.098265], [12.34284, 56.098223], [12.339526, 56.098582], [12.336533, 56.099509], [12.329914, 56.102205], [12.328118, 56.103017], [12.326029, 56.104341], [12.323932, 56.10634], [12.318668, 56.11228], [12.310689, 56.121287], [12.309405, 56.122455], [12.306891, 56.123538], [12.302993, 56.123876], [12.30263, 56.123778]]}, "properties": {"shape_id": "5405", "route_id": "24491_2", "route_short_name": "940R", "agency_id": "316"}}, {"type": "Feature", "geometry": {"type": "LineString", "coordinates": [[11.672665, 55.921375], [11.671608, 55.920903], [11.669145, 55.920238], [11.66573, 55.919934], [11.662091, 55.920309], [11.659713, 55.920882], [11.65529, 55.921984], [11.652442, 55.922477], [11.649811, 55.922624], [11.647563, 55.922519], [11.644294, 55.922014], [11.641297, 55.921485], [11.637206, 55.921115], [11.632541, 55.920783], [11.628148, 55.920445], [11.625287, 55.920039], [11.622261, 55.919313], [11.619432, 55.91842], [11.61695, 55.917466], [11.61388, 55.916084], [11.609815, 55.914184], [11.606802, 55.912693], [11.603873, 55.910777], [11.601552, 55.909101], [11.600517, 55.907738], [11.600411, 55.906401], [11.600983, 55.905149], [11.60223, 55.903927], [11.603603, 55.902208], [11.603923, 55.900547], [11.603597, 55.898298], [11.602657, 55.892637], [11.60244, 55.890583], [11.602965, 55.888397], [11.604223, 55.886168], [11.605329, 55.884536], [11.606557, 55.883045], [11.607951, 55.881415], [11.60939, 55.879983], [11.61128, 55.878612], [11.613635, 55.877007], [11.614914, 55.875578], [11.615434, 55.873805], [11.614734, 55.871707], [11.613199, 55.870041], [11.611451, 55.868766], [11.608599, 55.86773], [11.605721, 55.867243], [11.602979, 55.866626], [11.600548, 55.865662], [11.598507, 55.864771], [11.59612, 55.8635], [11.588555, 55.858859], [11.58592, 55.857216], [11.584113, 55.855501], [11.583063, 55.853887], [11.582126, 55.85254], [11.58197, 55.852355], [11.580683, 55.850782], [11.57857, 55.848543], [11.573959, 55.843813], [11.572463, 55.842451], [11.570617, 55.841097], [11.567015, 55.838565], [11.565062, 55.837042], [11.563988, 55.835536], [11.56374, 55.834193], [11.563805, 55.832268], [11.56337, 55.831001], [11.561802, 55.829488], [11.559551, 55.828285], [11.553811, 55.825744], [11.551916, 55.824597], [11.550783, 55.823389], [11.550177, 55.821694], [11.550415, 55.820214], [11.551279, 55.818785], [11.556665, 55.810593], [11.557379, 55.808582], [11.556799, 55.806554], [11.555356, 55.804993], [11.553253, 55.803823], [11.551055, 55.802916], [11.550546, 55.802702], [11.547821, 55.802031], [11.544461, 55.801651], [11.541425, 55.801588], [11.535963, 55.802015], [11.530678, 55.802466], [11.5264, 55.803174], [11.519496, 55.804511], [11.516176, 55.805235], [11.508593, 55.807188], [11.504478, 55.808225], [11.501805, 55.808603], [11.500208, 55.80859], [11.499361, 55.80858], [11.497106, 55.808249], [11.494525, 55.807573], [11.489166, 55.806136], [11.48692, 55.805462], [11.484879, 55.80473], [11.482884, 55.80398], [11.480388, 55.802871], [11.478511, 55.801461], [11.477515, 55.800106], [11.470964, 55.790144], [11.470183, 55.788893], [11.469756, 55.787939], [11.469329, 55.786995], [11.468852, 55.785252], [11.464074, 55.764405], [11.463433, 55.762584], [11.462272, 55.760864], [11.460768, 55.759249], [11.457289, 55.755643], [11.456527, 55.754417], [11.456343, 55.752767], [11.45647, 55.752504], [11.457417, 55.750589], [11.45921, 55.749196], [11.463327, 55.747261], [11.465649, 55.745165], [11.466499, 55.742973], [11.466387, 55.741456], [11.46575, 55.740202], [11.464297, 55.738883], [11.460803, 55.736526], [11.459467, 55.73453], [11.458764, 55.731965], [11.458208, 55.72972], [11.458204, 55.728381], [11.458759, 55.727084], [11.459924, 55.725847], [11.462041, 55.724574], [11.464478, 55.723815], [11.46718, 55.723473], [11.467607, 55.723419], [11.471111, 55.723439], [11.474044, 55.723973], [11.477381, 55.72511], [11.480825, 55.726182], [11.483945, 55.726901], [11.486552, 55.727324], [11.489791, 55.727663], [11.49286, 55.727835], [11.513196, 55.728777], [11.516755, 55.728875], [11.546841, 55.729576], [11.55469, 55.729755], [11.55748, 55.729796], [11.560376, 55.729744], [11.612108, 55.728241], [11.61508, 55.728151], [11.620674, 55.727951], [11.624056, 55.727555], [11.626498, 55.726927], [11.628471, 55.726184], [11.630739, 55.725093], [11.642157, 55.7194], [11.645179, 55.717942], [11.647698, 55.717034], [11.658378, 55.71345], [11.659142, 55.713218], [11.659925, 55.713021], [11.661134, 55.712761], [11.662362, 55.712564], [11.663864, 55.712405], [11.668083, 55.71217], [11.670215, 55.71215], [11.672371, 55.712247], [11.674675, 55.712628], [11.679099, 55.71353], [11.687841, 55.715388], [11.692478, 55.716365], [11.69598, 55.717034], [11.696736, 55.717153], [11.697507, 55.717244], [11.698276, 55.717308], [11.699457, 55.717345], [11.700617, 55.717319], [11.70179, 55.717239], [11.702926, 55.717088], [11.704043, 55.716884], [11.704764, 55.716715], [11.705466, 55.716511], [11.70818, 55.715462]]}, "properties": {"shape_id": "5503", "route_id": "24602_2", "route_short_name": "510R", "agency_id": "316"}}, {"type": "Feature", "geometry": {"type": "LineString", "coordinates": [[12.521613, 55.761665], [12.519993, 55.762448], [12.519691, 55.762628], [12.519421, 55.762824], [12.519186, 55.763047], [12.518999, 55.763268], [12.518861, 55.763515], [12.518735, 55.763878], [12.51871, 55.764131], [12.518732, 55.764382], [12.518862, 55.764756], [12.519198, 55.765303], [12.519323, 55.765624], [12.519446, 55.766106], [12.51946, 55.766438], [12.519338, 55.766855], [12.519187, 55.76712], [12.518886, 55.767506], [12.518488, 55.767868], [12.518173, 55.768084], [12.517824, 55.768283], [12.517225, 55.768543], [12.514517, 55.769816], [12.512396, 55.771055], [12.510222, 55.772601], [12.508453, 55.773506], [12.50549, 55.773914], [12.504655, 55.774028], [12.502418, 55.774694], [12.501015, 55.776478], [12.501238, 55.778612], [12.500439, 55.78019], [12.498653, 55.781446], [12.497233, 55.783051], [12.497261, 55.784435], [12.49727, 55.784704], [12.498356, 55.786139], [12.501135, 55.788299], [12.501877, 55.789635], [12.50199, 55.791601], [12.500945, 55.793825], [12.500825, 55.794089], [12.500635, 55.796063], [12.501883, 55.7977], [12.503815, 55.798589], [12.50606, 55.799065], [12.508948, 55.799585], [12.511739, 55.800089], [12.514426, 55.800678], [12.517648, 55.80153], [12.519814, 55.802178], [12.520175, 55.802284], [12.522528, 55.803422], [12.524272, 55.804523], [12.525538, 55.805988], [12.526009, 55.807314], [12.526592, 55.808817], [12.527609, 55.809993], [12.528822, 55.811226], [12.52891, 55.812545], [12.528187, 55.813905]]}, "properties": {"shape_id": "5379", "route_id": "24488_2", "route_short_name": "910", "agency_id": "316"}}, {"type": "Feature", "geometry": {"type": "LineString", "coordinates": [[12.310865, 55.926925], [12.311117, 55.927629], [12.311778, 55.929184], [12.312556, 55.931546], [12.313099, 55.933023], [12.313857, 55.934774], [12.313933, 55.935285], [12.313896, 55.935789], [12.313747, 55.936297], [12.31316, 55.937679], [12.312489, 55.93901], [12.311508, 55.941212], [12.311364, 55.941782], [12.311291, 55.942054], [12.31058, 55.945921], [12.309414, 55.952336], [12.309229, 55.954678], [12.309875, 55.961485], [12.310513, 55.964264], [12.313273, 55.967678], [12.314514, 55.969065], [12.315941, 55.970753], [12.316718, 55.972341], [12.316655, 55.973655], [12.315441, 55.97634], [12.314348, 55.97761], [12.309502, 55.981517], [12.30655, 55.983934], [12.305084, 55.985169], [12.303234, 55.986612], [12.300661, 55.988218], [12.289278, 55.995077], [12.286842, 55.996607], [12.28611, 55.997625], [12.283536, 56.001128], [12.282113, 56.002892], [12.280237, 56.004416], [12.277934, 56.005646], [12.275878, 56.006375], [12.273491, 56.006996], [12.262581, 56.009677], [12.249718, 56.012813], [12.208912, 56.022171], [12.205909, 56.022933], [12.20554, 56.023131], [12.204235, 56.023848], [12.20314, 56.02536], [12.202098, 56.026727], [12.199675, 56.028102], [12.195781, 56.029354], [12.192545, 56.030804], [12.189527, 56.03295], [12.188356, 56.033933], [12.187134, 56.035089], [12.183964, 56.038128], [12.18284, 56.03929], [12.180241, 56.042054], [12.178815, 56.043467], [12.173009, 56.049037], [12.170981, 56.050752], [12.168702, 56.052142], [12.156441, 56.059181], [12.154344, 56.060259], [12.151779, 56.060918], [12.147835, 56.061423], [12.139957, 56.062352], [12.136307, 56.062526], [12.135971, 56.062544], [12.133045, 56.06233], [12.130765, 56.061948], [12.120458, 56.059881], [12.117956, 56.059539], [12.117118, 56.059507], [12.114942, 56.059418], [12.111527, 56.059513], [12.097696, 56.059942], [12.093368, 56.060078], [12.089694, 56.060143], [12.086046, 56.059938], [12.080975, 56.059615], [12.078325, 56.05942], [12.07768, 56.059391]]}, "properties": {"shape_id": "5423", "route_id": "24493_2", "route_short_name": "960R", "agency_id": "316"}}, {"type": "Feature", "geometry": {"type": "LineString", "coordinates": [[12.07768, 56.059391], [12.078325, 56.05942], [12.080975, 56.059615], [12.086046, 56.059938], [12.089694, 56.060143], [12.093368, 56.060078], [12.097696, 56.059942], [12.111527, 56.059513], [12.114942, 56.059418], [12.117118, 56.059507], [12.117956, 56.059539], [12.120458, 56.059881], [12.130765, 56.061948], [12.133045, 56.06233], [12.135971, 56.062544], [12.136307, 56.062526], [12.139957, 56.062352], [12.147835, 56.061423], [12.151779, 56.060918], [12.154344, 56.060259], [12.156441, 56.059181], [12.162518, 56.05569], [12.168702, 56.052142], [12.170981, 56.050752], [12.173009, 56.049037], [12.178815, 56.043467], [12.180241, 56.042054], [12.18284, 56.03929], [12.183964, 56.038128], [12.187134, 56.035089], [12.188356, 56.033933], [12.189527, 56.03295], [12.192545, 56.030804], [12.195781, 56.029354], [12.199675, 56.028102], [12.202098, 56.026727], [12.20314, 56.02536], [12.204235, 56.023848], [12.20554, 56.023131], [12.205909, 56.022933], [12.208912, 56.022171], [12.249718, 56.012813], [12.262581, 56.009677], [12.273491, 56.006996], [12.275878, 56.006375], [12.277934, 56.005646], [12.280237, 56.004416], [12.282113, 56.002892], [12.283536, 56.001128], [12.28611, 55.997625], [12.286842, 55.996607], [12.289278, 55.995077], [12.300661, 55.988218], [12.301864, 55.987467], [12.303234, 55.986612], [12.305084, 55.985169], [12.30655, 55.983934], [12.309502, 55.981517], [12.314348, 55.97761], [12.315441, 55.97634], [12.316655, 55.973655], [12.316718, 55.972341], [12.315941, 55.970753], [12.314514, 55.969065], [12.313273, 55.967678], [12.310513, 55.964264], [12.309875, 55.961485], [12.309229, 55.954678], [12.309414, 55.952336], [12.31058, 55.945921], [12.311291, 55.942054], [12.311364, 55.941782], [12.311508, 55.941212], [12.312489, 55.93901], [12.31316, 55.937679], [12.313747, 55.936297], [12.313896, 55.935789], [12.313933, 55.935285], [12.313857, 55.934774], [12.313099, 55.933023], [12.312556, 55.931546], [12.311778, 55.929184], [12.311117, 55.927629], [12.310865, 55.926925]]}, "properties": {"shape_id": "5428", "route_id": "24493_2", "route_short_name": "960R", "agency_id": "316"}}, {"type": "Feature", "geometry": {"type": "LineString", "coordinates": [[12.162111, 55.216972], [12.159073, 55.220306], [12.157768, 55.221697], [12.156297, 55.222985], [12.15402, 55.224213], [12.151524, 55.225473], [12.149912, 55.226773], [12.147962, 55.229359], [12.145654, 55.232601], [12.144133, 55.234664], [12.143012, 55.235807], [12.141345, 55.237415], [12.139415, 55.239667], [12.137045, 55.242138], [12.135589, 55.244234], [12.135795, 55.245847], [12.137419, 55.247882], [12.139021, 55.249243], [12.140856, 55.250958], [12.141663, 55.25261], [12.141497, 55.254484], [12.140297, 55.256835], [12.138777, 55.259113], [12.13843, 55.261504], [12.138288, 55.263701], [12.138213, 55.265538], [12.138072, 55.277913], [12.138272, 55.280056], [12.140538, 55.282218], [12.142942, 55.283343], [12.154607, 55.288599], [12.195643, 55.306969], [12.201073, 55.309407], [12.203332, 55.310643], [12.205399, 55.312422], [12.206558, 55.314091], [12.214246, 55.327259], [12.219081, 55.33632], [12.22643, 55.350062], [12.22739, 55.351583], [12.186333, 55.457547]]}, "properties": {"shape_id": "5489", "route_id": "24599_2", "route_short_name": "110R", "agency_id": "316"}}, {"type": "Feature", "geometry": {"type": "LineString", "coordinates": [[12.30263, 56.123778], [12.30039, 56.123182], [12.297895, 56.122052], [12.296973, 56.120495], [12.297599, 56.118401], [12.298306, 56.116324], [12.301701, 56.10637], [12.302074, 56.105093], [12.30209, 56.103591], [12.301557, 56.101492], [12.301403, 56.101011], [12.299735, 56.095616], [12.298964, 56.093758], [12.29742, 56.091875], [12.286604, 56.080261], [12.285288, 56.078785], [12.284617, 56.077509], [12.284545, 56.076099], [12.285033, 56.074845], [12.286141, 56.073503], [12.286685, 56.072913], [12.295711, 56.063224], [12.296314, 56.062569], [12.297821, 56.061396], [12.300127, 56.060372], [12.303468, 56.059411], [12.321724, 56.054389], [12.323792, 56.053785], [12.325508, 56.052813], [12.326543, 56.051211], [12.327207, 56.049593], [12.326985, 56.047765], [12.326083, 56.046054], [12.325076, 56.044436], [12.323761, 56.042413], [12.322245, 56.040655], [12.317413, 56.035634], [12.315797, 56.033646], [12.315905, 56.032096], [12.317089, 56.030743], [12.317294, 56.030504], [12.322814, 56.024682], [12.324643, 56.022619], [12.325413, 56.020926], [12.325053, 56.018984], [12.323891, 56.016669], [12.322067, 56.014677], [12.319002, 56.013187], [12.314272, 56.011192], [12.311914, 56.010267], [12.309543, 56.009566], [12.290899, 56.004509], [12.290409, 56.004406], [12.289934, 56.004292], [12.289472, 56.004143], [12.28884, 56.00389], [12.288455, 56.003694], [12.288099, 56.003478], [12.287636, 56.003122], [12.287266, 56.002736], [12.287082, 56.002463], [12.28693, 56.002179], [12.286397, 56.000629], [12.285762, 55.998623], [12.285823, 55.998019], [12.28611, 55.997625], [12.286842, 55.996607], [12.289278, 55.995077], [12.300661, 55.988218], [12.303234, 55.986612], [12.305084, 55.985169], [12.30655, 55.983934], [12.309502, 55.981517], [12.314348, 55.97761], [12.315441, 55.97634], [12.316655, 55.973655], [12.316718, 55.972341], [12.315941, 55.970753], [12.314514, 55.969065], [12.313273, 55.967678], [12.310513, 55.964264], [12.309875, 55.961485], [12.309229, 55.954678], [12.309414, 55.952336], [12.31058, 55.945921], [12.311291, 55.942054], [12.311364, 55.941782], [12.311508, 55.941212], [12.312489, 55.93901], [12.31316, 55.937679], [12.313747, 55.936297], [12.313896, 55.935789], [12.313933, 55.935285], [12.313857, 55.934774], [12.313099, 55.933023], [12.312556, 55.931546], [12.311778, 55.929184], [12.311117, 55.927629], [12.310865, 55.926925]]}, "properties": {"shape_id": "5415", "route_id": "24492_2", "route_short_name": "950R", "agency_id": "316"}}, {"type": "Feature", "geometry": {"type": "Point", "coordinates": [11.348995, 55.407308]}, "properties": {"stop_id": "000008600605", "stop_name": "Slagelse St.", "route_short_names": ["410"]}}, {"type": "Feature", "geometry": {"type": "Point", "coordinates": [12.088547, 55.639089]}, "properties": {"stop_id": "000008600617", "stop_name": "Roskilde St.", "route_short_names": ["210R"]}}, {"type": "Feature", "geometry": {"type": "Point", "coordinates": [12.583883, 56.009237]}, "properties": {"stop_id": "000008600668", "stop_name": "Snekkersten St.", "route_short_names": ["930R"]}}, {"type": "Feature", "geometry": {"type": "Point", "coordinates": [12.614169, 56.033618]}, "properties": {"stop_id": "000008600669", "stop_name": "Helsing\u00f8r St.", "route_short_names": ["930R", "940R"]}}, {"type": "Feature", "geometry": {"type": "Point", "coordinates": [12.521561, 55.761621]}, "properties": {"stop_id": "000008600674", "stop_name": "J\u00e6gersborg St.", "route_short_names": ["910"]}}, {"type": "Feature", "geometry": {"type": "Point", "coordinates": [12.310928, 55.926923]}, "properties": {"stop_id": "000008600683", "stop_name": "Hiller\u00f8d St.", "route_short_names": ["920R", "930R", "950R", "960R"]}}, {"type": "Feature", "geometry": {"type": "Point", "coordinates": [12.392806, 55.968083]}, "properties": {"stop_id": "000008600684", "stop_name": "Kratbjerg St.", "route_short_names": ["930R"]}}, {"type": "Feature", "geometry": {"type": "Point", "coordinates": [12.406886, 55.977252]}, "properties": {"stop_id": "000008600685", "stop_name": "Fredensborg St.", "route_short_names": ["930R"]}}, {"type": "Feature", "geometry": {"type": "Point", "coordinates": [12.50297, 55.990363]}, "properties": {"stop_id": "000008600686", "stop_name": "Kvistg\u00e5rd St.", "route_short_names": ["930R"]}}, {"type": "Feature", "geometry": {"type": "Point", "coordinates": [12.315235, 55.910229]}, "properties": {"stop_id": "000008600700", "stop_name": "Favrholm St.", "route_short_names": ["920R"]}}, {"type": "Feature", "geometry": {"type": "Point", "coordinates": [11.772803, 55.611893]}, "properties": {"stop_id": "000008600717", "stop_name": "T\u00f8ll\u00f8se St.", "route_short_names": ["410"]}}, {"type": "Feature", "geometry": {"type": "Point", "coordinates": [11.708598, 55.71575]}, "properties": {"stop_id": "000008600719", "stop_name": "Holb\u00e6k St.", "route_short_names": ["510R"]}}, {"type": "Feature", "geometry": {"type": "Point", "coordinates": [12.369703, 55.952957]}, "properties": {"stop_id": "000008600777", "stop_name": "Gr\u00f8nholt St.", "route_short_names": ["930R"]}}, {"type": "Feature", "geometry": {"type": "Point", "coordinates": [12.451161, 55.981234]}, "properties": {"stop_id": "000008600778", "stop_name": "Langer\u00f8d St.", "route_short_names": ["930R"]}}, {"type": "Feature", "geometry": {"type": "Point", "coordinates": [12.532437, 56.002127]}, "properties": {"stop_id": "000008600779", "stop_name": "M\u00f8rdrup St.", "route_short_names": ["930R"]}}, {"type": "Feature", "geometry": {"type": "Point", "coordinates": [12.175762, 55.479751]}, "properties": {"stop_id": "000008600792", "stop_name": "\u00d8lby St.", "route_short_names": ["210R"]}}, {"type": "Feature", "geometry": {"type": "Point", "coordinates": [12.099488, 55.572761]}, "properties": {"stop_id": "000008600800", "stop_name": "Gadstrup St.", "route_short_names": ["210R"]}}, {"type": "Feature", "geometry": {"type": "Point", "coordinates": [12.117047, 55.543448]}, "properties": {"stop_id": "000008600801", "stop_name": "Havdrup St.", "route_short_names": ["210R"]}}, {"type": "Feature", "geometry": {"type": "Point", "coordinates": [12.140302, 55.511378]}, "properties": {"stop_id": "000008600802", "stop_name": "Lille Skensved St.", "route_short_names": ["210R"]}}, {"type": "Feature", "geometry": {"type": "Point", "coordinates": [12.186333, 55.457547]}, "properties": {"stop_id": "000008600803", "stop_name": "K\u00f8ge St.", "route_short_names": ["110R", "210R"]}}, {"type": "Feature", "geometry": {"type": "Point", "coordinates": [11.877373, 54.767084]}, "properties": {"stop_id": "000008600824", "stop_name": "Nyk\u00f8bing F St.", "route_short_names": ["710R"]}}, {"type": "Feature", "geometry": {"type": "Point", "coordinates": [12.190041, 55.423726]}, "properties": {"stop_id": "000008600901", "stop_name": "Eg\u00f8je St.", "route_short_names": ["210R"]}}, {"type": "Feature", "geometry": {"type": "Point", "coordinates": [12.191961, 55.400318]}, "properties": {"stop_id": "000008600902", "stop_name": "Vall\u00f8 St.", "route_short_names": ["210R"]}}, {"type": "Feature", "geometry": {"type": "Point", "coordinates": [12.202036, 55.379951]}, "properties": {"stop_id": "000008600903", "stop_name": "Grubberholm St.", "route_short_names": ["210R"]}}, {"type": "Feature", "geometry": {"type": "Point", "coordinates": [12.215788, 55.372343]}, "properties": {"stop_id": "000008600904", "stop_name": "Himling\u00f8je St.", "route_short_names": ["210R"]}}, {"type": "Feature", "geometry": {"type": "Point", "coordinates": [12.22739, 55.351583]}, "properties": {"stop_id": "000008600905", "stop_name": "H\u00e5rlev St.", "route_short_names": ["110R", "210R"]}}, {"type": "Feature", "geometry": {"type": "Point", "coordinates": [12.219206, 55.336308]}, "properties": {"stop_id": "000008600906", "stop_name": "Li.Linde St.", "route_short_names": ["110R"]}}, {"type": "Feature", "geometry": {"type": "Point", "coordinates": [12.279958, 55.352412]}, "properties": {"stop_id": "000008600907", "stop_name": "Varpelev St.", "route_short_names": ["210R"]}}, {"type": "Feature", "geometry": {"type": "Point", "coordinates": [12.162176, 55.216988]}, "properties": {"stop_id": "000008601013", "stop_name": "Faxe Ladeplads St.", "route_short_names": ["110R"]}}, {"type": "Feature", "geometry": {"type": "Point", "coordinates": [12.136948, 55.242104]}, "properties": {"stop_id": "000008601014", "stop_name": "Faxe Syd St.", "route_short_names": ["110R"]}}, {"type": "Feature", "geometry": {"type": "Point", "coordinates": [12.195734, 55.306922]}, "properties": {"stop_id": "000008601025", "stop_name": "Karise St.", "route_short_names": ["110R"]}}, {"type": "Feature", "geometry": {"type": "Point", "coordinates": [12.325622, 55.346151]}, "properties": {"stop_id": "000008601027", "stop_name": "Klippinge St.", "route_short_names": ["210R"]}}, {"type": "Feature", "geometry": {"type": "Point", "coordinates": [12.3762, 55.259119]}, "properties": {"stop_id": "000008601039", "stop_name": "R\u00f8dvig St.", "route_short_names": ["210R"]}}, {"type": "Feature", "geometry": {"type": "Point", "coordinates": [12.385809, 55.309286]}, "properties": {"stop_id": "000008601045", "stop_name": "St. Heddinge St.", "route_short_names": ["210R"]}}, {"type": "Feature", "geometry": {"type": "Point", "coordinates": [12.142884, 55.283399]}, "properties": {"stop_id": "000008601053", "stop_name": "Tokkerup St.", "route_short_names": ["110R"]}}, {"type": "Feature", "geometry": {"type": "Point", "coordinates": [12.262617, 56.009721]}, "properties": {"stop_id": "000008601401", "stop_name": "Duemose St.", "route_short_names": ["960R"]}}, {"type": "Feature", "geometry": {"type": "Point", "coordinates": [12.298355, 56.116331]}, "properties": {"stop_id": "000008601402", "stop_name": "Fjellenstrup St.", "route_short_names": ["950R"]}}, {"type": "Feature", "geometry": {"type": "Point", "coordinates": [12.302789, 56.123558]}, "properties": {"stop_id": "000008601403", "stop_name": "Gilleleje St.", "route_short_names": ["940R", "950R"]}}, {"type": "Feature", "geometry": {"type": "Point", "coordinates": [12.09769, 56.059879]}, "properties": {"stop_id": "000008601405", "stop_name": "Godhavn St.", "route_short_names": ["960R"]}}, {"type": "Feature", "geometry": {"type": "Point", "coordinates": [12.30178, 55.987424]}, "properties": {"stop_id": "000008601407", "stop_name": "Gribs\u00f8 St.", "route_short_names": ["960R"]}}, {"type": "Feature", "geometry": {"type": "Point", "coordinates": [12.286587, 56.072889]}, "properties": {"stop_id": "000008601409", "stop_name": "Gr\u00e6sted St.", "route_short_names": ["950R"]}}, {"type": "Feature", "geometry": {"type": "Point", "coordinates": [12.205181, 56.022862]}, "properties": {"stop_id": "000008601411", "stop_name": "Helsinge St.", "route_short_names": ["960R"]}}, {"type": "Feature", "geometry": {"type": "Point", "coordinates": [12.117134, 56.059497]}, "properties": {"stop_id": "000008601417", "stop_name": "Holl\u00f8se St.", "route_short_names": ["960R"]}}, {"type": "Feature", "geometry": {"type": "Point", "coordinates": [12.285833, 55.997578]}, "properties": {"stop_id": "000008601421", "stop_name": "Kagerup St. (Hiller\u00f8d)", "route_short_names": ["950R", "960R"]}}, {"type": "Feature", "geometry": {"type": "Point", "coordinates": [12.189528, 56.032959]}, "properties": {"stop_id": "000008601424", "stop_name": "Troldebakkerne St.", "route_short_names": ["960R"]}}, {"type": "Feature", "geometry": {"type": "Point", "coordinates": [12.317024, 56.030727]}, "properties": {"stop_id": "000008601427", "stop_name": "M\u00e5rum (Gr\u00e6sted-Gilleleje) St.", "route_short_names": ["950R"]}}, {"type": "Feature", "geometry": {"type": "Point", "coordinates": [12.295497, 56.063166]}, "properties": {"stop_id": "000008601428", "stop_name": "Gr\u00e6sted Syd St.", "route_short_names": ["950R"]}}, {"type": "Feature", "geometry": {"type": "Point", "coordinates": [12.301499, 56.101008]}, "properties": {"stop_id": "000008601429", "stop_name": "P\u00e5rup St.", "route_short_names": ["950R"]}}, {"type": "Feature", "geometry": {"type": "Point", "coordinates": [12.321811, 56.054477]}, "properties": {"stop_id": "000008601431", "stop_name": "Saltrup St.", "route_short_names": ["950R"]}}, {"type": "Feature", "geometry": {"type": "Point", "coordinates": [12.311236, 55.941777]}, "properties": {"stop_id": "000008601433", "stop_name": "Slotspavillonen St.", "route_short_names": ["950R", "960R"]}}, {"type": "Feature", "geometry": {"type": "Point", "coordinates": [12.077716, 56.059238]}, "properties": {"stop_id": "000008601437", "stop_name": "Tisvildeleje St.", "route_short_names": ["960R"]}}, {"type": "Feature", "geometry": {"type": "Point", "coordinates": [12.13632, 56.062679]}, "properties": {"stop_id": "000008601439", "stop_name": "Vejby St.", "route_short_names": ["960R"]}}, {"type": "Feature", "geometry": {"type": "Point", "coordinates": [12.162552, 56.055716]}, "properties": {"stop_id": "000008601443", "stop_name": "\u00d8rby St.", "route_short_names": ["960R"]}}, {"type": "Feature", "geometry": {"type": "Point", "coordinates": [12.386955, 56.097784]}, "properties": {"stop_id": "000008601601", "stop_name": "Dronningm\u00f8lle St.", "route_short_names": ["940R"]}}, {"type": "Feature", "geometry": {"type": "Point", "coordinates": [12.355886, 56.098237]}, "properties": {"stop_id": "000008601603", "stop_name": "Firh\u00f8j St. (Gilleleje)", "route_short_names": ["940R"]}}, {"type": "Feature", "geometry": {"type": "Point", "coordinates": [12.309023, 56.122681]}, "properties": {"stop_id": "000008601604", "stop_name": "Gilleleje \u00d8st St.", "route_short_names": ["940R"]}}, {"type": "Feature", "geometry": {"type": "Point", "coordinates": [12.610912, 56.04035]}, "properties": {"stop_id": "000008601606", "stop_name": "Gr\u00f8nnehave St. (Helsing\u00f8r)", "route_short_names": ["940R"]}}, {"type": "Feature", "geometry": {"type": "Point", "coordinates": [12.553982, 56.066659]}, "properties": {"stop_id": "000008601607", "stop_name": "Helleb\u00e6k St.", "route_short_names": ["940R"]}}, {"type": "Feature", "geometry": {"type": "Point", "coordinates": [12.459423, 56.089218]}, "properties": {"stop_id": "000008601613", "stop_name": "Hornb\u00e6k St.", "route_short_names": ["940R"]}}, {"type": "Feature", "geometry": {"type": "Point", "coordinates": [12.435153, 56.089915]}, "properties": {"stop_id": "000008601615", "stop_name": "Horneby Sand St.", "route_short_names": ["940R"]}}, {"type": "Feature", "geometry": {"type": "Point", "coordinates": [12.594089, 56.047198]}, "properties": {"stop_id": "000008601617", "stop_name": "H\u00f8jstrup St.", "route_short_names": ["940R"]}}, {"type": "Feature", "geometry": {"type": "Point", "coordinates": [12.468205, 56.083155]}, "properties": {"stop_id": "000008601620", "stop_name": "Karineb\u00e6k St.", "route_short_names": ["940R"]}}, {"type": "Feature", "geometry": {"type": "Point", "coordinates": [12.423402, 56.092687]}, "properties": {"stop_id": "000008601621", "stop_name": "Kildekrog St.", "route_short_names": ["940R"]}}, {"type": "Feature", "geometry": {"type": "Point", "coordinates": [12.602319, 56.04329]}, "properties": {"stop_id": "000008601623", "stop_name": "Marienlyst St.", "route_short_names": ["940R"]}}, {"type": "Feature", "geometry": {"type": "Point", "coordinates": [12.484707, 56.076971]}, "properties": {"stop_id": "000008601625", "stop_name": "Saunte St.", "route_short_names": ["940R"]}}, {"type": "Feature", "geometry": {"type": "Point", "coordinates": [12.512767, 56.078261]}, "properties": {"stop_id": "000008601627", "stop_name": "Skibstrup St.", "route_short_names": ["940R"]}}, {"type": "Feature", "geometry": {"type": "Point", "coordinates": [12.318768, 56.112314]}, "properties": {"stop_id": "000008601630", "stop_name": "St\u00e6remosen St.", "route_short_names": ["940R"]}}, {"type": "Feature", "geometry": {"type": "Point", "coordinates": [12.333787, 56.100491]}, "properties": {"stop_id": "000008601631", "stop_name": "S\u00f8borg St. (Gilleleje)", "route_short_names": ["940R"]}}, {"type": "Feature", "geometry": {"type": "Point", "coordinates": [12.538655, 56.075138]}, "properties": {"stop_id": "000008601633", "stop_name": "\u00c5lsg\u00e5rde St.", "route_short_names": ["940R"]}}, {"type": "Feature", "geometry": {"type": "Point", "coordinates": [12.279331, 55.893353]}, "properties": {"stop_id": "000008601705", "stop_name": "Br\u00f8deskov St.", "route_short_names": ["920R"]}}, {"type": "Feature", "geometry": {"type": "Point", "coordinates": [11.942123, 55.98514]}, "properties": {"stop_id": "000008601707", "stop_name": "Dyssekilde St.", "route_short_names": ["920R"]}}, {"type": "Feature", "geometry": {"type": "Point", "coordinates": [12.019613, 55.968144]}, "properties": {"stop_id": "000008601709", "stop_name": "Frederiksv\u00e6rk St.", "route_short_names": ["920R"]}}, {"type": "Feature", "geometry": {"type": "Point", "coordinates": [12.102034, 55.915653]}, "properties": {"stop_id": "000008601711", "stop_name": "Grimstrup St.", "route_short_names": ["920R"]}}, {"type": "Feature", "geometry": {"type": "Point", "coordinates": [12.202409, 55.886794]}, "properties": {"stop_id": "000008601713", "stop_name": "G\u00f8rl\u00f8se St.", "route_short_names": ["920R"]}}, {"type": "Feature", "geometry": {"type": "Point", "coordinates": [12.001434, 55.974935]}, "properties": {"stop_id": "000008601715", "stop_name": "Hanehoved St.", "route_short_names": ["920R"]}}, {"type": "Feature", "geometry": {"type": "Point", "coordinates": [11.852547, 55.963569]}, "properties": {"stop_id": "000008601721", "stop_name": "Hundested St.", "route_short_names": ["920R"]}}, {"type": "Feature", "geometry": {"type": "Point", "coordinates": [11.846285, 55.965799]}, "properties": {"stop_id": "000008601722", "stop_name": "Hundested Havn St.", "route_short_names": ["920R"]}}, {"type": "Feature", "geometry": {"type": "Point", "coordinates": [12.047551, 55.9345]}, "properties": {"stop_id": "000008601723", "stop_name": "Kregme St.", "route_short_names": ["920R"]}}, {"type": "Feature", "geometry": {"type": "Point", "coordinates": [12.034669, 55.946298]}, "properties": {"stop_id": "000008601725", "stop_name": "Lille Kregme St.", "route_short_names": ["920R"]}}, {"type": "Feature", "geometry": {"type": "Point", "coordinates": [11.971419, 55.991601]}, "properties": {"stop_id": "000008601729", "stop_name": "Melby St.", "route_short_names": ["920R"]}}, {"type": "Feature", "geometry": {"type": "Point", "coordinates": [12.149241, 55.907559]}, "properties": {"stop_id": "000008601733", "stop_name": "Sk\u00e6vinge St.", "route_short_names": ["920R"]}}, {"type": "Feature", "geometry": {"type": "Point", "coordinates": [11.873135, 55.96025]}, "properties": {"stop_id": "000008601737", "stop_name": "Vibehus St.", "route_short_names": ["920R"]}}, {"type": "Feature", "geometry": {"type": "Point", "coordinates": [12.073023, 55.923078]}, "properties": {"stop_id": "000008601739", "stop_name": "\u00d8lsted St.", "route_short_names": ["920R"]}}, {"type": "Feature", "geometry": {"type": "Point", "coordinates": [11.913441, 55.976697]}, "properties": {"stop_id": "000008601741", "stop_name": "\u00d8sterbjerg St.", "route_short_names": ["920R"]}}, {"type": "Feature", "geometry": {"type": "Point", "coordinates": [11.50024, 55.533891]}, "properties": {"stop_id": "000008602501", "stop_name": "Dianalund St.", "route_short_names": ["410"]}}, {"type": "Feature", "geometry": {"type": "Point", "coordinates": [11.28588, 55.506755]}, "properties": {"stop_id": "000008602503", "stop_name": "H\u00f8ng St.", "route_short_names": ["410"]}}, {"type": "Feature", "geometry": {"type": "Point", "coordinates": [11.765062, 55.573908]}, "properties": {"stop_id": "000008602505", "stop_name": "Kr. Eskilstrup St.", "route_short_names": ["410"]}}, {"type": "Feature", "geometry": {"type": "Point", "coordinates": [11.683989, 55.544204]}, "properties": {"stop_id": "000008602506", "stop_name": "Bagmarken St.", "route_short_names": ["410"]}}, {"type": "Feature", "geometry": {"type": "Point", "coordinates": [11.65225, 55.542333]}, "properties": {"stop_id": "000008602509", "stop_name": "Nyrup St.", "route_short_names": ["410"]}}, {"type": "Feature", "geometry": {"type": "Point", "coordinates": [11.374857, 55.539901]}, "properties": {"stop_id": "000008602513", "stop_name": "Ruds Vedby St.", "route_short_names": ["410"]}}, {"type": "Feature", "geometry": {"type": "Point", "coordinates": [11.448667, 55.537971]}, "properties": {"stop_id": "000008602515", "stop_name": "Skellebjerg St.", "route_short_names": ["410"]}}, {"type": "Feature", "geometry": {"type": "Point", "coordinates": [11.591206, 55.539047]}, "properties": {"stop_id": "000008602517", "stop_name": "Stenlille St.", "route_short_names": ["410"]}}, {"type": "Feature", "geometry": {"type": "Point", "coordinates": [11.711392, 55.544984]}, "properties": {"stop_id": "000008602519", "stop_name": "St. Merl\u00f8se St.", "route_short_names": ["410"]}}, {"type": "Feature", "geometry": {"type": "Point", "coordinates": [11.547204, 55.532473]}, "properties": {"stop_id": "000008602523", "stop_name": "Vedde St.", "route_short_names": ["410"]}}, {"type": "Feature", "geometry": {"type": "Point", "coordinates": [11.215215, 54.829045]}, "properties": {"stop_id": "000008602601", "stop_name": "Avnede St.", "route_short_names": ["710R"]}}, {"type": "Feature", "geometry": {"type": "Point", "coordinates": [11.836364, 54.759905]}, "properties": {"stop_id": "000008602604", "stop_name": "\u00d8ster Toreby St.", "route_short_names": ["710R"]}}, {"type": "Feature", "geometry": {"type": "Point", "coordinates": [11.765175, 54.773993]}, "properties": {"stop_id": "000008602605", "stop_name": "Gr\u00e6nge St.", "route_short_names": ["710R"]}}, {"type": "Feature", "geometry": {"type": "Point", "coordinates": [11.501673, 54.776641]}, "properties": {"stop_id": "000008602619", "stop_name": "Maribo St.", "route_short_names": ["710R"]}}, {"type": "Feature", "geometry": {"type": "Point", "coordinates": [11.138193, 54.833249]}, "properties": {"stop_id": "000008602623", "stop_name": "Nakskov St.", "route_short_names": ["710R"]}}, {"type": "Feature", "geometry": {"type": "Point", "coordinates": [11.372629, 54.785123]}, "properties": {"stop_id": "000008602635", "stop_name": "Ryde St.", "route_short_names": ["710R"]}}, {"type": "Feature", "geometry": {"type": "Point", "coordinates": [11.635402, 54.796733]}, "properties": {"stop_id": "000008602641", "stop_name": "Saksk\u00f8bing St.", "route_short_names": ["710R"]}}, {"type": "Feature", "geometry": {"type": "Point", "coordinates": [11.270161, 54.810959]}, "properties": {"stop_id": "000008602645", "stop_name": "S\u00f8llested St.", "route_short_names": ["710R"]}}, {"type": "Feature", "geometry": {"type": "Point", "coordinates": [12.500735, 55.793804]}, "properties": {"stop_id": "000008603001", "stop_name": "Brede St.", "route_short_names": ["910"]}}, {"type": "Feature", "geometry": {"type": "Point", "coordinates": [12.497087, 55.784449]}, "properties": {"stop_id": "000008603003", "stop_name": "Fuglevad St.", "route_short_names": ["910"]}}, {"type": "Feature", "geometry": {"type": "Point", "coordinates": [12.50549, 55.773905]}, "properties": {"stop_id": "000008603007", "stop_name": "Lyngby Lokal St.", "route_short_names": ["910"]}}, {"type": "Feature", "geometry": {"type": "Point", "coordinates": [12.528317, 55.813929]}, "properties": {"stop_id": "000008603009", "stop_name": "N\u00e6rum St.", "route_short_names": ["910"]}}, {"type": "Feature", "geometry": {"type": "Point", "coordinates": [12.513019, 55.770543]}, "properties": {"stop_id": "000008603010", "stop_name": "N\u00f8rgaardsvej St.", "route_short_names": ["910"]}}, {"type": "Feature", "geometry": {"type": "Point", "coordinates": [12.519933, 55.802085]}, "properties": {"stop_id": "000008603011", "stop_name": "Ravnholm St.", "route_short_names": ["910"]}}, {"type": "Feature", "geometry": {"type": "Point", "coordinates": [12.508964, 55.799584]}, "properties": {"stop_id": "000008603013", "stop_name": "\u00d8rholm St.", "route_short_names": ["910"]}}, {"type": "Feature", "geometry": {"type": "Point", "coordinates": [11.500214, 55.808689]}, "properties": {"stop_id": "000008603505", "stop_name": "Asn\u00e6s St.", "route_short_names": ["510R"]}}, {"type": "Feature", "geometry": {"type": "Point", "coordinates": [11.469551, 55.787979]}, "properties": {"stop_id": "000008603513", "stop_name": "F\u00e5revejle St.", "route_short_names": ["510R"]}}, {"type": "Feature", "geometry": {"type": "Point", "coordinates": [11.546843, 55.729612]}, "properties": {"stop_id": "000008603515", "stop_name": "Gislinge St.", "route_short_names": ["510R"]}}, {"type": "Feature", "geometry": {"type": "Point", "coordinates": [11.551177, 55.802833]}, "properties": {"stop_id": "000008603517", "stop_name": "Grevinge St.", "route_short_names": ["510R"]}}, {"type": "Feature", "geometry": {"type": "Point", "coordinates": [11.603765, 55.910833]}, "properties": {"stop_id": "000008603525", "stop_name": "H\u00f8jby Sj St.", "route_short_names": ["510R"]}}, {"type": "Feature", "geometry": {"type": "Point", "coordinates": [11.456293, 55.752481]}, "properties": {"stop_id": "000008603527", "stop_name": "H\u00f8rve St.", "route_short_names": ["510R"]}}, {"type": "Feature", "geometry": {"type": "Point", "coordinates": [11.63503, 55.722816]}, "properties": {"stop_id": "000008603541", "stop_name": "M\u00e5rs\u00f8", "route_short_names": ["510R"]}}, {"type": "Feature", "geometry": {"type": "Point", "coordinates": [11.593827, 55.72879]}, "properties": {"stop_id": "000008603543", "stop_name": "Ny Hagested St.", "route_short_names": ["510R"]}}, {"type": "Feature", "geometry": {"type": "Point", "coordinates": [11.672498, 55.921504]}, "properties": {"stop_id": "000008603545", "stop_name": "Nyk\u00f8bing Sj St.", "route_short_names": ["510R"]}}, {"type": "Feature", "geometry": {"type": "Point", "coordinates": [11.606492, 55.883028]}, "properties": {"stop_id": "000008603547", "stop_name": "Nr. Asmindrup St.", "route_short_names": ["510R"]}}, {"type": "Feature", "geometry": {"type": "Point", "coordinates": [11.655324, 55.92202]}, "properties": {"stop_id": "000008603550", "stop_name": "Nyled St.", "route_short_names": ["510R"]}}, {"type": "Feature", "geometry": {"type": "Point", "coordinates": [11.603692, 55.898296]}, "properties": {"stop_id": "000008603555", "stop_name": "Sommerland Sj. St.", "route_short_names": ["510R"]}}, {"type": "Feature", "geometry": {"type": "Point", "coordinates": [11.687783, 55.715479]}, "properties": {"stop_id": "000008603557", "stop_name": "Stenhus St.", "route_short_names": ["510R"]}}, {"type": "Feature", "geometry": {"type": "Point", "coordinates": [11.467159, 55.723401]}, "properties": {"stop_id": "000008603559", "stop_name": "Svinninge St.", "route_short_names": ["510R"]}}, {"type": "Feature", "geometry": {"type": "Point", "coordinates": [11.581939, 55.852365]}, "properties": {"stop_id": "000008603565", "stop_name": "Vig St.", "route_short_names": ["510R"]}}]}