{"type": "FeatureCollection", "features": [{"type": "Feature", "geometry": {"type": "LineString", "coordinates": [[11.65, 55.44], [11.72, 55.44], [11.772993, 55.437404], [11.779543, 55.437686], [11.782992, 55.43794], [11.786405, 55.438132], [11.789228, 55.438248], [11.791778, 55.438307], [11.795207, 55.438498], [11.798266, 55.438608], [11.819051, 55.439596], [11.82172, 55.439777], [11.824957, 55.440152], [11.829783, 55.440849], [11.89307, 55.450165], [11.896449, 55.450732], [11.899611, 55.451349], [11.902717, 55.452076], [11.905638, 55.45287], [11.908553, 55.45378], [11.911102, 55.454672], [11.914281, 55.455945], [11.916981, 55.457166], [11.91869, 55.458025], [11.920929, 55.459212], [11.956749, 55.478228], [11.958695, 55.479269], [11.961336, 55.480715], [11.96375, 55.482302], [11.965922, 55.48402], [11.967864, 55.485843], [11.969285, 55.487481], [11.970321, 55.489254], [11.971017, 55.490927], [11.97158, 55.49272], [11.972042, 55.494651], [11.972523, 55.496617], [11.973261, 55.500743], [11.975191, 55.512258], [11.975878, 55.514632], [11.976895, 55.516774], [11.978219, 55.518783], [11.97968, 55.520491], [11.981117, 55.521894], [11.982892, 55.523362], [11.984883, 55.524751], [11.998772, 55.533582], [12.00099, 55.53502], [12.006153, 55.538273], [12.017918, 55.545742], [12.024279, 55.549703], [12.025129, 55.55023], [12.028189, 55.552492], [12.030284, 55.554373], [12.031863, 55.556123], [12.033121, 55.557845], [12.034196, 55.55985], [12.034889, 55.56164], [12.035279, 55.563401], [12.035466, 55.565204], [12.035477, 55.571515], [12.035515, 55.575919], [12.035647, 55.577417], [12.036098, 55.579554], [12.036705, 55.581463], [12.045242, 55.604581], [12.046441, 55.608165], [12.047035, 55.609472], [12.04757, 55.610843], [12.048475, 55.612681], [12.049895, 55.614813], [12.050981, 55.616107], [12.052086, 55.617239], [12.05345, 55.618446], [12.055426, 55.619952], [12.058286, 55.621993], [12.060685, 55.623426], [12.066463, 55.627219], [12.069608, 55.629235], [12.071609, 55.630632], [12.076332, 55.633724], [12.077599, 55.634474], [12.078942, 55.635186], [12.080361, 55.635843], [12.081332, 55.636268], [12.081839, 55.636462], [12.086511, 55.638062], [12.088784, 55.638867], [12.090109, 55.639347], [12.092565, 55.640256], [12.09522, 55.641267], [12.097118, 55.641957], [12.099522, 55.642813], [12.104213, 55.644438], [12.107629, 55.645422], [12.110786, 55.646133], [12.11409, 55.646705], [12.116789, 55.64705], [12.11978, 55.647289], [12.132279, 55.647914], [12.178026, 55.650162], [12.180769, 55.650262], [12.184424, 55.650239], [12.1877, 55.650055], [12.190414, 55.649795], [12.193747, 55.649331], [12.197182, 55.648765], [12.198798, 55.648498], [12.202055, 55.647883], [12.205881, 55.647225], [12.214316, 55.645782], [12.217657, 55.645235], [12.219875, 55.644943], [12.22262, 55.644691], [12.226056, 55.644529], [12.229108, 55.644521], [12.231772, 55.64463], [12.234252, 55.644817], [12.236913, 55.645088], [12.246622, 55.64618], [12.249672, 55.64654], [12.253139, 55.646933], [12.269331, 55.648741], [12.289007, 55.650921], [12.293057, 55.651433], [12.297069, 55.651873], [12.302941, 55.652488], [12.306946, 55.652839], [12.310185, 55.653165], [12.318404, 55.654076], [12.348456, 55.657395], [12.353164, 55.657958], [12.356998, 55.658339], [12.382722, 55.661183], [12.394431, 55.662505], [12.397902, 55.662913], [12.401645, 55.663339], [12.407614, 55.663929], [12.413572, 55.664581], [12.417258, 55.664901], [12.420455, 55.665082], [12.423801, 55.665141], [12.428235, 55.665098], [12.438323, 55.664951], [12.440677, 55.664947], [12.444821, 55.664858], [12.45437, 55.664724], [12.459058, 55.664673], [12.470809, 55.664449], [12.478799, 55.664321], [12.485647, 55.664226], [12.488518, 55.664144], [12.491492, 55.664131], [12.500991, 55.663986], [12.503462, 55.664042], [12.505741, 55.663913], [12.508128, 55.663917], [12.51132, 55.663862], [12.514372, 55.663837], [12.5191, 55.663702], [12.523119, 55.66364], [12.531457, 55.66349], [12.535312, 55.663379], [12.538161, 55.663225], [12.539469, 55.663088], [12.542094, 55.662734], [12.543011, 55.662671], [12.54363, 55.662662], [12.544668, 55.662704], [12.545711, 55.6628], [12.546711, 55.662951], [12.5477, 55.663165], [12.557815, 55.664365], [12.558218, 55.664425], [12.558608, 55.664512], [12.558984, 55.664627], [12.559329, 55.664752], [12.559909, 55.665005], [12.562396, 55.666291], [12.564634, 55.667457], [12.565021, 55.667689], [12.565379, 55.667948], [12.56569, 55.668218], [12.565939, 55.668507], [12.566157, 55.668807], [12.566328, 55.669108], [12.566499, 55.669588], [12.566543, 55.670072], [12.566491, 55.670551], [12.566311, 55.671023], [12.56592, 55.671619], [12.565448, 55.672199], [12.564894, 55.672755], [12.564471, 55.673001], [12.564082, 55.673273], [12.56358, 55.673701], [12.563177, 55.674172], [12.562952, 55.674493], [12.562775, 55.674822], [12.562662, 55.675158], [12.562582, 55.675502], [12.562566, 55.675673], [12.562567, 55.676033], [12.562595, 55.676347], [12.562686, 55.67665], [12.562887, 55.677102], [12.563088, 55.677393], [12.563321, 55.677674], [12.563616, 55.677945], [12.563926, 55.678205], [12.566925, 55.679862], [12.570342, 55.682425], [12.571245, 55.683073], [12.572231, 55.683772], [12.574645, 55.685275], [12.57656, 55.686559], [12.580036, 55.688535], [12.581921, 55.689478], [12.583845, 55.690501], [12.587131, 55.692482], [12.587571, 55.692766]]}, "properties": {"shape_id": "2176", "route_id": "11746_2", "route_short_name": "IC", "agency_id": "203"}}, {"type": "Feature", "geometry": {"type": "LineString", "coordinates": [[12.564894, 55.672755], [12.565274, 55.672384], [12.565622, 55.672014], [12.56592, 55.671619], [12.566186, 55.671225], [12.566311, 55.671023], [12.566441, 55.670705], [12.566524, 55.670388], [12.566543, 55.670072], [12.566529, 55.669749], [12.566452, 55.669428], [12.566328, 55.669108], [12.566157, 55.668807], [12.565939, 55.668507], [12.56569, 55.668218], [12.565379, 55.667948], [12.565021, 55.667689], [12.564634, 55.667457], [12.562396, 55.666291], [12.559909, 55.665005], [12.559164, 55.664685], [12.558608, 55.664512], [12.558218, 55.664425], [12.557815, 55.664365], [12.5477, 55.663165], [12.547051, 55.663022], [12.546065, 55.662844], [12.545389, 55.662764], [12.544539, 55.662681], [12.544377, 55.66265], [12.54359, 55.662394], [12.542944, 55.662116], [12.542343, 55.661791], [12.541817, 55.661429], [12.541383, 55.661028], [12.541042, 55.660597], [12.53992, 55.65875], [12.53929, 55.657411], [12.538906, 55.656145], [12.538576, 55.65566], [12.538153, 55.655205], [12.537653, 55.654778], [12.537482, 55.654648], [12.536557, 55.654082], [12.535749, 55.653763], [12.529576, 55.651972], [12.528437, 55.65169], [12.527341, 55.651524], [12.523831, 55.65122], [12.523178, 55.651212], [12.522512, 55.651231], [12.521865, 55.651286], [12.52122, 55.651358], [12.52028, 55.65152], [12.517843, 55.652183], [12.517389, 55.652268], [12.516918, 55.652327], [12.516443, 55.652359], [12.515967, 55.652363], [12.515503, 55.652331], [12.513475, 55.653487], [12.511108, 55.65475], [12.508895, 55.655794], [12.506228, 55.656913], [12.503278, 55.657897], [12.501247, 55.658305], [12.499413, 55.65843], [12.49731, 55.658391], [12.496006, 55.658212], [12.494763, 55.658005], [12.493047, 55.657307], [12.487392, 55.654348], [12.486367, 55.65391], [12.484976, 55.653464], [12.483592, 55.653108], [12.481989, 55.652785], [12.479018, 55.652455], [12.474265, 55.651943], [12.469996, 55.651317], [12.458626, 55.649328], [12.454925, 55.648659], [12.449923, 55.648009], [12.444292, 55.647259], [12.440375, 55.64647], [12.436254, 55.644985], [12.434657, 55.644175], [12.430238, 55.642006], [12.42657, 55.640787], [12.424012, 55.640068], [12.420385, 55.639494], [12.418013, 55.639273], [12.415539, 55.639162], [12.413441, 55.639158], [12.404112, 55.639741], [12.401242, 55.64], [12.390735, 55.641298], [12.382046, 55.641925], [12.373892, 55.641952], [12.36325, 55.641687], [12.356682, 55.641282], [12.351123, 55.64041], [12.345088, 55.638983], [12.340635, 55.637468], [12.337315, 55.635994], [12.334149, 55.634471], [12.331084, 55.63263], [12.329648, 55.631626], [12.3275, 55.630093], [12.325071, 55.628253], [12.323377, 55.626645], [12.320607, 55.623771], [12.316405, 55.619542], [12.313519, 55.617165], [12.312119, 55.616196], [12.30937, 55.614499], [12.301476, 55.61054], [12.291806, 55.605658], [12.287077, 55.60324], [12.285384, 55.60218], [12.283152, 55.600747], [12.281743, 55.599652], [12.276417, 55.595398], [12.272843, 55.592518], [12.269339, 55.589905], [12.263079, 55.586017], [12.259592, 55.583602], [12.25406, 55.57928], [12.248332, 55.575458], [12.244842, 55.573357], [12.237689, 55.568593], [12.233907, 55.565815], [12.231142, 55.563641], [12.229512, 55.561957], [12.226584, 55.557971], [12.223323, 55.553409], [12.220645, 55.550926], [12.216937, 55.547849], [12.213771, 55.545397], [12.211374, 55.543815], [12.209208, 55.542532], [12.205124, 55.540472], [12.201827, 55.538733], [12.19889, 55.536733], [12.19674, 55.535045], [12.193331, 55.531727], [12.189842, 55.52681], [12.184833, 55.519937], [12.178043, 55.510224], [12.17671, 55.508235], [12.175371, 55.505573], [12.173575, 55.501753], [12.172743, 55.499887], [12.170768, 55.495416], [12.169244, 55.492803], [12.167483, 55.490601], [12.166076, 55.489244], [12.163656, 55.487302], [12.161555, 55.485989], [12.15861, 55.4846], [12.155974, 55.483517], [12.153616, 55.482733], [12.151595, 55.48221], [12.149177, 55.48167], [12.146497, 55.481208], [12.14386, 55.480898], [12.141852, 55.480734], [12.138995, 55.480646], [12.132309, 55.480574], [12.113767, 55.480319], [12.107662, 55.480196], [12.102656, 55.479739], [12.09912, 55.479271], [12.094073, 55.478293], [12.089334, 55.477199], [12.084762, 55.475624], [12.077276, 55.472783], [12.071511, 55.471112], [12.057855, 55.467876], [12.05135, 55.466636], [12.04885, 55.466231], [12.043958, 55.465588], [12.037066, 55.464861], [12.029857, 55.464122], [12.025706, 55.463641], [12.01899, 55.462521], [12.012213, 55.461214], [12.007008, 55.460182], [12.003607, 55.459771], [12.000622, 55.459422], [11.996746, 55.459014], [11.9931, 55.458707], [11.990211, 55.458589], [11.985834, 55.458454], [11.982268, 55.458361], [11.980585, 55.458294], [11.978344, 55.458151], [11.975686, 55.457946], [11.972507, 55.457744], [11.970129, 55.457685], [11.967674, 55.457646], [11.966063, 55.457676], [11.963444, 55.457775], [11.960384, 55.457894], [11.956065, 55.458116], [11.952548, 55.458264], [11.949444, 55.458429], [11.944667, 55.458652], [11.94252, 55.458721], [11.939626, 55.458737], [11.936964, 55.458675], [11.93476, 55.458611], [11.932853, 55.458504], [11.930449, 55.458292], [11.927867, 55.458039], [11.925547, 55.457681], [11.923721, 55.457383], [11.921365, 55.456972], [11.919629, 55.456609], [11.916896, 55.456009], [11.914293, 55.455253], [11.911838, 55.454565], [11.905638, 55.45287], [11.899611, 55.451349], [11.896449, 55.450732], [11.89307, 55.450165], [11.829783, 55.440849], [11.824957, 55.440152], [11.82172, 55.439777], [11.819051, 55.439596], [11.798266, 55.438608], [11.795207, 55.438498], [11.791778, 55.438307], [11.789228, 55.438248], [11.786564, 55.438138], [11.786405, 55.438132], [11.782992, 55.43794], [11.779543, 55.437686], [11.772993, 55.437404], [11.72, 55.44], [11.65, 55.44]]}, "properties": {"shape_id": "2186", "route_id": "11746_2", "route_short_name": "IC", "agency_id": "203"}}, {"type": "Feature", "geometry": {"type": "LineString", "coordinates": [[11.62, 55.43], [11.65, 55.44]]}, "properties": {"shape_id": "2195", "route_id": "11746_2", "route_short_name": "IC", "agency_id": "203"}}, {"type": "Feature", "geometry": {"type": "LineString", "coordinates": [[11.65, 55.44], [11.62, 55.43]]}, "properties": {"shape_id": "2196", "route_id": "11746_2", "route_short_name": "IC", "agency_id": "203"}}, {"type": "Feature", "geometry": {"type": "LineString", "coordinates": [[12.587571, 55.692766], [12.587131, 55.692482], [12.583845, 55.690501], [12.581921, 55.689478], [12.580036, 55.688535], [12.57656, 55.686559], [12.574645, 55.685275], [12.572231, 55.683772], [12.571245, 55.683073], [12.570342, 55.682425], [12.566925, 55.679862], [12.563926, 55.678205], [12.563616, 55.677945], [12.563321, 55.677674], [12.563088, 55.677393], [12.562887, 55.677102], [12.562686, 55.67665], [12.562595, 55.676347], [12.562567, 55.676033], [12.562566, 55.675673], [12.562582, 55.675502], [12.562662, 55.675158], [12.562775, 55.674822], [12.562952, 55.674493], [12.563177, 55.674172], [12.56358, 55.673701], [12.564082, 55.673273], [12.564471, 55.673001], [12.564894, 55.672755], [12.565448, 55.672199], [12.56592, 55.671619], [12.566311, 55.671023], [12.566491, 55.670551], [12.566543, 55.670072], [12.566499, 55.669588], [12.566328, 55.669108], [12.566157, 55.668807], [12.565939, 55.668507], [12.56569, 55.668218], [12.565379, 55.667948], [12.565021, 55.667689], [12.564634, 55.667457], [12.562396, 55.666291], [12.559909, 55.665005], [12.559329, 55.664752], [12.558984, 55.664627], [12.558608, 55.664512], [12.558218, 55.664425], [12.557815, 55.664365], [12.5477, 55.663165], [12.546711, 55.662951], [12.545711, 55.6628], [12.544668, 55.662704], [12.54363, 55.662662], [12.543011, 55.662671], [12.542094, 55.662734], [12.539469, 55.663088], [12.538161, 55.663225], [12.535312, 55.663379], [12.531457, 55.66349], [12.523119, 55.66364], [12.5191, 55.663702], [12.514372, 55.663837], [12.51132, 55.663862], [12.508128, 55.663917], [12.505741, 55.663913], [12.503462, 55.664042], [12.500991, 55.663986], [12.491492, 55.664131], [12.488518, 55.664144], [12.485647, 55.664226], [12.478799, 55.664321], [12.470809, 55.664449], [12.459058, 55.664673], [12.45437, 55.664724], [12.444821, 55.664858], [12.440677, 55.664947], [12.438323, 55.664951], [12.428235, 55.665098], [12.423801, 55.665141], [12.420455, 55.665082], [12.417258, 55.664901], [12.413572, 55.664581], [12.407614, 55.663929], [12.401645, 55.663339], [12.397902, 55.662913], [12.394431, 55.662505], [12.382722, 55.661183], [12.356998, 55.658339], [12.353164, 55.657958], [12.348456, 55.657395], [12.318404, 55.654076], [12.310185, 55.653165], [12.306946, 55.652839], [12.302941, 55.652488], [12.297069, 55.651873], [12.293057, 55.651433], [12.289007, 55.650921], [12.269331, 55.648741], [12.253139, 55.646933], [12.249672, 55.64654], [12.246622, 55.64618], [12.236913, 55.645088], [12.234252, 55.644817], [12.231772, 55.64463], [12.229108, 55.644521], [12.226056, 55.644529], [12.22262, 55.644691], [12.219875, 55.644943], [12.217657, 55.645235], [12.214316, 55.645782], [12.205881, 55.647225], [12.202055, 55.647883], [12.198798, 55.648498], [12.197182, 55.648765], [12.193747, 55.649331], [12.190414, 55.649795], [12.1877, 55.650055], [12.184424, 55.650239], [12.180769, 55.650262], [12.178026, 55.650162], [12.132279, 55.647914], [12.11978, 55.647289], [12.116789, 55.64705], [12.11409, 55.646705], [12.110786, 55.646133], [12.107629, 55.645422], [12.104213, 55.644438], [12.099522, 55.642813], [12.097118, 55.641957], [12.09522, 55.641267], [12.092565, 55.640256], [12.090109, 55.639347], [12.088784, 55.638867], [12.086511, 55.638062], [12.081839, 55.636462], [12.081332, 55.636268], [12.080361, 55.635843], [12.078942, 55.635186], [12.077599, 55.634474], [12.076332, 55.633724], [12.071609, 55.630632], [12.069608, 55.629235], [12.066463, 55.627219], [12.060685, 55.623426], [12.058286, 55.621993], [12.055426, 55.619952], [12.05345, 55.618446], [12.052086, 55.617239], [12.050981, 55.616107], [12.049895, 55.614813], [12.048475, 55.612681], [12.04757, 55.610843], [12.047035, 55.609472], [12.046441, 55.608165], [12.045242, 55.604581], [12.036705, 55.581463], [12.036098, 55.579554], [12.035647, 55.577417], [12.035515, 55.575919], [12.035477, 55.571515], [12.035466, 55.565204], [12.035279, 55.563401], [12.034889, 55.56164], [12.034196, 55.55985], [12.033121, 55.557845], [12.031863, 55.556123], [12.030284, 55.554373], [12.028189, 55.552492], [12.025129, 55.55023], [12.024279, 55.549703], [12.017918, 55.545742], [12.006153, 55.538273], [12.00099, 55.53502], [11.998772, 55.533582], [11.984883, 55.524751], [11.982892, 55.523362], [11.981117, 55.521894], [11.97968, 55.520491], [11.978219, 55.518783], [11.976895, 55.516774], [11.975878, 55.514632], [11.975191, 55.512258], [11.973261, 55.500743], [11.972523, 55.496617], [11.972042, 55.494651], [11.97158, 55.49272], [11.971017, 55.490927], [11.970321, 55.489254], [11.969285, 55.487481], [11.967864, 55.485843], [11.965922, 55.48402], [11.96375, 55.482302], [11.961336, 55.480715], [11.958695, 55.479269], [11.956749, 55.478228], [11.920929, 55.459212], [11.91869, 55.458025], [11.916981, 55.457166], [11.914281, 55.455945], [11.911102, 55.454672], [11.908553, 55.45378], [11.905638, 55.45287], [11.902717, 55.452076], [11.899611, 55.451349], [11.896449, 55.450732], [11.89307, 55.450165], [11.829783, 55.440849], [11.824957, 55.440152], [11.82172, 55.439777], [11.819051, 55.439596], [11.798266, 55.438608], [11.795207, 55.438498], [11.791778, 55.438307], [11.789228, 55.438248], [11.786405, 55.438132], [11.782992, 55.43794], [11.779543, 55.437686], [11.772993, 55.437404], [11.72, 55.44], [11.65, 55.44]]}, "properties": {"shape_id": "2204", "route_id": "11746_2", "route_short_name": "IC", "agency_id": "203"}}, {"type": "Feature", "geometry": {"type": "LineString", "coordinates": [[11.65, 55.44], [11.72, 55.44], [11.772993, 55.437404], [11.779543, 55.437686], [11.782992, 55.43794], [11.786405, 55.438132], [11.789228, 55.438248], [11.791778, 55.438307], [11.795207, 55.438498], [11.798266, 55.438608], [11.819051, 55.439596], [11.82172, 55.439777], [11.824957, 55.440152], [11.829783, 55.440849], [11.89307, 55.450165], [11.896449, 55.450732], [11.899611, 55.451349], [11.902717, 55.452076], [11.905638, 55.45287], [11.908553, 55.45378], [11.911102, 55.454672], [11.914281, 55.455945], [11.916981, 55.457166], [11.91869, 55.458025], [11.920929, 55.459212], [11.956749, 55.478228], [11.958695, 55.479269], [11.961336, 55.480715], [11.96375, 55.482302], [11.965922, 55.48402], [11.967864, 55.485843], [11.969285, 55.487481], [11.970321, 55.489254], [11.971017, 55.490927], [11.97158, 55.49272], [11.972042, 55.494651], [11.972523, 55.496617], [11.973261, 55.500743], [11.975191, 55.512258], [11.975878, 55.514632], [11.976895, 55.516774], [11.978219, 55.518783], [11.97968, 55.520491], [11.981117, 55.521894], [11.982892, 55.523362], [11.984883, 55.524751], [11.998772, 55.533582], [12.00099, 55.53502], [12.006153, 55.538273], [12.017918, 55.545742], [12.024279, 55.549703], [12.025129, 55.55023], [12.028189, 55.552492], [12.030284, 55.554373], [12.031863, 55.556123], [12.033121, 55.557845], [12.034196, 55.55985], [12.034889, 55.56164], [12.035279, 55.563401], [12.035466, 55.565204], [12.035477, 55.571515], [12.035515, 55.575919], [12.035647, 55.577417], [12.036098, 55.579554], [12.036705, 55.581463], [12.045242, 55.604581], [12.046441, 55.608165], [12.047035, 55.609472], [12.04757, 55.610843], [12.048475, 55.612681], [12.049895, 55.614813], [12.050981, 55.616107], [12.052086, 55.617239], [12.05345, 55.618446], [12.055426, 55.619952], [12.058286, 55.621993], [12.060685, 55.623426], [12.066463, 55.627219], [12.069608, 55.629235], [12.071609, 55.630632], [12.076332, 55.633724], [12.077599, 55.634474], [12.078942, 55.635186], [12.080361, 55.635843], [12.081332, 55.636268], [12.081839, 55.636462], [12.086511, 55.638062], [12.088784, 55.638867], [12.090109, 55.639347], [12.092565, 55.640256], [12.09522, 55.641267], [12.097118, 55.641957], [12.099522, 55.642813], [12.104213, 55.644438], [12.107629, 55.645422], [12.110786, 55.646133], [12.11409, 55.646705], [12.116789, 55.64705], [12.11978, 55.647289], [12.132279, 55.647914], [12.178026, 55.650162], [12.180769, 55.650262], [12.184424, 55.650239], [12.1877, 55.650055], [12.190414, 55.649795], [12.193747, 55.649331], [12.197182, 55.648765], [12.198798, 55.648498], [12.202055, 55.647883], [12.205881, 55.647225], [12.214316, 55.645782], [12.217657, 55.645235], [12.219875, 55.644943], [12.22262, 55.644691], [12.226056, 55.644529], [12.229108, 55.644521], [12.231772, 55.64463], [12.234252, 55.644817], [12.236913, 55.645088], [12.246622, 55.64618], [12.249672, 55.64654], [12.253139, 55.646933], [12.269331, 55.648741], [12.289007, 55.650921], [12.293057, 55.651433], [12.297069, 55.651873], [12.302941, 55.652488], [12.306946, 55.652839], [12.310185, 55.653165], [12.318404, 55.654076], [12.348456, 55.657395], [12.353164, 55.657958], [12.356998, 55.658339], [12.382722, 55.661183], [12.394431, 55.662505], [12.397902, 55.662913], [12.401645, 55.663339], [12.407614, 55.663929], [12.413572, 55.664581], [12.417258, 55.664901], [12.420455, 55.665082], [12.423801, 55.665141], [12.428235, 55.665098], [12.438323, 55.664951], [12.440677, 55.664947], [12.444821, 55.664858], [12.45437, 55.664724], [12.459058, 55.664673], [12.470809, 55.664449], [12.478799, 55.664321], [12.485647, 55.664226], [12.488518, 55.664144], [12.491492, 55.664131], [12.500991, 55.663986], [12.503462, 55.664042], [12.505741, 55.663913], [12.508128, 55.663917], [12.51132, 55.663862], [12.514372, 55.663837], [12.5191, 55.663702], [12.523119, 55.66364], [12.531457, 55.66349], [12.535312, 55.663379], [12.538161, 55.663225], [12.539469, 55.663088], [12.542094, 55.662734], [12.543011, 55.662671], [12.54363, 55.662662], [12.544668, 55.662704], [12.545711, 55.6628], [12.546711, 55.662951], [12.5477, 55.663165], [12.557815, 55.664365], [12.558218, 55.664425], [12.558608, 55.664512], [12.558984, 55.664627], [12.559329, 55.664752], [12.559909, 55.665005], [12.562396, 55.666291], [12.564634, 55.667457], [12.565021, 55.667689], [12.565379, 55.667948], [12.56569, 55.668218], [12.565939, 55.668507], [12.566157, 55.668807], [12.566328, 55.669108], [12.566499, 55.669588], [12.566543, 55.670072], [12.566491, 55.670551], [12.566311, 55.671023], [12.56592, 55.671619], [12.565448, 55.672199], [12.564894, 55.672755], [12.564471, 55.673001], [12.564082, 55.673273], [12.56358, 55.673701], [12.563177, 55.674172], [12.562952, 55.674493], [12.562775, 55.674822], [12.562662, 55.675158], [12.562582, 55.675502], [12.562566, 55.675673], [12.562567, 55.676033], [12.562595, 55.676347], [12.562686, 55.67665], [12.562887, 55.677102], [12.563088, 55.677393], [12.563321, 55.677674], [12.563616, 55.677945], [12.563926, 55.678205], [12.566925, 55.679862], [12.570342, 55.682425], [12.571245, 55.683073], [12.572231, 55.683772], [12.574645, 55.685275], [12.57656, 55.686559], [12.580036, 55.688535], [12.581921, 55.689478], [12.583845, 55.690501], [12.587131, 55.692482], [12.587571, 55.692766]]}, "properties": {"shape_id": "2205", "route_id": "11746_2", "route_short_name": "IC", "agency_id": "203"}}, {"type": "Feature", "geometry": {"type": "LineString", "coordinates": [[11.65, 55.44], [11.72, 55.44], [11.772993, 55.437404], [11.779543, 55.437686], [11.782992, 55.43794], [11.786405, 55.438132], [11.789228, 55.438248], [11.791778, 55.438307], [11.795207, 55.438498], [11.798266, 55.438608], [11.819051, 55.439596], [11.82172, 55.439777], [11.824957, 55.440152], [11.829783, 55.440849], [11.89307, 55.450165], [11.896449, 55.450732], [11.899611, 55.451349], [11.902717, 55.452076], [11.905638, 55.45287], [11.908553, 55.45378], [11.911102, 55.454672], [11.914281, 55.455945], [11.916981, 55.457166], [11.91869, 55.458025], [11.920929, 55.459212], [11.956749, 55.478228], [11.958695, 55.479269], [11.961336, 55.480715], [11.96375, 55.482302], [11.965922, 55.48402], [11.967864, 55.485843], [11.969285, 55.487481], [11.970321, 55.489254], [11.971017, 55.490927], [11.97158, 55.49272], [11.972042, 55.494651], [11.972523, 55.496617], [11.973261, 55.500743], [11.975191, 55.512258], [11.975878, 55.514632], [11.976895, 55.516774], [11.978219, 55.518783], [11.97968, 55.520491], [11.981117, 55.521894], [11.982892, 55.523362], [11.984883, 55.524751], [11.998772, 55.533582], [12.00099, 55.53502], [12.006153, 55.538273], [12.017918, 55.545742], [12.024279, 55.549703], [12.025129, 55.55023], [12.028189, 55.552492], [12.030284, 55.554373], [12.031863, 55.556123], [12.033121, 55.557845], [12.034196, 55.55985], [12.034889, 55.56164], [12.035279, 55.563401], [12.035466, 55.565204], [12.035477, 55.571515], [12.035515, 55.575919], [12.035647, 55.577417], [12.036098, 55.579554], [12.036705, 55.581463], [12.045242, 55.604581], [12.046441, 55.608165], [12.047035, 55.609472], [12.04757, 55.610843], [12.048475, 55.612681], [12.049895, 55.614813], [12.050981, 55.616107], [12.052086, 55.617239], [12.05345, 55.618446], [12.055426, 55.619952], [12.058286, 55.621993], [12.060685, 55.623426], [12.066463, 55.627219], [12.069608, 55.629235], [12.071609, 55.630632], [12.076332, 55.633724], [12.077599, 55.634474], [12.078942, 55.635186], [12.080361, 55.635843], [12.081332, 55.636268], [12.081839, 55.636462], [12.086511, 55.638062], [12.088784, 55.638867], [12.090109, 55.639347], [12.092565, 55.640256], [12.09522, 55.641267], [12.097118, 55.641957], [12.099522, 55.642813], [12.104213, 55.644438], [12.107629, 55.645422], [12.110786, 55.646133], [12.11409, 55.646705], [12.116789, 55.64705], [12.11978, 55.647289], [12.132279, 55.647914], [12.178026, 55.650162], [12.180769, 55.650262], [12.184424, 55.650239], [12.1877, 55.650055], [12.190414, 55.649795], [12.193747, 55.649331], [12.197182, 55.648765], [12.198798, 55.648498], [12.202055, 55.647883], [12.205881, 55.647225], [12.214316, 55.645782], [12.217657, 55.645235], [12.219875, 55.644943], [12.22262, 55.644691], [12.226056, 55.644529], [12.229108, 55.644521], [12.231772, 55.64463], [12.234252, 55.644817], [12.236913, 55.645088], [12.246622, 55.64618], [12.249672, 55.64654], [12.253139, 55.646933], [12.269331, 55.648741], [12.289007, 55.650921], [12.293057, 55.651433], [12.297069, 55.651873], [12.302941, 55.652488], [12.306946, 55.652839], [12.310185, 55.653165], [12.318404, 55.654076], [12.348456, 55.657395], [12.353164, 55.657958], [12.356998, 55.658339], [12.382722, 55.661183], [12.394431, 55.662505], [12.397902, 55.662913], [12.401645, 55.663339], [12.407614, 55.663929], [12.413572, 55.664581], [12.417258, 55.664901], [12.420455, 55.665082], [12.423801, 55.665141], [12.428235, 55.665098], [12.438323, 55.664951], [12.440677, 55.664947], [12.444821, 55.664858], [12.45437, 55.664724], [12.459058, 55.664673], [12.470809, 55.664449], [12.478799, 55.664321], [12.485647, 55.664226], [12.488518, 55.664144], [12.491492, 55.664131], [12.500991, 55.663986], [12.503462, 55.664042], [12.505741, 55.663913], [12.508128, 55.663917], [12.51132, 55.663862], [12.514372, 55.663837], [12.5191, 55.663702], [12.523119, 55.66364], [12.531457, 55.66349], [12.535312, 55.663379], [12.538161, 55.663225], [12.539469, 55.663088], [12.542094, 55.662734], [12.543011, 55.662671], [12.54363, 55.662662], [12.544668, 55.662704], [12.545711, 55.6628], [12.546711, 55.662951], [12.5477, 55.663165], [12.557815, 55.664365], [12.558218, 55.664425], [12.558608, 55.664512], [12.558984, 55.664627], [12.559329, 55.664752], [12.559909, 55.665005], [12.562396, 55.666291], [12.564634, 55.667457], [12.565021, 55.667689], [12.565379, 55.667948], [12.56569, 55.668218], [12.565939, 55.668507], [12.566157, 55.668807], [12.566328, 55.669108], [12.566499, 55.669588], [12.566543, 55.670072], [12.566491, 55.670551], [12.566311, 55.671023], [12.56592, 55.671619], [12.565448, 55.672199], [12.564894, 55.672755]]}, "properties": {"shape_id": "2206", "route_id": "11746_2", "route_short_name": "IC", "agency_id": "203"}}, {"type": "Feature", "geometry": {"type": "LineString", "coordinates": [[12.564894, 55.672755], [12.565448, 55.672199], [12.56592, 55.671619], [12.566311, 55.671023], [12.566491, 55.670551], [12.566543, 55.670072], [12.566499, 55.669588], [12.566328, 55.669108], [12.566157, 55.668807], [12.565939, 55.668507], [12.56569, 55.668218], [12.565379, 55.667948], [12.565021, 55.667689], [12.564634, 55.667457], [12.562396, 55.666291], [12.559909, 55.665005], [12.559329, 55.664752], [12.558984, 55.664627], [12.558608, 55.664512], [12.558218, 55.664425], [12.557815, 55.664365], [12.5477, 55.663165], [12.546711, 55.662951], [12.545711, 55.6628], [12.544668, 55.662704], [12.54363, 55.662662], [12.543011, 55.662671], [12.542094, 55.662734], [12.539469, 55.663088], [12.538161, 55.663225], [12.535312, 55.663379], [12.531457, 55.66349], [12.523119, 55.66364], [12.5191, 55.663702], [12.514372, 55.663837], [12.51132, 55.663862], [12.508128, 55.663917], [12.505741, 55.663913], [12.503462, 55.664042], [12.500991, 55.663986], [12.491492, 55.664131], [12.488518, 55.664144], [12.485647, 55.664226], [12.478799, 55.664321], [12.470809, 55.664449], [12.459058, 55.664673], [12.45437, 55.664724], [12.444821, 55.664858], [12.440677, 55.664947], [12.438323, 55.664951], [12.428235, 55.665098], [12.423801, 55.665141], [12.420455, 55.665082], [12.417258, 55.664901], [12.413572, 55.664581], [12.407614, 55.663929], [12.401645, 55.663339], [12.397902, 55.662913], [12.394431, 55.662505], [12.382722, 55.661183], [12.356998, 55.658339], [12.353164, 55.657958], [12.348456, 55.657395], [12.318404, 55.654076], [12.310185, 55.653165], [12.306946, 55.652839], [12.302941, 55.652488], [12.297069, 55.651873], [12.293057, 55.651433], [12.289007, 55.650921], [12.269331, 55.648741], [12.253139, 55.646933], [12.249672, 55.64654], [12.246622, 55.64618], [12.236913, 55.645088], [12.234252, 55.644817], [12.231772, 55.64463], [12.229108, 55.644521], [12.226056, 55.644529], [12.22262, 55.644691], [12.219875, 55.644943], [12.217657, 55.645235], [12.214316, 55.645782], [12.205881, 55.647225], [12.202055, 55.647883], [12.198798, 55.648498], [12.197182, 55.648765], [12.193747, 55.649331], [12.190414, 55.649795], [12.1877, 55.650055], [12.184424, 55.650239], [12.180769, 55.650262], [12.178026, 55.650162], [12.132279, 55.647914], [12.11978, 55.647289], [12.116789, 55.64705], [12.11409, 55.646705], [12.110786, 55.646133], [12.107629, 55.645422], [12.104213, 55.644438], [12.099522, 55.642813], [12.097118, 55.641957], [12.09522, 55.641267], [12.092565, 55.640256], [12.090109, 55.639347], [12.088784, 55.638867], [12.086511, 55.638062], [12.081839, 55.636462], [12.081332, 55.636268], [12.080361, 55.635843], [12.078942, 55.635186], [12.077599, 55.634474], [12.076332, 55.633724], [12.071609, 55.630632], [12.069608, 55.629235], [12.066463, 55.627219], [12.060685, 55.623426], [12.058286, 55.621993], [12.055426, 55.619952], [12.05345, 55.618446], [12.052086, 55.617239], [12.050981, 55.616107], [12.049895, 55.614813], [12.048475, 55.612681], [12.04757, 55.610843], [12.047035, 55.609472], [12.046441, 55.608165], [12.045242, 55.604581], [12.036705, 55.581463], [12.036098, 55.579554], [12.035647, 55.577417], [12.035515, 55.575919], [12.035477, 55.571515], [12.035466, 55.565204], [12.035279, 55.563401], [12.034889, 55.56164], [12.034196, 55.55985], [12.033121, 55.557845], [12.031863, 55.556123], [12.030284, 55.554373], [12.028189, 55.552492], [12.025129, 55.55023], [12.024279, 55.549703], [12.017918, 55.545742], [12.006153, 55.538273], [12.00099, 55.53502], [11.998772, 55.533582], [11.984883, 55.524751], [11.982892, 55.523362], [11.981117, 55.521894], [11.97968, 55.520491], [11.978219, 55.518783], [11.976895, 55.516774], [11.975878, 55.514632], [11.975191, 55.512258], [11.973261, 55.500743], [11.972523, 55.496617], [11.972042, 55.494651], [11.97158, 55.49272], [11.971017, 55.490927], [11.970321, 55.489254], [11.969285, 55.487481], [11.967864, 55.485843], [11.965922, 55.48402], [11.96375, 55.482302], [11.961336, 55.480715], [11.958695, 55.479269], [11.956749, 55.478228], [11.920929, 55.459212], [11.91869, 55.458025], [11.916981, 55.457166], [11.914281, 55.455945], [11.911102, 55.454672], [11.908553, 55.45378], [11.905638, 55.45287], [11.902717, 55.452076], [11.899611, 55.451349], [11.896449, 55.450732], [11.89307, 55.450165], [11.829783, 55.440849], [11.824957, 55.440152], [11.82172, 55.439777], [11.819051, 55.439596], [11.798266, 55.438608], [11.795207, 55.438498], [11.791778, 55.438307], [11.789228, 55.438248], [11.786405, 55.438132], [11.782992, 55.43794], [11.779543, 55.437686], [11.772993, 55.437404], [11.72, 55.44], [11.65, 55.44]]}, "properties": {"shape_id": "2207", "route_id": "11746_2", "route_short_name": "IC", "agency_id": "203"}}, {"type": "Feature", "geometry": {"type": "LineString", "coordinates": [[12.564894, 55.672755], [12.565448, 55.672199], [12.56592, 55.671619], [12.566311, 55.671023], [12.566491, 55.670551], [12.566543, 55.670072], [12.566499, 55.669588], [12.566328, 55.669108], [12.566157, 55.668807], [12.565939, 55.668507], [12.56569, 55.668218], [12.565379, 55.667948], [12.565021, 55.667689], [12.564634, 55.667457], [12.562396, 55.666291], [12.559909, 55.665005], [12.559329, 55.664752], [12.558984, 55.664627], [12.558608, 55.664512], [12.558218, 55.664425], [12.557815, 55.664365], [12.5477, 55.663165], [12.546711, 55.662951], [12.545711, 55.6628], [12.544668, 55.662704], [12.54363, 55.662662], [12.543011, 55.662671], [12.542094, 55.662734], [12.539469, 55.663088], [12.538161, 55.663225], [12.535312, 55.663379], [12.531457, 55.66349], [12.523119, 55.66364], [12.5191, 55.663702], [12.514372, 55.663837], [12.51132, 55.663862], [12.508128, 55.663917], [12.505741, 55.663913], [12.503462, 55.664042], [12.500991, 55.663986], [12.491492, 55.664131], [12.488518, 55.664144], [12.485647, 55.664226], [12.478799, 55.664321], [12.470809, 55.664449], [12.459058, 55.664673], [12.45437, 55.664724], [12.444821, 55.664858], [12.440677, 55.664947], [12.438323, 55.664951], [12.428235, 55.665098], [12.423801, 55.665141], [12.420455, 55.665082], [12.417258, 55.664901], [12.413572, 55.664581], [12.407614, 55.663929], [12.401645, 55.663339], [12.397902, 55.662913], [12.394431, 55.662505], [12.382722, 55.661183], [12.356998, 55.658339], [12.353164, 55.657958], [12.348456, 55.657395], [12.318404, 55.654076], [12.310185, 55.653165], [12.306946, 55.652839], [12.302941, 55.652488], [12.297069, 55.651873], [12.293057, 55.651433], [12.289007, 55.650921], [12.269331, 55.648741], [12.253139, 55.646933], [12.249672, 55.64654], [12.246622, 55.64618], [12.236913, 55.645088], [12.234252, 55.644817], [12.231772, 55.64463], [12.229108, 55.644521], [12.226056, 55.644529], [12.22262, 55.644691], [12.219875, 55.644943], [12.217657, 55.645235], [12.214316, 55.645782], [12.205881, 55.647225], [12.202055, 55.647883], [12.198798, 55.648498], [12.197182, 55.648765], [12.193747, 55.649331], [12.190414, 55.649795], [12.1877, 55.650055], [12.184424, 55.650239], [12.180769, 55.650262], [12.178026, 55.650162], [12.132279, 55.647914], [12.11978, 55.647289], [12.116789, 55.64705], [12.11409, 55.646705], [12.110786, 55.646133], [12.107629, 55.645422], [12.104213, 55.644438], [12.099522, 55.642813], [12.097118, 55.641957], [12.09522, 55.641267], [12.092565, 55.640256], [12.090109, 55.639347], [12.088784, 55.638867], [12.086511, 55.638062], [12.081839, 55.636462], [12.081332, 55.636268], [12.080361, 55.635843], [12.078942, 55.635186], [12.077599, 55.634474], [12.076332, 55.633724], [12.071609, 55.630632], [12.069608, 55.629235], [12.066463, 55.627219], [12.060685, 55.623426], [12.058286, 55.621993], [12.055426, 55.619952], [12.05345, 55.618446], [12.052086, 55.617239], [12.050981, 55.616107], [12.049895, 55.614813], [12.048475, 55.612681], [12.04757, 55.610843], [12.047035, 55.609472], [12.046441, 55.608165], [12.045242, 55.604581], [12.036705, 55.581463], [12.036098, 55.579554], [12.035647, 55.577417], [12.035515, 55.575919], [12.035477, 55.571515], [12.035466, 55.565204], [12.035279, 55.563401], [12.034889, 55.56164], [12.034196, 55.55985], [12.033121, 55.557845], [12.031863, 55.556123], [12.030284, 55.554373], [12.028189, 55.552492], [12.025129, 55.55023], [12.024279, 55.549703], [12.017918, 55.545742], [12.006153, 55.538273], [12.00099, 55.53502], [11.998772, 55.533582], [11.984883, 55.524751], [11.982892, 55.523362], [11.981117, 55.521894], [11.97968, 55.520491], [11.978219, 55.518783], [11.976895, 55.516774], [11.975878, 55.514632], [11.975191, 55.512258], [11.973261, 55.500743], [11.972523, 55.496617], [11.972042, 55.494651], [11.97158, 55.49272], [11.971017, 55.490927], [11.970321, 55.489254], [11.969285, 55.487481], [11.967864, 55.485843], [11.965922, 55.48402], [11.96375, 55.482302], [11.961336, 55.480715], [11.958695, 55.479269], [11.956749, 55.478228], [11.920929, 55.459212], [11.91869, 55.458025], [11.916981, 55.457166], [11.914281, 55.455945], [11.911102, 55.454672], [11.908553, 55.45378], [11.905638, 55.45287], [11.902717, 55.452076], [11.899611, 55.451349], [11.896449, 55.450732], [11.89307, 55.450165], [11.829783, 55.440849], [11.824957, 55.440152], [11.82172, 55.439777], [11.819051, 55.439596], [11.798266, 55.438608], [11.795207, 55.438498], [11.791778, 55.438307], [11.789228, 55.438248], [11.786405, 55.438132], [11.782992, 55.43794], [11.779543, 55.437686], [11.772993, 55.437404], [11.72, 55.44], [11.65, 55.44]]}, "properties": {"shape_id": "2209", "route_id": "11746_2", "route_short_name": "IC", "agency_id": "203"}}, {"type": "Feature", "geometry": {"type": "LineString", "coordinates": [[11.65, 55.44], [11.72, 55.44], [11.772993, 55.437404], [11.779543, 55.437686], [11.782992, 55.43794], [11.786405, 55.438132], [11.789228, 55.438248], [11.791778, 55.438307], [11.795207, 55.438498], [11.798266, 55.438608], [11.819051, 55.439596], [11.82172, 55.439777], [11.824957, 55.440152], [11.829783, 55.440849], [11.89307, 55.450165], [11.896449, 55.450732], [11.899611, 55.451349], [11.902717, 55.452076], [11.905638, 55.45287], [11.908553, 55.45378], [11.911102, 55.454672], [11.914281, 55.455945], [11.916981, 55.457166], [11.91869, 55.458025], [11.920929, 55.459212], [11.956749, 55.478228], [11.958695, 55.479269], [11.961336, 55.480715], [11.96375, 55.482302], [11.965922, 55.48402], [11.967864, 55.485843], [11.969285, 55.487481], [11.970321, 55.489254], [11.971017, 55.490927], [11.97158, 55.49272], [11.972042, 55.494651], [11.972523, 55.496617], [11.973261, 55.500743], [11.975191, 55.512258], [11.975878, 55.514632], [11.976895, 55.516774], [11.978219, 55.518783], [11.97968, 55.520491], [11.981117, 55.521894], [11.982892, 55.523362], [11.984883, 55.524751], [11.998772, 55.533582], [12.00099, 55.53502], [12.006153, 55.538273], [12.017918, 55.545742], [12.024279, 55.549703], [12.025129, 55.55023], [12.028189, 55.552492], [12.030284, 55.554373], [12.031863, 55.556123], [12.033121, 55.557845], [12.034196, 55.55985], [12.034889, 55.56164], [12.035279, 55.563401], [12.035466, 55.565204], [12.035477, 55.571515], [12.035515, 55.575919], [12.035647, 55.577417], [12.036098, 55.579554], [12.036705, 55.581463], [12.045242, 55.604581], [12.046441, 55.608165], [12.047035, 55.609472], [12.04757, 55.610843], [12.048475, 55.612681], [12.049895, 55.614813], [12.050981, 55.616107], [12.052086, 55.617239], [12.05345, 55.618446], [12.055426, 55.619952], [12.058286, 55.621993], [12.060685, 55.623426], [12.066463, 55.627219], [12.069608, 55.629235], [12.071609, 55.630632], [12.076332, 55.633724], [12.077599, 55.634474], [12.078942, 55.635186], [12.080361, 55.635843], [12.081332, 55.636268], [12.081839, 55.636462], [12.086511, 55.638062], [12.088784, 55.638867], [12.090109, 55.639347], [12.092565, 55.640256], [12.09522, 55.641267], [12.097118, 55.641957], [12.099522, 55.642813], [12.104213, 55.644438], [12.107629, 55.645422], [12.110786, 55.646133], [12.11409, 55.646705], [12.116789, 55.64705], [12.11978, 55.647289], [12.132279, 55.647914], [12.178026, 55.650162], [12.180769, 55.650262], [12.184424, 55.650239], [12.1877, 55.650055], [12.190414, 55.649795], [12.193747, 55.649331], [12.197182, 55.648765], [12.198798, 55.648498], [12.202055, 55.647883], [12.205881, 55.647225], [12.214316, 55.645782], [12.217657, 55.645235], [12.219875, 55.644943], [12.22262, 55.644691], [12.226056, 55.644529], [12.229108, 55.644521], [12.231772, 55.64463], [12.234252, 55.644817], [12.236913, 55.645088], [12.246622, 55.64618], [12.249672, 55.64654], [12.253139, 55.646933], [12.269331, 55.648741], [12.289007, 55.650921], [12.293057, 55.651433], [12.297069, 55.651873], [12.302941, 55.652488], [12.306946, 55.652839], [12.310185, 55.653165], [12.318404, 55.654076], [12.348456, 55.657395], [12.353164, 55.657958], [12.356998, 55.658339], [12.382722, 55.661183], [12.394431, 55.662505], [12.397902, 55.662913], [12.401645, 55.663339], [12.407614, 55.663929], [12.413572, 55.664581], [12.417258, 55.664901], [12.420455, 55.665082], [12.423801, 55.665141], [12.428235, 55.665098], [12.438323, 55.664951], [12.440677, 55.664947], [12.444821, 55.664858], [12.45437, 55.664724], [12.459058, 55.664673], [12.470809, 55.664449], [12.478799, 55.664321], [12.485647, 55.664226], [12.488518, 55.664144], [12.491492, 55.664131], [12.500991, 55.663986], [12.503462, 55.664042], [12.505741, 55.663913], [12.508128, 55.663917], [12.51132, 55.663862], [12.514372, 55.663837], [12.5191, 55.663702], [12.523119, 55.66364], [12.531457, 55.66349], [12.535312, 55.663379], [12.538161, 55.663225], [12.539469, 55.663088], [12.542094, 55.662734], [12.543011, 55.662671], [12.54363, 55.662662], [12.544668, 55.662704], [12.545711, 55.6628], [12.546711, 55.662951], [12.5477, 55.663165], [12.557815, 55.664365], [12.558218, 55.664425], [12.558608, 55.664512], [12.558984, 55.664627], [12.559329, 55.664752], [12.559909, 55.665005], [12.562396, 55.666291], [12.564634, 55.667457], [12.565021, 55.667689], [12.565379, 55.667948], [12.56569, 55.668218], [12.565939, 55.668507], [12.566157, 55.668807], [12.566328, 55.669108], [12.566499, 55.669588], [12.566543, 55.670072], [12.566491, 55.670551], [12.566311, 55.671023], [12.56592, 55.671619], [12.565448, 55.672199], [12.564894, 55.672755]]}, "properties": {"shape_id": "2210", "route_id": "11746_2", "route_short_name": "IC", "agency_id": "203"}}, {"type": "Feature", "geometry": {"type": "LineString", "coordinates": [[11.65, 55.44], [11.72, 55.44], [11.772993, 55.437404], [11.779543, 55.437686], [11.782992, 55.43794], [11.786405, 55.438132], [11.786564, 55.438138], [11.803201, 55.438845], [11.82172, 55.439777], [11.82566, 55.440252], [11.851376, 55.444033], [11.896449, 55.450732], [11.899611, 55.451349], [11.905638, 55.45287], [11.911838, 55.454565], [11.914293, 55.455253], [11.916896, 55.456009], [11.919629, 55.456609], [11.921365, 55.456972], [11.923721, 55.457383], [11.925547, 55.457681], [11.927867, 55.458039], [11.930449, 55.458292], [11.932853, 55.458504], [11.93476, 55.458611], [11.936964, 55.458675], [11.939626, 55.458737], [11.94252, 55.458721], [11.944667, 55.458652], [11.949444, 55.458429], [11.952548, 55.458264], [11.956065, 55.458116], [11.960384, 55.457894], [11.963444, 55.457775], [11.966063, 55.457676], [11.967674, 55.457646], [11.970129, 55.457685], [11.972507, 55.457744], [11.975686, 55.457946], [11.978344, 55.458151], [11.980585, 55.458294], [11.982268, 55.458361], [11.985834, 55.458454], [11.990211, 55.458589], [11.9931, 55.458707], [11.996746, 55.459014], [12.000622, 55.459422], [12.003607, 55.459771], [12.007008, 55.460182], [12.012213, 55.461214], [12.01899, 55.462521], [12.025706, 55.463641], [12.029857, 55.464122], [12.037066, 55.464861], [12.043958, 55.465588], [12.04885, 55.466231], [12.05135, 55.466636], [12.057855, 55.467876], [12.071511, 55.471112], [12.077276, 55.472783], [12.084762, 55.475624], [12.089334, 55.477199], [12.094073, 55.478293], [12.09912, 55.479271], [12.102656, 55.479739], [12.107662, 55.480196], [12.113767, 55.480319], [12.132309, 55.480574], [12.138995, 55.480646], [12.141852, 55.480734], [12.14386, 55.480898], [12.146497, 55.481208], [12.149177, 55.48167], [12.151595, 55.48221], [12.153616, 55.482733], [12.155974, 55.483517], [12.15861, 55.4846], [12.161555, 55.485989], [12.163656, 55.487302], [12.166076, 55.489244], [12.167483, 55.490601], [12.169244, 55.492803], [12.170768, 55.495416], [12.172743, 55.499887], [12.173575, 55.501753], [12.175371, 55.505573], [12.17671, 55.508235], [12.178043, 55.510224], [12.184833, 55.519937], [12.189842, 55.52681], [12.193331, 55.531727], [12.19674, 55.535045], [12.19889, 55.536733], [12.201827, 55.538733], [12.205124, 55.540472], [12.209208, 55.542532], [12.211374, 55.543815], [12.213771, 55.545397], [12.216937, 55.547849], [12.220645, 55.550926], [12.223323, 55.553409], [12.226584, 55.557971], [12.229512, 55.561957], [12.231142, 55.563641], [12.233907, 55.565815], [12.237689, 55.568593], [12.244842, 55.573357], [12.248332, 55.575458], [12.25406, 55.57928], [12.259592, 55.583602], [12.263079, 55.586017], [12.269339, 55.589905], [12.272843, 55.592518], [12.276417, 55.595398], [12.281743, 55.599652], [12.283152, 55.600747], [12.285384, 55.60218], [12.287077, 55.60324], [12.291806, 55.605658], [12.301476, 55.61054], [12.30937, 55.614499], [12.312119, 55.616196], [12.313519, 55.617165], [12.316405, 55.619542], [12.320607, 55.623771], [12.323377, 55.626645], [12.325071, 55.628253], [12.3275, 55.630093], [12.329648, 55.631626], [12.331084, 55.63263], [12.334149, 55.634471], [12.337315, 55.635994], [12.340635, 55.637468], [12.345088, 55.638983], [12.351123, 55.64041], [12.356682, 55.641282], [12.36325, 55.641687], [12.373892, 55.641952], [12.382046, 55.641925], [12.390735, 55.641298], [12.401242, 55.64], [12.404112, 55.639741], [12.413441, 55.639158], [12.415539, 55.639162], [12.418013, 55.639273], [12.420385, 55.639494], [12.424012, 55.640068], [12.42657, 55.640787], [12.430238, 55.642006], [12.434657, 55.644175], [12.436254, 55.644985], [12.440375, 55.64647], [12.444292, 55.647259], [12.449923, 55.648009], [12.454925, 55.648659], [12.458626, 55.649328], [12.469996, 55.651317], [12.474265, 55.651943], [12.479018, 55.652455], [12.481989, 55.652785], [12.483592, 55.653108], [12.484976, 55.653464], [12.486367, 55.65391], [12.487392, 55.654348], [12.493047, 55.657307], [12.494763, 55.658005], [12.496006, 55.658212], [12.49731, 55.658391], [12.499413, 55.65843], [12.501247, 55.658305], [12.503278, 55.657897], [12.506228, 55.656913], [12.508147, 55.656139], [12.509937, 55.65535], [12.512294, 55.65415], [12.515503, 55.652331], [12.515967, 55.652363], [12.516443, 55.652359], [12.516918, 55.652327], [12.517389, 55.652268], [12.517843, 55.652183], [12.52028, 55.65152], [12.52122, 55.651358], [12.521865, 55.651286], [12.522512, 55.651231], [12.523178, 55.651212], [12.523831, 55.65122], [12.527341, 55.651524], [12.528437, 55.65169], [12.529576, 55.651972], [12.535749, 55.653763], [12.536557, 55.654082], [12.537482, 55.654648], [12.537653, 55.654778], [12.538153, 55.655205], [12.538576, 55.65566], [12.538906, 55.656145], [12.53929, 55.657411], [12.53992, 55.65875], [12.541042, 55.660597], [12.541383, 55.661028], [12.541817, 55.661429], [12.542343, 55.661791], [12.542944, 55.662116], [12.54359, 55.662394], [12.544377, 55.66265], [12.544539, 55.662681], [12.545389, 55.662764], [12.546065, 55.662844], [12.547051, 55.663022], [12.5477, 55.663165], [12.557815, 55.664365], [12.558218, 55.664425], [12.558608, 55.664512], [12.559164, 55.664685], [12.559909, 55.665005], [12.562396, 55.666291], [12.564634, 55.667457], [12.565021, 55.667689], [12.565379, 55.667948], [12.56569, 55.668218], [12.565939, 55.668507], [12.566157, 55.668807], [12.566328, 55.669108], [12.566452, 55.669428], [12.566529, 55.669749], [12.566543, 55.670072], [12.566524, 55.670388], [12.566441, 55.670705], [12.566311, 55.671023], [12.566186, 55.671225], [12.56592, 55.671619], [12.565622, 55.672014], [12.565274, 55.672384], [12.564894, 55.672755], [12.564471, 55.673001], [12.564082, 55.673273], [12.56358, 55.673701], [12.563177, 55.674172], [12.562952, 55.674493], [12.562775, 55.674822], [12.562662, 55.675158], [12.562582, 55.675502], [12.562566, 55.675673], [12.562567, 55.676033], [12.562595, 55.676347], [12.562686, 55.67665], [12.562887, 55.677102], [12.563088, 55.677393], [12.563321, 55.677674], [12.563616, 55.677945], [12.563926, 55.678205], [12.566925, 55.679862], [12.570342, 55.682425], [12.571245, 55.683073], [12.572231, 55.683772], [12.574645, 55.685275], [12.57656, 55.686559], [12.580036, 55.688535], [12.581921, 55.689478], [12.583845, 55.690501], [12.587131, 55.692482], [12.587571, 55.692766]]}, "properties": {"shape_id": "2218", "route_id": "11746_2", "route_short_name": "IC", "agency_id": "203"}}, {"type": "Feature", "geometry": {"type": "LineString", "coordinates": [[11.65, 55.44], [11.72, 55.44], [11.772993, 55.437404], [11.779543, 55.437686], [11.782992, 55.43794], [11.786405, 55.438132], [11.786564, 55.438138], [11.803201, 55.438845], [11.82172, 55.439777], [11.82566, 55.440252], [11.851376, 55.444033], [11.896449, 55.450732], [11.899611, 55.451349], [11.905638, 55.45287], [11.911838, 55.454565], [11.914293, 55.455253], [11.916896, 55.456009], [11.919629, 55.456609], [11.921365, 55.456972], [11.923721, 55.457383], [11.925547, 55.457681], [11.927867, 55.458039], [11.930449, 55.458292], [11.932853, 55.458504], [11.93476, 55.458611], [11.936964, 55.458675], [11.939626, 55.458737], [11.94252, 55.458721], [11.944667, 55.458652], [11.949444, 55.458429], [11.952548, 55.458264], [11.956065, 55.458116], [11.960384, 55.457894], [11.963444, 55.457775], [11.966063, 55.457676], [11.967674, 55.457646], [11.970129, 55.457685], [11.972507, 55.457744], [11.975686, 55.457946], [11.978344, 55.458151], [11.980585, 55.458294], [11.982268, 55.458361], [11.985834, 55.458454], [11.990211, 55.458589], [11.9931, 55.458707], [11.996746, 55.459014], [12.000622, 55.459422], [12.003607, 55.459771], [12.007008, 55.460182], [12.012213, 55.461214], [12.01899, 55.462521], [12.025706, 55.463641], [12.029857, 55.464122], [12.037066, 55.464861], [12.043958, 55.465588], [12.04885, 55.466231], [12.05135, 55.466636], [12.057855, 55.467876], [12.071511, 55.471112], [12.077276, 55.472783], [12.084762, 55.475624], [12.089334, 55.477199], [12.094073, 55.478293], [12.09912, 55.479271], [12.102656, 55.479739], [12.107662, 55.480196], [12.113767, 55.480319], [12.132309, 55.480574], [12.138995, 55.480646], [12.141852, 55.480734], [12.14386, 55.480898], [12.146497, 55.481208], [12.149177, 55.48167], [12.151595, 55.48221], [12.153616, 55.482733], [12.155974, 55.483517], [12.15861, 55.4846], [12.161555, 55.485989], [12.163656, 55.487302], [12.166076, 55.489244], [12.167483, 55.490601], [12.169244, 55.492803], [12.170768, 55.495416], [12.172743, 55.499887], [12.173575, 55.501753], [12.175371, 55.505573], [12.17671, 55.508235], [12.178043, 55.510224], [12.184833, 55.519937], [12.189842, 55.52681], [12.193331, 55.531727], [12.19674, 55.535045], [12.19889, 55.536733], [12.201827, 55.538733], [12.205124, 55.540472], [12.209208, 55.542532], [12.211374, 55.543815], [12.213771, 55.545397], [12.216937, 55.547849], [12.220645, 55.550926], [12.223323, 55.553409], [12.226584, 55.557971], [12.229512, 55.561957], [12.231142, 55.563641], [12.233907, 55.565815], [12.237689, 55.568593], [12.244842, 55.573357], [12.248332, 55.575458], [12.25406, 55.57928], [12.259592, 55.583602], [12.263079, 55.586017], [12.269339, 55.589905], [12.272843, 55.592518], [12.276417, 55.595398], [12.281743, 55.599652], [12.283152, 55.600747], [12.285384, 55.60218], [12.287077, 55.60324], [12.291806, 55.605658], [12.301476, 55.61054], [12.30937, 55.614499], [12.312119, 55.616196], [12.313519, 55.617165], [12.316405, 55.619542], [12.320607, 55.623771], [12.323377, 55.626645], [12.325071, 55.628253], [12.3275, 55.630093], [12.329648, 55.631626], [12.331084, 55.63263], [12.334149, 55.634471], [12.337315, 55.635994], [12.340635, 55.637468], [12.345088, 55.638983], [12.351123, 55.64041], [12.356682, 55.641282], [12.36325, 55.641687], [12.373892, 55.641952], [12.382046, 55.641925], [12.390735, 55.641298], [12.401242, 55.64], [12.404112, 55.639741], [12.413441, 55.639158], [12.415539, 55.639162], [12.418013, 55.639273], [12.420385, 55.639494], [12.424012, 55.640068], [12.42657, 55.640787], [12.430238, 55.642006], [12.434657, 55.644175], [12.436254, 55.644985], [12.440375, 55.64647], [12.444292, 55.647259], [12.449923, 55.648009], [12.454925, 55.648659], [12.458626, 55.649328], [12.469996, 55.651317], [12.474265, 55.651943], [12.479018, 55.652455], [12.481989, 55.652785], [12.483592, 55.653108], [12.484976, 55.653464], [12.486367, 55.65391], [12.487392, 55.654348], [12.493047, 55.657307], [12.494763, 55.658005], [12.496006, 55.658212], [12.49731, 55.658391], [12.499413, 55.65843], [12.501247, 55.658305], [12.503278, 55.657897], [12.506228, 55.656913], [12.508147, 55.656139], [12.509937, 55.65535], [12.512294, 55.65415], [12.515503, 55.652331], [12.515967, 55.652363], [12.516443, 55.652359], [12.516918, 55.652327], [12.517389, 55.652268], [12.517843, 55.652183], [12.52028, 55.65152], [12.52122, 55.651358], [12.521865, 55.651286], [12.522512, 55.651231], [12.523178, 55.651212], [12.523831, 55.65122], [12.527341, 55.651524], [12.528437, 55.65169], [12.529576, 55.651972], [12.535749, 55.653763], [12.536557, 55.654082], [12.537482, 55.654648], [12.537653, 55.654778], [12.538153, 55.655205], [12.538576, 55.65566], [12.538906, 55.656145], [12.53929, 55.657411], [12.53992, 55.65875], [12.541042, 55.660597], [12.541383, 55.661028], [12.541817, 55.661429], [12.542343, 55.661791], [12.542944, 55.662116], [12.54359, 55.662394], [12.544377, 55.66265], [12.544539, 55.662681], [12.545389, 55.662764], [12.546065, 55.662844], [12.547051, 55.663022], [12.5477, 55.663165], [12.557815, 55.664365], [12.558218, 55.664425], [12.558608, 55.664512], [12.559164, 55.664685], [12.559909, 55.665005], [12.562396, 55.666291], [12.564634, 55.667457], [12.565021, 55.667689], [12.565379, 55.667948], [12.56569, 55.668218], [12.565939, 55.668507], [12.566157, 55.668807], [12.566328, 55.669108], [12.566452, 55.669428], [12.566529, 55.669749], [12.566543, 55.670072], [12.566524, 55.670388], [12.566441, 55.670705], [12.566311, 55.671023], [12.566186, 55.671225], [12.56592, 55.671619], [12.565622, 55.672014], [12.565274, 55.672384], [12.564894, 55.672755], [12.564471, 55.673001], [12.564082, 55.673273], [12.56358, 55.673701], [12.563177, 55.674172], [12.562952, 55.674493], [12.562775, 55.674822], [12.562662, 55.675158], [12.562582, 55.675502], [12.562566, 55.675673], [12.562567, 55.676033], [12.562595, 55.676347], [12.562686, 55.67665], [12.562887, 55.677102], [12.563088, 55.677393], [12.563321, 55.677674], [12.563616, 55.677945], [12.563926, 55.678205], [12.566925, 55.679862], [12.570342, 55.682425], [12.571245, 55.683073], [12.572231, 55.683772], [12.574645, 55.685275], [12.57656, 55.686559], [12.580036, 55.688535], [12.581921, 55.689478], [12.583845, 55.690501], [12.587131, 55.692482], [12.587571, 55.692766]]}, "properties": {"shape_id": "2219", "route_id": "11746_2", "route_short_name": "IC", "agency_id": "203"}}, {"type": "Feature", "geometry": {"type": "LineString", "coordinates": [[11.65, 55.44], [11.72, 55.44], [11.772993, 55.437404], [11.779543, 55.437686], [11.782992, 55.43794], [11.786405, 55.438132], [11.786564, 55.438138], [11.803201, 55.438845], [11.82172, 55.439777], [11.82566, 55.440252], [11.851376, 55.444033], [11.896449, 55.450732], [11.899611, 55.451349], [11.905638, 55.45287], [11.911838, 55.454565], [11.914293, 55.455253], [11.916896, 55.456009], [11.919629, 55.456609], [11.921365, 55.456972], [11.923721, 55.457383], [11.925547, 55.457681], [11.927867, 55.458039], [11.930449, 55.458292], [11.932853, 55.458504], [11.93476, 55.458611], [11.936964, 55.458675], [11.939626, 55.458737], [11.94252, 55.458721], [11.944667, 55.458652], [11.949444, 55.458429], [11.952548, 55.458264], [11.956065, 55.458116], [11.960384, 55.457894], [11.963444, 55.457775], [11.966063, 55.457676], [11.967674, 55.457646], [11.970129, 55.457685], [11.972507, 55.457744], [11.975686, 55.457946], [11.978344, 55.458151], [11.980585, 55.458294], [11.982268, 55.458361], [11.985834, 55.458454], [11.990211, 55.458589], [11.9931, 55.458707], [11.996746, 55.459014], [12.000622, 55.459422], [12.003607, 55.459771], [12.007008, 55.460182], [12.012213, 55.461214], [12.01899, 55.462521], [12.025706, 55.463641], [12.029857, 55.464122], [12.037066, 55.464861], [12.043958, 55.465588], [12.04885, 55.466231], [12.05135, 55.466636], [12.057855, 55.467876], [12.071511, 55.471112], [12.077276, 55.472783], [12.084762, 55.475624], [12.089334, 55.477199], [12.094073, 55.478293], [12.09912, 55.479271], [12.102656, 55.479739], [12.107662, 55.480196], [12.113767, 55.480319], [12.132309, 55.480574], [12.138995, 55.480646], [12.141852, 55.480734], [12.14386, 55.480898], [12.146497, 55.481208], [12.149177, 55.48167], [12.151595, 55.48221], [12.153616, 55.482733], [12.155974, 55.483517], [12.15861, 55.4846], [12.161555, 55.485989], [12.163656, 55.487302], [12.166076, 55.489244], [12.167483, 55.490601], [12.169244, 55.492803], [12.170768, 55.495416], [12.172743, 55.499887], [12.173575, 55.501753], [12.175371, 55.505573], [12.17671, 55.508235], [12.178043, 55.510224], [12.184833, 55.519937], [12.189842, 55.52681], [12.193331, 55.531727], [12.19674, 55.535045], [12.19889, 55.536733], [12.201827, 55.538733], [12.205124, 55.540472], [12.209208, 55.542532], [12.211374, 55.543815], [12.213771, 55.545397], [12.216937, 55.547849], [12.220645, 55.550926], [12.223323, 55.553409], [12.226584, 55.557971], [12.229512, 55.561957], [12.231142, 55.563641], [12.233907, 55.565815], [12.237689, 55.568593], [12.244842, 55.573357], [12.248332, 55.575458], [12.25406, 55.57928], [12.259592, 55.583602], [12.263079, 55.586017], [12.269339, 55.589905], [12.272843, 55.592518], [12.276417, 55.595398], [12.281743, 55.599652], [12.283152, 55.600747], [12.285384, 55.60218], [12.287077, 55.60324], [12.291806, 55.605658], [12.301476, 55.61054], [12.30937, 55.614499], [12.312119, 55.616196], [12.313519, 55.617165], [12.316405, 55.619542], [12.320607, 55.623771], [12.323377, 55.626645], [12.325071, 55.628253], [12.3275, 55.630093], [12.329648, 55.631626], [12.331084, 55.63263], [12.334149, 55.634471], [12.337315, 55.635994], [12.340635, 55.637468], [12.345088, 55.638983], [12.351123, 55.64041], [12.356682, 55.641282], [12.36325, 55.641687], [12.373892, 55.641952], [12.382046, 55.641925], [12.390735, 55.641298], [12.401242, 55.64], [12.404112, 55.639741], [12.413441, 55.639158], [12.415539, 55.639162], [12.418013, 55.639273], [12.420385, 55.639494], [12.424012, 55.640068], [12.42657, 55.640787], [12.430238, 55.642006], [12.434657, 55.644175], [12.436254, 55.644985], [12.440375, 55.64647], [12.444292, 55.647259], [12.449923, 55.648009], [12.454925, 55.648659], [12.458626, 55.649328], [12.469996, 55.651317], [12.474265, 55.651943], [12.479018, 55.652455], [12.481989, 55.652785], [12.483592, 55.653108], [12.484976, 55.653464], [12.486367, 55.65391], [12.487392, 55.654348], [12.493047, 55.657307], [12.494763, 55.658005], [12.496006, 55.658212], [12.49731, 55.658391], [12.499413, 55.65843], [12.501247, 55.658305], [12.503278, 55.657897], [12.506228, 55.656913], [12.508147, 55.656139], [12.509937, 55.65535], [12.512294, 55.65415], [12.515503, 55.652331], [12.515967, 55.652363], [12.516443, 55.652359], [12.516918, 55.652327], [12.517389, 55.652268], [12.517843, 55.652183], [12.52028, 55.65152], [12.52122, 55.651358], [12.521865, 55.651286], [12.522512, 55.651231], [12.523178, 55.651212], [12.523831, 55.65122], [12.527341, 55.651524], [12.528437, 55.65169], [12.529576, 55.651972], [12.535749, 55.653763], [12.536557, 55.654082], [12.537482, 55.654648], [12.537653, 55.654778], [12.538153, 55.655205], [12.538576, 55.65566], [12.538906, 55.656145], [12.53929, 55.657411], [12.53992, 55.65875], [12.541042, 55.660597], [12.541383, 55.661028], [12.541817, 55.661429], [12.542343, 55.661791], [12.542944, 55.662116], [12.54359, 55.662394], [12.544377, 55.66265], [12.544539, 55.662681], [12.545389, 55.662764], [12.546065, 55.662844], [12.547051, 55.663022], [12.5477, 55.663165], [12.557815, 55.664365], [12.558218, 55.664425], [12.558608, 55.664512], [12.559164, 55.664685], [12.559909, 55.665005], [12.562396, 55.666291], [12.564634, 55.667457], [12.565021, 55.667689], [12.565379, 55.667948], [12.56569, 55.668218], [12.565939, 55.668507], [12.566157, 55.668807], [12.566328, 55.669108], [12.566452, 55.669428], [12.566529, 55.669749], [12.566543, 55.670072], [12.566524, 55.670388], [12.566441, 55.670705], [12.566311, 55.671023], [12.566186, 55.671225], [12.56592, 55.671619], [12.565622, 55.672014], [12.565274, 55.672384], [12.564894, 55.672755]]}, "properties": {"shape_id": "2220", "route_id": "11746_2", "route_short_name": "IC", "agency_id": "203"}}, {"type": "Feature", "geometry": {"type": "LineString", "coordinates": [[12.564894, 55.672755], [12.565448, 55.672199], [12.56592, 55.671619], [12.566311, 55.671023], [12.566441, 55.670705], [12.566541, 55.670225], [12.566529, 55.669749], [12.566406, 55.669267], [12.566157, 55.668807], [12.565939, 55.668507], [12.56569, 55.668218], [12.565208, 55.667818], [12.564835, 55.667568], [12.562396, 55.666291], [12.559909, 55.665005], [12.559329, 55.664752], [12.558984, 55.664627], [12.558608, 55.664512], [12.558024, 55.664394], [12.5477, 55.663165], [12.547051, 55.663022], [12.546065, 55.662844], [12.545389, 55.662764], [12.544539, 55.662681], [12.544377, 55.66265], [12.543836, 55.662477], [12.543144, 55.662209], [12.542544, 55.661902], [12.541988, 55.661559], [12.541662, 55.661298], [12.541383, 55.661028], [12.541042, 55.660597], [12.53992, 55.65875], [12.53929, 55.657411], [12.538924, 55.655461], [12.538917, 55.655209], [12.538935, 55.654705], [12.539001, 55.654209], [12.539205, 55.653466], [12.539792, 55.652046], [12.54145, 55.648923], [12.5425, 55.646995], [12.543439, 55.645602], [12.54488, 55.64413], [12.5469, 55.642381], [12.54818, 55.641238], [12.549783, 55.639978], [12.554036, 55.636393], [12.555428, 55.635264], [12.557569, 55.633809], [12.559581, 55.63268], [12.561733, 55.631701], [12.563977, 55.630862], [12.566871, 55.629995], [12.569784, 55.629344], [12.572525, 55.628905], [12.575612, 55.628599], [12.57878, 55.628479], [12.582231, 55.628333], [12.585733, 55.628393], [12.589527, 55.628687], [12.593769, 55.629192], [12.596495, 55.629453], [12.600027, 55.629664], [12.602097, 55.629711], [12.62249, 55.630243], [12.632811, 55.630639], [12.63534, 55.630663], [12.639121, 55.63047], [12.641718, 55.630195], [12.645256, 55.629784], [12.648971, 55.629565], [12.649338, 55.629581], [12.649344, 55.629581]]}, "properties": {"shape_id": "2221", "route_id": "11746_2", "route_short_name": "IC", "agency_id": "203"}}, {"type": "Feature", "geometry": {"type": "LineString", "coordinates": [[12.649344, 55.629581], [12.649338, 55.629581], [12.648971, 55.629565], [12.645256, 55.629784], [12.641718, 55.630195], [12.639121, 55.63047], [12.63534, 55.630663], [12.632811, 55.630639], [12.62249, 55.630243], [12.602097, 55.629711], [12.600027, 55.629664], [12.596495, 55.629453], [12.593769, 55.629192], [12.589527, 55.628687], [12.585733, 55.628393], [12.582231, 55.628333], [12.57878, 55.628479], [12.575612, 55.628599], [12.572525, 55.628905], [12.569784, 55.629344], [12.566871, 55.629995], [12.563977, 55.630862], [12.561733, 55.631701], [12.559581, 55.63268], [12.557569, 55.633809], [12.555428, 55.635264], [12.554036, 55.636393], [12.549783, 55.639978], [12.54818, 55.641238], [12.5469, 55.642381], [12.54488, 55.64413], [12.543439, 55.645602], [12.5425, 55.646995], [12.54145, 55.648923], [12.539792, 55.652046], [12.539205, 55.653466], [12.539001, 55.654209], [12.538935, 55.654705], [12.538917, 55.655209], [12.538924, 55.655461], [12.53929, 55.657411], [12.53992, 55.65875], [12.541042, 55.660597], [12.541383, 55.661028], [12.541662, 55.661298], [12.541988, 55.661559], [12.542544, 55.661902], [12.543144, 55.662209], [12.543836, 55.662477], [12.544377, 55.66265], [12.544539, 55.662681], [12.545389, 55.662764], [12.546065, 55.662844], [12.547051, 55.663022], [12.5477, 55.663165], [12.558024, 55.664394], [12.558608, 55.664512], [12.558984, 55.664627], [12.559329, 55.664752], [12.559909, 55.665005], [12.562396, 55.666291], [12.564835, 55.667568], [12.565208, 55.667818], [12.56569, 55.668218], [12.565939, 55.668507], [12.566157, 55.668807], [12.566406, 55.669267], [12.566529, 55.669749], [12.566541, 55.670225], [12.566441, 55.670705], [12.566311, 55.671023], [12.56592, 55.671619], [12.565448, 55.672199], [12.564894, 55.672755]]}, "properties": {"shape_id": "2222", "route_id": "11746_2", "route_short_name": "IC", "agency_id": "203"}}, {"type": "Feature", "geometry": {"type": "LineString", "coordinates": [[12.587571, 55.692766], [12.587131, 55.692482], [12.583845, 55.690501], [12.581921, 55.689478], [12.580036, 55.688535], [12.57656, 55.686559], [12.574645, 55.685275], [12.572231, 55.683772], [12.571245, 55.683073], [12.570342, 55.682425], [12.566925, 55.679862], [12.563926, 55.678205], [12.563616, 55.677945], [12.563321, 55.677674], [12.563088, 55.677393], [12.562887, 55.677102], [12.562686, 55.67665], [12.562595, 55.676347], [12.562567, 55.676033], [12.562566, 55.675673], [12.562582, 55.675502], [12.562662, 55.675158], [12.562775, 55.674822], [12.562952, 55.674493], [12.563177, 55.674172], [12.56358, 55.673701], [12.564082, 55.673273], [12.564471, 55.673001], [12.564894, 55.672755], [12.565274, 55.672384], [12.565622, 55.672014], [12.56592, 55.671619], [12.566186, 55.671225], [12.566311, 55.671023], [12.566441, 55.670705], [12.566524, 55.670388], [12.566543, 55.670072], [12.566529, 55.669749], [12.566452, 55.669428], [12.566328, 55.669108], [12.566157, 55.668807], [12.565939, 55.668507], [12.56569, 55.668218], [12.565379, 55.667948], [12.565021, 55.667689], [12.564634, 55.667457], [12.562396, 55.666291], [12.559909, 55.665005], [12.559164, 55.664685], [12.558608, 55.664512], [12.558218, 55.664425], [12.557815, 55.664365], [12.5477, 55.663165], [12.547051, 55.663022], [12.546065, 55.662844], [12.545389, 55.662764], [12.544539, 55.662681], [12.544377, 55.66265], [12.54359, 55.662394], [12.542944, 55.662116], [12.542343, 55.661791], [12.541817, 55.661429], [12.541383, 55.661028], [12.541042, 55.660597], [12.53992, 55.65875], [12.53929, 55.657411], [12.538906, 55.656145], [12.538576, 55.65566], [12.538153, 55.655205], [12.537653, 55.654778], [12.537482, 55.654648], [12.536557, 55.654082], [12.535749, 55.653763], [12.529576, 55.651972], [12.528437, 55.65169], [12.527341, 55.651524], [12.523831, 55.65122], [12.523178, 55.651212], [12.522512, 55.651231], [12.521865, 55.651286], [12.52122, 55.651358], [12.52028, 55.65152], [12.517843, 55.652183], [12.517389, 55.652268], [12.516918, 55.652327], [12.516443, 55.652359], [12.515967, 55.652363], [12.515503, 55.652331], [12.513475, 55.653487], [12.511108, 55.65475], [12.508895, 55.655794], [12.506228, 55.656913], [12.503278, 55.657897], [12.501247, 55.658305], [12.499413, 55.65843], [12.49731, 55.658391], [12.496006, 55.658212], [12.494763, 55.658005], [12.493047, 55.657307], [12.487392, 55.654348], [12.486367, 55.65391], [12.484976, 55.653464], [12.483592, 55.653108], [12.481989, 55.652785], [12.479018, 55.652455], [12.474265, 55.651943], [12.469996, 55.651317], [12.458626, 55.649328], [12.454925, 55.648659], [12.449923, 55.648009], [12.444292, 55.647259], [12.440375, 55.64647], [12.436254, 55.644985], [12.434657, 55.644175], [12.430238, 55.642006], [12.42657, 55.640787], [12.424012, 55.640068], [12.420385, 55.639494], [12.418013, 55.639273], [12.415539, 55.639162], [12.413441, 55.639158], [12.404112, 55.639741], [12.401242, 55.64], [12.390735, 55.641298], [12.382046, 55.641925], [12.373892, 55.641952], [12.36325, 55.641687], [12.356682, 55.641282], [12.351123, 55.64041], [12.345088, 55.638983], [12.340635, 55.637468], [12.337315, 55.635994], [12.334149, 55.634471], [12.331084, 55.63263], [12.329648, 55.631626], [12.3275, 55.630093], [12.325071, 55.628253], [12.323377, 55.626645], [12.320607, 55.623771], [12.316405, 55.619542], [12.313519, 55.617165], [12.312119, 55.616196], [12.30937, 55.614499], [12.301476, 55.61054], [12.291806, 55.605658], [12.287077, 55.60324], [12.285384, 55.60218], [12.283152, 55.600747], [12.281743, 55.599652], [12.276417, 55.595398], [12.272843, 55.592518], [12.269339, 55.589905], [12.263079, 55.586017], [12.259592, 55.583602], [12.25406, 55.57928], [12.248332, 55.575458], [12.244842, 55.573357], [12.237689, 55.568593], [12.233907, 55.565815], [12.231142, 55.563641], [12.229512, 55.561957], [12.226584, 55.557971], [12.223323, 55.553409], [12.220645, 55.550926], [12.216937, 55.547849], [12.213771, 55.545397], [12.211374, 55.543815], [12.209208, 55.542532], [12.205124, 55.540472], [12.201827, 55.538733], [12.19889, 55.536733], [12.19674, 55.535045], [12.193331, 55.531727], [12.189842, 55.52681], [12.184833, 55.519937], [12.178043, 55.510224], [12.17671, 55.508235], [12.175371, 55.505573], [12.173575, 55.501753], [12.172743, 55.499887], [12.170768, 55.495416], [12.169244, 55.492803], [12.167483, 55.490601], [12.166076, 55.489244], [12.163656, 55.487302], [12.161555, 55.485989], [12.15861, 55.4846], [12.155974, 55.483517], [12.153616, 55.482733], [12.151595, 55.48221], [12.149177, 55.48167], [12.146497, 55.481208], [12.14386, 55.480898], [12.141852, 55.480734], [12.138995, 55.480646], [12.132309, 55.480574], [12.113767, 55.480319], [12.107662, 55.480196], [12.102656, 55.479739], [12.09912, 55.479271], [12.094073, 55.478293], [12.089334, 55.477199], [12.084762, 55.475624], [12.077276, 55.472783], [12.071511, 55.471112], [12.057855, 55.467876], [12.05135, 55.466636], [12.04885, 55.466231], [12.043958, 55.465588], [12.037066, 55.464861], [12.029857, 55.464122], [12.025706, 55.463641], [12.01899, 55.462521], [12.012213, 55.461214], [12.007008, 55.460182], [12.003607, 55.459771], [12.000622, 55.459422], [11.996746, 55.459014], [11.9931, 55.458707], [11.990211, 55.458589], [11.985834, 55.458454], [11.982268, 55.458361], [11.980585, 55.458294], [11.978344, 55.458151], [11.975686, 55.457946], [11.972507, 55.457744], [11.970129, 55.457685], [11.967674, 55.457646], [11.966063, 55.457676], [11.963444, 55.457775], [11.960384, 55.457894], [11.956065, 55.458116], [11.952548, 55.458264], [11.949444, 55.458429], [11.944667, 55.458652], [11.94252, 55.458721], [11.939626, 55.458737], [11.936964, 55.458675], [11.93476, 55.458611], [11.932853, 55.458504], [11.930449, 55.458292], [11.927867, 55.458039], [11.925547, 55.457681], [11.923721, 55.457383], [11.921365, 55.456972], [11.919629, 55.456609], [11.916896, 55.456009], [11.914293, 55.455253], [11.911838, 55.454565], [11.905638, 55.45287], [11.899611, 55.451349], [11.896449, 55.450732], [11.89307, 55.450165], [11.829783, 55.440849], [11.824957, 55.440152], [11.82172, 55.439777], [11.819051, 55.439596], [11.798266, 55.438608], [11.795207, 55.438498], [11.791778, 55.438307], [11.789228, 55.438248], [11.786564, 55.438138], [11.786405, 55.438132], [11.782992, 55.43794], [11.779543, 55.437686], [11.772993, 55.437404], [11.72, 55.44], [11.65, 55.44]]}, "properties": {"shape_id": "2269", "route_id": "11746_2", "route_short_name": "IC", "agency_id": "203"}}, {"type": "Feature", "geometry": {"type": "LineString", "coordinates": [[12.587571, 55.692766], [12.587131, 55.692482], [12.583845, 55.690501], [12.581921, 55.689478], [12.580036, 55.688535], [12.57656, 55.686559], [12.574645, 55.685275], [12.572231, 55.683772], [12.571245, 55.683073], [12.570342, 55.682425], [12.566925, 55.679862], [12.563926, 55.678205], [12.563616, 55.677945], [12.563321, 55.677674], [12.563088, 55.677393], [12.562887, 55.677102], [12.562686, 55.67665], [12.562595, 55.676347], [12.562567, 55.676033], [12.562566, 55.675673], [12.562582, 55.675502], [12.562662, 55.675158], [12.562775, 55.674822], [12.562952, 55.674493], [12.563177, 55.674172], [12.56358, 55.673701], [12.564082, 55.673273], [12.564471, 55.673001], [12.564894, 55.672755], [12.565274, 55.672384], [12.565622, 55.672014], [12.56592, 55.671619], [12.566186, 55.671225], [12.566311, 55.671023], [12.566441, 55.670705], [12.566524, 55.670388], [12.566543, 55.670072], [12.566529, 55.669749], [12.566452, 55.669428], [12.566328, 55.669108], [12.566157, 55.668807], [12.565939, 55.668507], [12.56569, 55.668218], [12.565379, 55.667948], [12.565021, 55.667689], [12.564634, 55.667457], [12.562396, 55.666291], [12.559909, 55.665005], [12.559164, 55.664685], [12.558608, 55.664512], [12.558218, 55.664425], [12.557815, 55.664365], [12.5477, 55.663165], [12.547051, 55.663022], [12.546065, 55.662844], [12.545389, 55.662764], [12.544539, 55.662681], [12.544377, 55.66265], [12.54359, 55.662394], [12.542944, 55.662116], [12.542343, 55.661791], [12.541817, 55.661429], [12.541383, 55.661028], [12.541042, 55.660597], [12.53992, 55.65875], [12.53929, 55.657411], [12.538906, 55.656145], [12.538576, 55.65566], [12.538153, 55.655205], [12.537653, 55.654778], [12.537482, 55.654648], [12.536557, 55.654082], [12.535749, 55.653763], [12.529576, 55.651972], [12.528437, 55.65169], [12.527341, 55.651524], [12.523831, 55.65122], [12.523178, 55.651212], [12.522512, 55.651231], [12.521865, 55.651286], [12.52122, 55.651358], [12.52028, 55.65152], [12.517843, 55.652183], [12.517389, 55.652268], [12.516918, 55.652327], [12.516443, 55.652359], [12.515967, 55.652363], [12.515503, 55.652331], [12.513475, 55.653487], [12.511108, 55.65475], [12.508895, 55.655794], [12.506228, 55.656913], [12.503278, 55.657897], [12.501247, 55.658305], [12.499413, 55.65843], [12.49731, 55.658391], [12.496006, 55.658212], [12.494763, 55.658005], [12.493047, 55.657307], [12.487392, 55.654348], [12.486367, 55.65391], [12.484976, 55.653464], [12.483592, 55.653108], [12.481989, 55.652785], [12.479018, 55.652455], [12.474265, 55.651943], [12.469996, 55.651317], [12.458626, 55.649328], [12.454925, 55.648659], [12.449923, 55.648009], [12.444292, 55.647259], [12.440375, 55.64647], [12.436254, 55.644985], [12.434657, 55.644175], [12.430238, 55.642006], [12.42657, 55.640787], [12.424012, 55.640068], [12.420385, 55.639494], [12.418013, 55.639273], [12.415539, 55.639162], [12.413441, 55.639158], [12.404112, 55.639741], [12.401242, 55.64], [12.390735, 55.641298], [12.382046, 55.641925], [12.373892, 55.641952], [12.36325, 55.641687], [12.356682, 55.641282], [12.351123, 55.64041], [12.345088, 55.638983], [12.340635, 55.637468], [12.337315, 55.635994], [12.334149, 55.634471], [12.331084, 55.63263], [12.329648, 55.631626], [12.3275, 55.630093], [12.325071, 55.628253], [12.323377, 55.626645], [12.320607, 55.623771], [12.316405, 55.619542], [12.313519, 55.617165], [12.312119, 55.616196], [12.30937, 55.614499], [12.301476, 55.61054], [12.291806, 55.605658], [12.287077, 55.60324], [12.285384, 55.60218], [12.283152, 55.600747], [12.281743, 55.599652], [12.276417, 55.595398], [12.272843, 55.592518], [12.269339, 55.589905], [12.263079, 55.586017], [12.259592, 55.583602], [12.25406, 55.57928], [12.248332, 55.575458], [12.244842, 55.573357], [12.237689, 55.568593], [12.233907, 55.565815], [12.231142, 55.563641], [12.229512, 55.561957], [12.226584, 55.557971], [12.223323, 55.553409], [12.220645, 55.550926], [12.216937, 55.547849], [12.213771, 55.545397], [12.211374, 55.543815], [12.209208, 55.542532], [12.205124, 55.540472], [12.201827, 55.538733], [12.19889, 55.536733], [12.19674, 55.535045], [12.193331, 55.531727], [12.189842, 55.52681], [12.184833, 55.519937], [12.178043, 55.510224], [12.17671, 55.508235], [12.175371, 55.505573], [12.173575, 55.501753], [12.172743, 55.499887], [12.170768, 55.495416], [12.169244, 55.492803], [12.167483, 55.490601], [12.166076, 55.489244], [12.163656, 55.487302], [12.161555, 55.485989], [12.15861, 55.4846], [12.155974, 55.483517], [12.153616, 55.482733], [12.151595, 55.48221], [12.149177, 55.48167], [12.146497, 55.481208], [12.14386, 55.480898], [12.141852, 55.480734], [12.138995, 55.480646], [12.132309, 55.480574], [12.113767, 55.480319], [12.107662, 55.480196], [12.102656, 55.479739], [12.09912, 55.479271], [12.094073, 55.478293], [12.089334, 55.477199], [12.084762, 55.475624], [12.077276, 55.472783], [12.071511, 55.471112], [12.057855, 55.467876], [12.05135, 55.466636], [12.04885, 55.466231], [12.043958, 55.465588], [12.037066, 55.464861], [12.029857, 55.464122], [12.025706, 55.463641], [12.01899, 55.462521], [12.012213, 55.461214], [12.007008, 55.460182], [12.003607, 55.459771], [12.000622, 55.459422], [11.996746, 55.459014], [11.9931, 55.458707], [11.990211, 55.458589], [11.985834, 55.458454], [11.982268, 55.458361], [11.980585, 55.458294], [11.978344, 55.458151], [11.975686, 55.457946], [11.972507, 55.457744], [11.970129, 55.457685], [11.967674, 55.457646], [11.966063, 55.457676], [11.963444, 55.457775], [11.960384, 55.457894], [11.956065, 55.458116], [11.952548, 55.458264], [11.949444, 55.458429], [11.944667, 55.458652], [11.94252, 55.458721], [11.939626, 55.458737], [11.936964, 55.458675], [11.93476, 55.458611], [11.932853, 55.458504], [11.930449, 55.458292], [11.927867, 55.458039], [11.925547, 55.457681], [11.923721, 55.457383], [11.921365, 55.456972], [11.919629, 55.456609], [11.916896, 55.456009], [11.914293, 55.455253], [11.911838, 55.454565], [11.905638, 55.45287], [11.899611, 55.451349], [11.896449, 55.450732], [11.89307, 55.450165], [11.829783, 55.440849], [11.824957, 55.440152], [11.82172, 55.439777], [11.819051, 55.439596], [11.798266, 55.438608], [11.795207, 55.438498], [11.791778, 55.438307], [11.789228, 55.438248], [11.786564, 55.438138], [11.786405, 55.438132], [11.782992, 55.43794], [11.779543, 55.437686], [11.772993, 55.437404], [11.72, 55.44], [11.65, 55.44]]}, "properties": {"shape_id": "2271", "route_id": "11746_2", "route_short_name": "IC", "agency_id": "203"}}, {"type": "Feature", "geometry": {"type": "LineString", "coordinates": [[12.564894, 55.672755], [12.565274, 55.672384], [12.565622, 55.672014], [12.56592, 55.671619], [12.566186, 55.671225], [12.566311, 55.671023], [12.566441, 55.670705], [12.566524, 55.670388], [12.566543, 55.670072], [12.566529, 55.669749], [12.566452, 55.669428], [12.566328, 55.669108], [12.566157, 55.668807], [12.565939, 55.668507], [12.56569, 55.668218], [12.565379, 55.667948], [12.565021, 55.667689], [12.564634, 55.667457], [12.562396, 55.666291], [12.559909, 55.665005], [12.559164, 55.664685], [12.558608, 55.664512], [12.558218, 55.664425], [12.557815, 55.664365], [12.5477, 55.663165], [12.547051, 55.663022], [12.546065, 55.662844], [12.545389, 55.662764], [12.544539, 55.662681], [12.544377, 55.66265], [12.54359, 55.662394], [12.542944, 55.662116], [12.542343, 55.661791], [12.541817, 55.661429], [12.541383, 55.661028], [12.541042, 55.660597], [12.53992, 55.65875], [12.53929, 55.657411], [12.538906, 55.656145], [12.538576, 55.65566], [12.538153, 55.655205], [12.537653, 55.654778], [12.537482, 55.654648], [12.536557, 55.654082], [12.535749, 55.653763], [12.529576, 55.651972], [12.528437, 55.65169], [12.527341, 55.651524], [12.523831, 55.65122], [12.523178, 55.651212], [12.522512, 55.651231], [12.521865, 55.651286], [12.52122, 55.651358], [12.52028, 55.65152], [12.517843, 55.652183], [12.517389, 55.652268], [12.516918, 55.652327], [12.516443, 55.652359], [12.515967, 55.652363], [12.515503, 55.652331], [12.513475, 55.653487], [12.511108, 55.65475], [12.508895, 55.655794], [12.506228, 55.656913], [12.503278, 55.657897], [12.501247, 55.658305], [12.499413, 55.65843], [12.49731, 55.658391], [12.496006, 55.658212], [12.494763, 55.658005], [12.493047, 55.657307], [12.487392, 55.654348], [12.486367, 55.65391], [12.484976, 55.653464], [12.483592, 55.653108], [12.481989, 55.652785], [12.479018, 55.652455], [12.474265, 55.651943], [12.469996, 55.651317], [12.458626, 55.649328], [12.454925, 55.648659], [12.449923, 55.648009], [12.444292, 55.647259], [12.440375, 55.64647], [12.436254, 55.644985], [12.434657, 55.644175], [12.430238, 55.642006], [12.42657, 55.640787], [12.424012, 55.640068], [12.420385, 55.639494], [12.418013, 55.639273], [12.415539, 55.639162], [12.413441, 55.639158], [12.404112, 55.639741], [12.401242, 55.64], [12.390735, 55.641298], [12.382046, 55.641925], [12.373892, 55.641952], [12.36325, 55.641687], [12.356682, 55.641282], [12.351123, 55.64041], [12.345088, 55.638983], [12.340635, 55.637468], [12.337315, 55.635994], [12.334149, 55.634471], [12.331084, 55.63263], [12.329648, 55.631626], [12.3275, 55.630093], [12.325071, 55.628253], [12.323377, 55.626645], [12.320607, 55.623771], [12.316405, 55.619542], [12.313519, 55.617165], [12.312119, 55.616196], [12.30937, 55.614499], [12.301476, 55.61054], [12.291806, 55.605658], [12.287077, 55.60324], [12.285384, 55.60218], [12.283152, 55.600747], [12.281743, 55.599652], [12.276417, 55.595398], [12.272843, 55.592518], [12.269339, 55.589905], [12.263079, 55.586017], [12.259592, 55.583602], [12.25406, 55.57928], [12.248332, 55.575458], [12.244842, 55.573357], [12.237689, 55.568593], [12.233907, 55.565815], [12.231142, 55.563641], [12.229512, 55.561957], [12.226584, 55.557971], [12.223323, 55.553409], [12.220645, 55.550926], [12.216937, 55.547849], [12.213771, 55.545397], [12.211374, 55.543815], [12.209208, 55.542532], [12.205124, 55.540472], [12.201827, 55.538733], [12.19889, 55.536733], [12.19674, 55.535045], [12.193331, 55.531727], [12.189842, 55.52681], [12.184833, 55.519937], [12.178043, 55.510224], [12.17671, 55.508235], [12.175371, 55.505573], [12.173575, 55.501753], [12.172743, 55.499887], [12.170768, 55.495416], [12.169244, 55.492803], [12.167483, 55.490601], [12.166076, 55.489244], [12.163656, 55.487302], [12.161555, 55.485989], [12.15861, 55.4846], [12.155974, 55.483517], [12.153616, 55.482733], [12.151595, 55.48221], [12.149177, 55.48167], [12.146497, 55.481208], [12.14386, 55.480898], [12.141852, 55.480734], [12.138995, 55.480646], [12.132309, 55.480574], [12.113767, 55.480319], [12.107662, 55.480196], [12.102656, 55.479739], [12.09912, 55.479271], [12.094073, 55.478293], [12.089334, 55.477199], [12.084762, 55.475624], [12.077276, 55.472783], [12.071511, 55.471112], [12.057855, 55.467876], [12.05135, 55.466636], [12.04885, 55.466231], [12.043958, 55.465588], [12.037066, 55.464861], [12.029857, 55.464122], [12.025706, 55.463641], [12.01899, 55.462521], [12.012213, 55.461214], [12.007008, 55.460182], [12.003607, 55.459771], [12.000622, 55.459422], [11.996746, 55.459014], [11.9931, 55.458707], [11.990211, 55.458589], [11.985834, 55.458454], [11.982268, 55.458361], [11.980585, 55.458294], [11.978344, 55.458151], [11.975686, 55.457946], [11.972507, 55.457744], [11.970129, 55.457685], [11.967674, 55.457646], [11.966063, 55.457676], [11.963444, 55.457775], [11.960384, 55.457894], [11.956065, 55.458116], [11.952548, 55.458264], [11.949444, 55.458429], [11.944667, 55.458652], [11.94252, 55.458721], [11.939626, 55.458737], [11.936964, 55.458675], [11.93476, 55.458611], [11.932853, 55.458504], [11.930449, 55.458292], [11.927867, 55.458039], [11.925547, 55.457681], [11.923721, 55.457383], [11.921365, 55.456972], [11.919629, 55.456609], [11.916896, 55.456009], [11.914293, 55.455253], [11.911838, 55.454565], [11.905638, 55.45287], [11.899611, 55.451349], [11.896449, 55.450732], [11.89307, 55.450165], [11.829783, 55.440849], [11.824957, 55.440152], [11.82172, 55.439777], [11.819051, 55.439596], [11.798266, 55.438608], [11.795207, 55.438498], [11.791778, 55.438307], [11.789228, 55.438248], [11.786564, 55.438138], [11.786405, 55.438132], [11.782992, 55.43794], [11.779543, 55.437686], [11.772993, 55.437404], [11.72, 55.44], [11.65, 55.44]]}, "properties": {"shape_id": "2229", "route_id": "11747_2", "route_short_name": "ICL", "agency_id": "203"}}, {"type": "Feature", "geometry": {"type": "LineString", "coordinates": [[12.564894, 55.672755], [12.565274, 55.672384], [12.565622, 55.672014], [12.56592, 55.671619], [12.566186, 55.671225], [12.566311, 55.671023], [12.566441, 55.670705], [12.566524, 55.670388], [12.566543, 55.670072], [12.566529, 55.669749], [12.566452, 55.669428], [12.566328, 55.669108], [12.566157, 55.668807], [12.565939, 55.668507], [12.56569, 55.668218], [12.565379, 55.667948], [12.565021, 55.667689], [12.564634, 55.667457], [12.562396, 55.666291], [12.559909, 55.665005], [12.559164, 55.664685], [12.558608, 55.664512], [12.558218, 55.664425], [12.557815, 55.664365], [12.5477, 55.663165], [12.547051, 55.663022], [12.546065, 55.662844], [12.545389, 55.662764], [12.544539, 55.662681], [12.544377, 55.66265], [12.54359, 55.662394], [12.542944, 55.662116], [12.542343, 55.661791], [12.541817, 55.661429], [12.541383, 55.661028], [12.541042, 55.660597], [12.53992, 55.65875], [12.53929, 55.657411], [12.538906, 55.656145], [12.538576, 55.65566], [12.538153, 55.655205], [12.537653, 55.654778], [12.537482, 55.654648], [12.536557, 55.654082], [12.535749, 55.653763], [12.529576, 55.651972], [12.528437, 55.65169], [12.527341, 55.651524], [12.523831, 55.65122], [12.523178, 55.651212], [12.522512, 55.651231], [12.521865, 55.651286], [12.52122, 55.651358], [12.52028, 55.65152], [12.517843, 55.652183], [12.517389, 55.652268], [12.516918, 55.652327], [12.516443, 55.652359], [12.515967, 55.652363], [12.515503, 55.652331], [12.513475, 55.653487], [12.511108, 55.65475], [12.508895, 55.655794], [12.506228, 55.656913], [12.503278, 55.657897], [12.501247, 55.658305], [12.499413, 55.65843], [12.49731, 55.658391], [12.496006, 55.658212], [12.494763, 55.658005], [12.493047, 55.657307], [12.487392, 55.654348], [12.486367, 55.65391], [12.484976, 55.653464], [12.483592, 55.653108], [12.481989, 55.652785], [12.479018, 55.652455], [12.474265, 55.651943], [12.469996, 55.651317], [12.458626, 55.649328], [12.454925, 55.648659], [12.449923, 55.648009], [12.444292, 55.647259], [12.440375, 55.64647], [12.436254, 55.644985], [12.434657, 55.644175], [12.430238, 55.642006], [12.42657, 55.640787], [12.424012, 55.640068], [12.420385, 55.639494], [12.418013, 55.639273], [12.415539, 55.639162], [12.413441, 55.639158], [12.404112, 55.639741], [12.401242, 55.64], [12.390735, 55.641298], [12.382046, 55.641925], [12.373892, 55.641952], [12.36325, 55.641687], [12.356682, 55.641282], [12.351123, 55.64041], [12.345088, 55.638983], [12.340635, 55.637468], [12.337315, 55.635994], [12.334149, 55.634471], [12.331084, 55.63263], [12.329648, 55.631626], [12.3275, 55.630093], [12.325071, 55.628253], [12.323377, 55.626645], [12.320607, 55.623771], [12.316405, 55.619542], [12.313519, 55.617165], [12.312119, 55.616196], [12.30937, 55.614499], [12.301476, 55.61054], [12.291806, 55.605658], [12.287077, 55.60324], [12.285384, 55.60218], [12.283152, 55.600747], [12.281743, 55.599652], [12.276417, 55.595398], [12.272843, 55.592518], [12.269339, 55.589905], [12.263079, 55.586017], [12.259592, 55.583602], [12.25406, 55.57928], [12.248332, 55.575458], [12.244842, 55.573357], [12.237689, 55.568593], [12.233907, 55.565815], [12.231142, 55.563641], [12.229512, 55.561957], [12.226584, 55.557971], [12.223323, 55.553409], [12.220645, 55.550926], [12.216937, 55.547849], [12.213771, 55.545397], [12.211374, 55.543815], [12.209208, 55.542532], [12.205124, 55.540472], [12.201827, 55.538733], [12.19889, 55.536733], [12.19674, 55.535045], [12.193331, 55.531727], [12.189842, 55.52681], [12.184833, 55.519937], [12.178043, 55.510224], [12.17671, 55.508235], [12.175371, 55.505573], [12.173575, 55.501753], [12.172743, 55.499887], [12.170768, 55.495416], [12.169244, 55.492803], [12.167483, 55.490601], [12.166076, 55.489244], [12.163656, 55.487302], [12.161555, 55.485989], [12.15861, 55.4846], [12.155974, 55.483517], [12.153616, 55.482733], [12.151595, 55.48221], [12.149177, 55.48167], [12.146497, 55.481208], [12.14386, 55.480898], [12.141852, 55.480734], [12.138995, 55.480646], [12.132309, 55.480574], [12.113767, 55.480319], [12.107662, 55.480196], [12.102656, 55.479739], [12.09912, 55.479271], [12.094073, 55.478293], [12.089334, 55.477199], [12.084762, 55.475624], [12.077276, 55.472783], [12.071511, 55.471112], [12.057855, 55.467876], [12.05135, 55.466636], [12.04885, 55.466231], [12.043958, 55.465588], [12.037066, 55.464861], [12.029857, 55.464122], [12.025706, 55.463641], [12.01899, 55.462521], [12.012213, 55.461214], [12.007008, 55.460182], [12.003607, 55.459771], [12.000622, 55.459422], [11.996746, 55.459014], [11.9931, 55.458707], [11.990211, 55.458589], [11.985834, 55.458454], [11.982268, 55.458361], [11.980585, 55.458294], [11.978344, 55.458151], [11.975686, 55.457946], [11.972507, 55.457744], [11.970129, 55.457685], [11.967674, 55.457646], [11.966063, 55.457676], [11.963444, 55.457775], [11.960384, 55.457894], [11.956065, 55.458116], [11.952548, 55.458264], [11.949444, 55.458429], [11.944667, 55.458652], [11.94252, 55.458721], [11.939626, 55.458737], [11.936964, 55.458675], [11.93476, 55.458611], [11.932853, 55.458504], [11.930449, 55.458292], [11.927867, 55.458039], [11.925547, 55.457681], [11.923721, 55.457383], [11.921365, 55.456972], [11.919629, 55.456609], [11.916896, 55.456009], [11.914293, 55.455253], [11.911838, 55.454565], [11.905638, 55.45287], [11.899611, 55.451349], [11.896449, 55.450732], [11.89307, 55.450165], [11.829783, 55.440849], [11.824957, 55.440152], [11.82172, 55.439777], [11.819051, 55.439596], [11.798266, 55.438608], [11.795207, 55.438498], [11.791778, 55.438307], [11.789228, 55.438248], [11.786564, 55.438138], [11.786405, 55.438132], [11.782992, 55.43794], [11.779543, 55.437686], [11.772993, 55.437404], [11.72, 55.44], [11.65, 55.44]]}, "properties": {"shape_id": "2237", "route_id": "11747_2", "route_short_name": "ICL", "agency_id": "203"}}, {"type": "Feature", "geometry": {"type": "LineString", "coordinates": [[11.65, 55.44], [11.72, 55.44], [11.772993, 55.437404], [11.779543, 55.437686], [11.782992, 55.43794], [11.786405, 55.438132], [11.786564, 55.438138], [11.803201, 55.438845], [11.82172, 55.439777], [11.82566, 55.440252], [11.851376, 55.444033], [11.896449, 55.450732], [11.899611, 55.451349], [11.905638, 55.45287], [11.911838, 55.454565], [11.914293, 55.455253], [11.916896, 55.456009], [11.919629, 55.456609], [11.921365, 55.456972], [11.923721, 55.457383], [11.925547, 55.457681], [11.927867, 55.458039], [11.930449, 55.458292], [11.932853, 55.458504], [11.93476, 55.458611], [11.936964, 55.458675], [11.939626, 55.458737], [11.94252, 55.458721], [11.944667, 55.458652], [11.949444, 55.458429], [11.952548, 55.458264], [11.956065, 55.458116], [11.960384, 55.457894], [11.963444, 55.457775], [11.966063, 55.457676], [11.967674, 55.457646], [11.970129, 55.457685], [11.972507, 55.457744], [11.975686, 55.457946], [11.978344, 55.458151], [11.980585, 55.458294], [11.982268, 55.458361], [11.985834, 55.458454], [11.990211, 55.458589], [11.9931, 55.458707], [11.996746, 55.459014], [12.000622, 55.459422], [12.003607, 55.459771], [12.007008, 55.460182], [12.012213, 55.461214], [12.01899, 55.462521], [12.025706, 55.463641], [12.029857, 55.464122], [12.037066, 55.464861], [12.043958, 55.465588], [12.04885, 55.466231], [12.05135, 55.466636], [12.057855, 55.467876], [12.071511, 55.471112], [12.077276, 55.472783], [12.084762, 55.475624], [12.089334, 55.477199], [12.094073, 55.478293], [12.09912, 55.479271], [12.102656, 55.479739], [12.107662, 55.480196], [12.113767, 55.480319], [12.132309, 55.480574], [12.138995, 55.480646], [12.141852, 55.480734], [12.14386, 55.480898], [12.146497, 55.481208], [12.149177, 55.48167], [12.151595, 55.48221], [12.153616, 55.482733], [12.155974, 55.483517], [12.15861, 55.4846], [12.161555, 55.485989], [12.163656, 55.487302], [12.166076, 55.489244], [12.167483, 55.490601], [12.169244, 55.492803], [12.170768, 55.495416], [12.172743, 55.499887], [12.173575, 55.501753], [12.175371, 55.505573], [12.17671, 55.508235], [12.178043, 55.510224], [12.184833, 55.519937], [12.189842, 55.52681], [12.193331, 55.531727], [12.19674, 55.535045], [12.19889, 55.536733], [12.201827, 55.538733], [12.205124, 55.540472], [12.209208, 55.542532], [12.211374, 55.543815], [12.213771, 55.545397], [12.216937, 55.547849], [12.220645, 55.550926], [12.223323, 55.553409], [12.226584, 55.557971], [12.229512, 55.561957], [12.231142, 55.563641], [12.233907, 55.565815], [12.237689, 55.568593], [12.244842, 55.573357], [12.248332, 55.575458], [12.25406, 55.57928], [12.259592, 55.583602], [12.263079, 55.586017], [12.269339, 55.589905], [12.272843, 55.592518], [12.276417, 55.595398], [12.281743, 55.599652], [12.283152, 55.600747], [12.285384, 55.60218], [12.287077, 55.60324], [12.291806, 55.605658], [12.301476, 55.61054], [12.30937, 55.614499], [12.312119, 55.616196], [12.313519, 55.617165], [12.316405, 55.619542], [12.320607, 55.623771], [12.323377, 55.626645], [12.325071, 55.628253], [12.3275, 55.630093], [12.329648, 55.631626], [12.331084, 55.63263], [12.334149, 55.634471], [12.337315, 55.635994], [12.340635, 55.637468], [12.345088, 55.638983], [12.351123, 55.64041], [12.356682, 55.641282], [12.36325, 55.641687], [12.373892, 55.641952], [12.382046, 55.641925], [12.390735, 55.641298], [12.401242, 55.64], [12.404112, 55.639741], [12.413441, 55.639158], [12.415539, 55.639162], [12.418013, 55.639273], [12.420385, 55.639494], [12.424012, 55.640068], [12.42657, 55.640787], [12.430238, 55.642006], [12.434657, 55.644175], [12.436254, 55.644985], [12.440375, 55.64647], [12.444292, 55.647259], [12.449923, 55.648009], [12.454925, 55.648659], [12.458626, 55.649328], [12.469996, 55.651317], [12.474265, 55.651943], [12.479018, 55.652455], [12.481989, 55.652785], [12.483592, 55.653108], [12.484976, 55.653464], [12.486367, 55.65391], [12.487392, 55.654348], [12.493047, 55.657307], [12.494763, 55.658005], [12.496006, 55.658212], [12.49731, 55.658391], [12.499413, 55.65843], [12.501247, 55.658305], [12.503278, 55.657897], [12.506228, 55.656913], [12.508147, 55.656139], [12.509937, 55.65535], [12.512294, 55.65415], [12.515503, 55.652331], [12.515967, 55.652363], [12.516443, 55.652359], [12.516918, 55.652327], [12.517389, 55.652268], [12.517843, 55.652183], [12.52028, 55.65152], [12.52122, 55.651358], [12.521865, 55.651286], [12.522512, 55.651231], [12.523178, 55.651212], [12.523831, 55.65122], [12.527341, 55.651524], [12.528437, 55.65169], [12.529576, 55.651972], [12.535749, 55.653763], [12.536557, 55.654082], [12.537482, 55.654648], [12.537653, 55.654778], [12.538153, 55.655205], [12.538576, 55.65566], [12.538906, 55.656145], [12.53929, 55.657411], [12.53992, 55.65875], [12.541042, 55.660597], [12.541383, 55.661028], [12.541817, 55.661429], [12.542343, 55.661791], [12.542944, 55.662116], [12.54359, 55.662394], [12.544377, 55.66265], [12.544539, 55.662681], [12.545389, 55.662764], [12.546065, 55.662844], [12.547051, 55.663022], [12.5477, 55.663165], [12.557815, 55.664365], [12.558218, 55.664425], [12.558608, 55.664512], [12.559164, 55.664685], [12.559909, 55.665005], [12.562396, 55.666291], [12.564634, 55.667457], [12.565021, 55.667689], [12.565379, 55.667948], [12.56569, 55.668218], [12.565939, 55.668507], [12.566157, 55.668807], [12.566328, 55.669108], [12.566452, 55.669428], [12.566529, 55.669749], [12.566543, 55.670072], [12.566524, 55.670388], [12.566441, 55.670705], [12.566311, 55.671023], [12.566186, 55.671225], [12.56592, 55.671619], [12.565622, 55.672014], [12.565274, 55.672384], [12.564894, 55.672755]]}, "properties": {"shape_id": "2239", "route_id": "11747_2", "route_short_name": "ICL", "agency_id": "203"}}, {"type": "Feature", "geometry": {"type": "LineString", "coordinates": [[11.65, 55.44], [11.72, 55.44], [11.772993, 55.437404], [11.779543, 55.437686], [11.782992, 55.43794], [11.786405, 55.438132], [11.786564, 55.438138], [11.803201, 55.438845], [11.82172, 55.439777], [11.82566, 55.440252], [11.851376, 55.444033], [11.896449, 55.450732], [11.899611, 55.451349], [11.905638, 55.45287], [11.911838, 55.454565], [11.914293, 55.455253], [11.916896, 55.456009], [11.919629, 55.456609], [11.921365, 55.456972], [11.923721, 55.457383], [11.925547, 55.457681], [11.927867, 55.458039], [11.930449, 55.458292], [11.932853, 55.458504], [11.93476, 55.458611], [11.936964, 55.458675], [11.939626, 55.458737], [11.94252, 55.458721], [11.944667, 55.458652], [11.949444, 55.458429], [11.952548, 55.458264], [11.956065, 55.458116], [11.960384, 55.457894], [11.963444, 55.457775], [11.966063, 55.457676], [11.967674, 55.457646], [11.970129, 55.457685], [11.972507, 55.457744], [11.975686, 55.457946], [11.978344, 55.458151], [11.980585, 55.458294], [11.982268, 55.458361], [11.985834, 55.458454], [11.990211, 55.458589], [11.9931, 55.458707], [11.996746, 55.459014], [12.000622, 55.459422], [12.003607, 55.459771], [12.007008, 55.460182], [12.012213, 55.461214], [12.01899, 55.462521], [12.025706, 55.463641], [12.029857, 55.464122], [12.037066, 55.464861], [12.043958, 55.465588], [12.04885, 55.466231], [12.05135, 55.466636], [12.057855, 55.467876], [12.071511, 55.471112], [12.077276, 55.472783], [12.084762, 55.475624], [12.089334, 55.477199], [12.094073, 55.478293], [12.09912, 55.479271], [12.102656, 55.479739], [12.107662, 55.480196], [12.113767, 55.480319], [12.132309, 55.480574], [12.138995, 55.480646], [12.141852, 55.480734], [12.14386, 55.480898], [12.146497, 55.481208], [12.149177, 55.48167], [12.151595, 55.48221], [12.153616, 55.482733], [12.155974, 55.483517], [12.15861, 55.4846], [12.161555, 55.485989], [12.163656, 55.487302], [12.166076, 55.489244], [12.167483, 55.490601], [12.169244, 55.492803], [12.170768, 55.495416], [12.172743, 55.499887], [12.173575, 55.501753], [12.175371, 55.505573], [12.17671, 55.508235], [12.178043, 55.510224], [12.184833, 55.519937], [12.189842, 55.52681], [12.193331, 55.531727], [12.19674, 55.535045], [12.19889, 55.536733], [12.201827, 55.538733], [12.205124, 55.540472], [12.209208, 55.542532], [12.211374, 55.543815], [12.213771, 55.545397], [12.216937, 55.547849], [12.220645, 55.550926], [12.223323, 55.553409], [12.226584, 55.557971], [12.229512, 55.561957], [12.231142, 55.563641], [12.233907, 55.565815], [12.237689, 55.568593], [12.244842, 55.573357], [12.248332, 55.575458], [12.25406, 55.57928], [12.259592, 55.583602], [12.263079, 55.586017], [12.269339, 55.589905], [12.272843, 55.592518], [12.276417, 55.595398], [12.281743, 55.599652], [12.283152, 55.600747], [12.285384, 55.60218], [12.287077, 55.60324], [12.291806, 55.605658], [12.301476, 55.61054], [12.30937, 55.614499], [12.312119, 55.616196], [12.313519, 55.617165], [12.316405, 55.619542], [12.320607, 55.623771], [12.323377, 55.626645], [12.325071, 55.628253], [12.3275, 55.630093], [12.329648, 55.631626], [12.331084, 55.63263], [12.334149, 55.634471], [12.337315, 55.635994], [12.340635, 55.637468], [12.345088, 55.638983], [12.351123, 55.64041], [12.356682, 55.641282], [12.36325, 55.641687], [12.373892, 55.641952], [12.382046, 55.641925], [12.390735, 55.641298], [12.401242, 55.64], [12.404112, 55.639741], [12.413441, 55.639158], [12.415539, 55.639162], [12.418013, 55.639273], [12.420385, 55.639494], [12.424012, 55.640068], [12.42657, 55.640787], [12.430238, 55.642006], [12.434657, 55.644175], [12.436254, 55.644985], [12.440375, 55.64647], [12.444292, 55.647259], [12.449923, 55.648009], [12.454925, 55.648659], [12.458626, 55.649328], [12.469996, 55.651317], [12.474265, 55.651943], [12.479018, 55.652455], [12.481989, 55.652785], [12.483592, 55.653108], [12.484976, 55.653464], [12.486367, 55.65391], [12.487392, 55.654348], [12.493047, 55.657307], [12.494763, 55.658005], [12.496006, 55.658212], [12.49731, 55.658391], [12.499413, 55.65843], [12.501247, 55.658305], [12.503278, 55.657897], [12.506228, 55.656913], [12.508147, 55.656139], [12.509937, 55.65535], [12.512294, 55.65415], [12.515503, 55.652331], [12.515967, 55.652363], [12.516443, 55.652359], [12.516918, 55.652327], [12.517389, 55.652268], [12.517843, 55.652183], [12.52028, 55.65152], [12.52122, 55.651358], [12.521865, 55.651286], [12.522512, 55.651231], [12.523178, 55.651212], [12.523831, 55.65122], [12.527341, 55.651524], [12.528437, 55.65169], [12.529576, 55.651972], [12.535749, 55.653763], [12.536557, 55.654082], [12.537482, 55.654648], [12.537653, 55.654778], [12.538153, 55.655205], [12.538576, 55.65566], [12.538906, 55.656145], [12.53929, 55.657411], [12.53992, 55.65875], [12.541042, 55.660597], [12.541383, 55.661028], [12.541817, 55.661429], [12.542343, 55.661791], [12.542944, 55.662116], [12.54359, 55.662394], [12.544377, 55.66265], [12.544539, 55.662681], [12.545389, 55.662764], [12.546065, 55.662844], [12.547051, 55.663022], [12.5477, 55.663165], [12.557815, 55.664365], [12.558218, 55.664425], [12.558608, 55.664512], [12.559164, 55.664685], [12.559909, 55.665005], [12.562396, 55.666291], [12.564634, 55.667457], [12.565021, 55.667689], [12.565379, 55.667948], [12.56569, 55.668218], [12.565939, 55.668507], [12.566157, 55.668807], [12.566328, 55.669108], [12.566452, 55.669428], [12.566529, 55.669749], [12.566543, 55.670072], [12.566524, 55.670388], [12.566441, 55.670705], [12.566311, 55.671023], [12.566186, 55.671225], [12.56592, 55.671619], [12.565622, 55.672014], [12.565274, 55.672384], [12.564894, 55.672755]]}, "properties": {"shape_id": "2241", "route_id": "11747_2", "route_short_name": "ICL", "agency_id": "203"}}, {"type": "Feature", "geometry": {"type": "LineString", "coordinates": [[11.65, 55.44], [11.72, 55.44], [11.772993, 55.437404], [11.779543, 55.437686], [11.782992, 55.43794], [11.786405, 55.438132], [11.786564, 55.438138], [11.803201, 55.438845], [11.82172, 55.439777], [11.82566, 55.440252], [11.851376, 55.444033], [11.896449, 55.450732], [11.899611, 55.451349], [11.905638, 55.45287], [11.911838, 55.454565], [11.914293, 55.455253], [11.916896, 55.456009], [11.919629, 55.456609], [11.921365, 55.456972], [11.923721, 55.457383], [11.925547, 55.457681], [11.927867, 55.458039], [11.930449, 55.458292], [11.932853, 55.458504], [11.93476, 55.458611], [11.936964, 55.458675], [11.939626, 55.458737], [11.94252, 55.458721], [11.944667, 55.458652], [11.949444, 55.458429], [11.952548, 55.458264], [11.956065, 55.458116], [11.960384, 55.457894], [11.963444, 55.457775], [11.966063, 55.457676], [11.967674, 55.457646], [11.970129, 55.457685], [11.972507, 55.457744], [11.975686, 55.457946], [11.978344, 55.458151], [11.980585, 55.458294], [11.982268, 55.458361], [11.985834, 55.458454], [11.990211, 55.458589], [11.9931, 55.458707], [11.996746, 55.459014], [12.000622, 55.459422], [12.003607, 55.459771], [12.007008, 55.460182], [12.012213, 55.461214], [12.01899, 55.462521], [12.025706, 55.463641], [12.029857, 55.464122], [12.037066, 55.464861], [12.043958, 55.465588], [12.04885, 55.466231], [12.05135, 55.466636], [12.057855, 55.467876], [12.071511, 55.471112], [12.077276, 55.472783], [12.084762, 55.475624], [12.089334, 55.477199], [12.094073, 55.478293], [12.09912, 55.479271], [12.102656, 55.479739], [12.107662, 55.480196], [12.113767, 55.480319], [12.132309, 55.480574], [12.138995, 55.480646], [12.141852, 55.480734], [12.14386, 55.480898], [12.146497, 55.481208], [12.149177, 55.48167], [12.151595, 55.48221], [12.153616, 55.482733], [12.155974, 55.483517], [12.15861, 55.4846], [12.161555, 55.485989], [12.163656, 55.487302], [12.166076, 55.489244], [12.167483, 55.490601], [12.169244, 55.492803], [12.170768, 55.495416], [12.172743, 55.499887], [12.173575, 55.501753], [12.175371, 55.505573], [12.17671, 55.508235], [12.178043, 55.510224], [12.184833, 55.519937], [12.189842, 55.52681], [12.193331, 55.531727], [12.19674, 55.535045], [12.19889, 55.536733], [12.201827, 55.538733], [12.205124, 55.540472], [12.209208, 55.542532], [12.211374, 55.543815], [12.213771, 55.545397], [12.216937, 55.547849], [12.220645, 55.550926], [12.223323, 55.553409], [12.226584, 55.557971], [12.229512, 55.561957], [12.231142, 55.563641], [12.233907, 55.565815], [12.237689, 55.568593], [12.244842, 55.573357], [12.248332, 55.575458], [12.25406, 55.57928], [12.259592, 55.583602], [12.263079, 55.586017], [12.269339, 55.589905], [12.272843, 55.592518], [12.276417, 55.595398], [12.281743, 55.599652], [12.283152, 55.600747], [12.285384, 55.60218], [12.287077, 55.60324], [12.291806, 55.605658], [12.301476, 55.61054], [12.30937, 55.614499], [12.312119, 55.616196], [12.313519, 55.617165], [12.316405, 55.619542], [12.320607, 55.623771], [12.323377, 55.626645], [12.325071, 55.628253], [12.3275, 55.630093], [12.329648, 55.631626], [12.331084, 55.63263], [12.334149, 55.634471], [12.337315, 55.635994], [12.340635, 55.637468], [12.345088, 55.638983], [12.351123, 55.64041], [12.356682, 55.641282], [12.36325, 55.641687], [12.373892, 55.641952], [12.382046, 55.641925], [12.390735, 55.641298], [12.401242, 55.64], [12.404112, 55.639741], [12.413441, 55.639158], [12.415539, 55.639162], [12.418013, 55.639273], [12.420385, 55.639494], [12.424012, 55.640068], [12.42657, 55.640787], [12.430238, 55.642006], [12.434657, 55.644175], [12.436254, 55.644985], [12.440375, 55.64647], [12.444292, 55.647259], [12.449923, 55.648009], [12.454925, 55.648659], [12.458626, 55.649328], [12.469996, 55.651317], [12.474265, 55.651943], [12.479018, 55.652455], [12.481989, 55.652785], [12.483592, 55.653108], [12.484976, 55.653464], [12.486367, 55.65391], [12.487392, 55.654348], [12.493047, 55.657307], [12.494763, 55.658005], [12.496006, 55.658212], [12.49731, 55.658391], [12.499413, 55.65843], [12.501247, 55.658305], [12.503278, 55.657897], [12.506228, 55.656913], [12.508147, 55.656139], [12.509937, 55.65535], [12.512294, 55.65415], [12.515503, 55.652331], [12.515967, 55.652363], [12.516443, 55.652359], [12.516918, 55.652327], [12.517389, 55.652268], [12.517843, 55.652183], [12.52028, 55.65152], [12.52122, 55.651358], [12.521865, 55.651286], [12.522512, 55.651231], [12.523178, 55.651212], [12.523831, 55.65122], [12.527341, 55.651524], [12.528437, 55.65169], [12.529576, 55.651972], [12.535749, 55.653763], [12.536557, 55.654082], [12.537482, 55.654648], [12.537653, 55.654778], [12.538153, 55.655205], [12.538576, 55.65566], [12.538906, 55.656145], [12.53929, 55.657411], [12.53992, 55.65875], [12.541042, 55.660597], [12.541383, 55.661028], [12.541817, 55.661429], [12.542343, 55.661791], [12.542944, 55.662116], [12.54359, 55.662394], [12.544377, 55.66265], [12.544539, 55.662681], [12.545389, 55.662764], [12.546065, 55.662844], [12.547051, 55.663022], [12.5477, 55.663165], [12.557815, 55.664365], [12.558218, 55.664425], [12.558608, 55.664512], [12.559164, 55.664685], [12.559909, 55.665005], [12.562396, 55.666291], [12.564634, 55.667457], [12.565021, 55.667689], [12.565379, 55.667948], [12.56569, 55.668218], [12.565939, 55.668507], [12.566157, 55.668807], [12.566328, 55.669108], [12.566452, 55.669428], [12.566529, 55.669749], [12.566543, 55.670072], [12.566524, 55.670388], [12.566441, 55.670705], [12.566311, 55.671023], [12.566186, 55.671225], [12.56592, 55.671619], [12.565622, 55.672014], [12.565274, 55.672384], [12.564894, 55.672755]]}, "properties": {"shape_id": "2244", "route_id": "11747_2", "route_short_name": "ICL", "agency_id": "203"}}, {"type": "Feature", "geometry": {"type": "LineString", "coordinates": [[12.649344, 55.629581], [12.649338, 55.629581], [12.648971, 55.629565], [12.645256, 55.629784], [12.641718, 55.630195], [12.639121, 55.63047], [12.63534, 55.630663], [12.632811, 55.630639], [12.62249, 55.630243], [12.602097, 55.629711], [12.600027, 55.629664], [12.596495, 55.629453], [12.593769, 55.629192], [12.589527, 55.628687], [12.585733, 55.628393], [12.582231, 55.628333], [12.57878, 55.628479], [12.575612, 55.628599], [12.572525, 55.628905], [12.569784, 55.629344], [12.566871, 55.629995], [12.563977, 55.630862], [12.561733, 55.631701], [12.559581, 55.63268], [12.557569, 55.633809], [12.555428, 55.635264], [12.554036, 55.636393], [12.549783, 55.639978], [12.54818, 55.641238], [12.5469, 55.642381], [12.54488, 55.64413], [12.543439, 55.645602], [12.5425, 55.646995], [12.54145, 55.648923], [12.539792, 55.652046], [12.539205, 55.653466], [12.539001, 55.654209], [12.538935, 55.654705], [12.538917, 55.655209], [12.538924, 55.655461], [12.53929, 55.657411], [12.53992, 55.65875], [12.541042, 55.660597], [12.541383, 55.661028], [12.541662, 55.661298], [12.541988, 55.661559], [12.542544, 55.661902], [12.543144, 55.662209], [12.543836, 55.662477], [12.544377, 55.66265], [12.544539, 55.662681], [12.545389, 55.662764], [12.546065, 55.662844], [12.547051, 55.663022], [12.5477, 55.663165], [12.558024, 55.664394], [12.558608, 55.664512], [12.558984, 55.664627], [12.559329, 55.664752], [12.559909, 55.665005], [12.562396, 55.666291], [12.564835, 55.667568], [12.565208, 55.667818], [12.56569, 55.668218], [12.565939, 55.668507], [12.566157, 55.668807], [12.566406, 55.669267], [12.566529, 55.669749], [12.566541, 55.670225], [12.566441, 55.670705], [12.566311, 55.671023], [12.56592, 55.671619], [12.565448, 55.672199], [12.564894, 55.672755], [12.565274, 55.672384], [12.565622, 55.672014], [12.56592, 55.671619], [12.566186, 55.671225], [12.566311, 55.671023], [12.566441, 55.670705], [12.566524, 55.670388], [12.566543, 55.670072], [12.566529, 55.669749], [12.566452, 55.669428], [12.566328, 55.669108], [12.566157, 55.668807], [12.565939, 55.668507], [12.56569, 55.668218], [12.565379, 55.667948], [12.565021, 55.667689], [12.564634, 55.667457], [12.562396, 55.666291], [12.559909, 55.665005], [12.559164, 55.664685], [12.558608, 55.664512], [12.558218, 55.664425], [12.557815, 55.664365], [12.5477, 55.663165], [12.547051, 55.663022], [12.546065, 55.662844], [12.545389, 55.662764], [12.544539, 55.662681], [12.544377, 55.66265], [12.54359, 55.662394], [12.542944, 55.662116], [12.542343, 55.661791], [12.541817, 55.661429], [12.541383, 55.661028], [12.541042, 55.660597], [12.53992, 55.65875], [12.53929, 55.657411], [12.538906, 55.656145], [12.538576, 55.65566], [12.538153, 55.655205], [12.537653, 55.654778], [12.537482, 55.654648], [12.536557, 55.654082], [12.535749, 55.653763], [12.529576, 55.651972], [12.528437, 55.65169], [12.527341, 55.651524], [12.523831, 55.65122], [12.523178, 55.651212], [12.522512, 55.651231], [12.521865, 55.651286], [12.52122, 55.651358], [12.52028, 55.65152], [12.517843, 55.652183], [12.517389, 55.652268], [12.516918, 55.652327], [12.516443, 55.652359], [12.515967, 55.652363], [12.515503, 55.652331], [12.513475, 55.653487], [12.511108, 55.65475], [12.508895, 55.655794], [12.506228, 55.656913], [12.503278, 55.657897], [12.501247, 55.658305], [12.499413, 55.65843], [12.49731, 55.658391], [12.496006, 55.658212], [12.494763, 55.658005], [12.493047, 55.657307], [12.487392, 55.654348], [12.486367, 55.65391], [12.484976, 55.653464], [12.483592, 55.653108], [12.481989, 55.652785], [12.479018, 55.652455], [12.474265, 55.651943], [12.469996, 55.651317], [12.458626, 55.649328], [12.454925, 55.648659], [12.449923, 55.648009], [12.444292, 55.647259], [12.440375, 55.64647], [12.436254, 55.644985], [12.434657, 55.644175], [12.430238, 55.642006], [12.42657, 55.640787], [12.424012, 55.640068], [12.420385, 55.639494], [12.418013, 55.639273], [12.415539, 55.639162], [12.413441, 55.639158], [12.404112, 55.639741], [12.401242, 55.64], [12.390735, 55.641298], [12.382046, 55.641925], [12.373892, 55.641952], [12.36325, 55.641687], [12.356682, 55.641282], [12.351123, 55.64041], [12.345088, 55.638983], [12.340635, 55.637468], [12.337315, 55.635994], [12.334149, 55.634471], [12.331084, 55.63263], [12.329648, 55.631626], [12.3275, 55.630093], [12.325071, 55.628253], [12.323377, 55.626645], [12.320607, 55.623771], [12.316405, 55.619542], [12.313519, 55.617165], [12.312119, 55.616196], [12.30937, 55.614499], [12.301476, 55.61054], [12.291806, 55.605658], [12.287077, 55.60324], [12.285384, 55.60218], [12.283152, 55.600747], [12.281743, 55.599652], [12.276417, 55.595398], [12.272843, 55.592518], [12.269339, 55.589905], [12.263079, 55.586017], [12.259592, 55.583602], [12.25406, 55.57928], [12.248332, 55.575458], [12.244842, 55.573357], [12.237689, 55.568593], [12.233907, 55.565815], [12.231142, 55.563641], [12.229512, 55.561957], [12.226584, 55.557971], [12.223323, 55.553409], [12.220645, 55.550926], [12.216937, 55.547849], [12.213771, 55.545397], [12.211374, 55.543815], [12.209208, 55.542532], [12.205124, 55.540472], [12.201827, 55.538733], [12.19889, 55.536733], [12.19674, 55.535045], [12.193331, 55.531727], [12.189842, 55.52681], [12.184833, 55.519937], [12.178043, 55.510224], [12.17671, 55.508235], [12.175371, 55.505573], [12.173575, 55.501753], [12.172743, 55.499887], [12.170768, 55.495416], [12.169244, 55.492803], [12.167483, 55.490601], [12.166076, 55.489244], [12.163656, 55.487302], [12.161555, 55.485989], [12.15861, 55.4846], [12.155974, 55.483517], [12.153616, 55.482733], [12.151595, 55.48221], [12.149177, 55.48167], [12.146497, 55.481208], [12.14386, 55.480898], [12.141852, 55.480734], [12.138995, 55.480646], [12.132309, 55.480574], [12.113767, 55.480319], [12.107662, 55.480196], [12.102656, 55.479739], [12.09912, 55.479271], [12.094073, 55.478293], [12.089334, 55.477199], [12.084762, 55.475624], [12.077276, 55.472783], [12.071511, 55.471112], [12.057855, 55.467876], [12.05135, 55.466636], [12.04885, 55.466231], [12.043958, 55.465588], [12.037066, 55.464861], [12.029857, 55.464122], [12.025706, 55.463641], [12.01899, 55.462521], [12.012213, 55.461214], [12.007008, 55.460182], [12.003607, 55.459771], [12.000622, 55.459422], [11.996746, 55.459014], [11.9931, 55.458707], [11.990211, 55.458589], [11.985834, 55.458454], [11.982268, 55.458361], [11.980585, 55.458294], [11.978344, 55.458151], [11.975686, 55.457946], [11.972507, 55.457744], [11.970129, 55.457685], [11.967674, 55.457646], [11.966063, 55.457676], [11.963444, 55.457775], [11.960384, 55.457894], [11.956065, 55.458116], [11.952548, 55.458264], [11.949444, 55.458429], [11.944667, 55.458652], [11.94252, 55.458721], [11.939626, 55.458737], [11.936964, 55.458675], [11.93476, 55.458611], [11.932853, 55.458504], [11.930449, 55.458292], [11.927867, 55.458039], [11.925547, 55.457681], [11.923721, 55.457383], [11.921365, 55.456972], [11.919629, 55.456609], [11.916896, 55.456009], [11.914293, 55.455253], [11.911838, 55.454565], [11.905638, 55.45287], [11.899611, 55.451349], [11.896449, 55.450732], [11.89307, 55.450165], [11.829783, 55.440849], [11.824957, 55.440152], [11.82172, 55.439777], [11.819051, 55.439596], [11.798266, 55.438608], [11.795207, 55.438498], [11.791778, 55.438307], [11.789228, 55.438248], [11.786564, 55.438138], [11.786405, 55.438132], [11.782992, 55.43794], [11.779543, 55.437686], [11.772993, 55.437404], [11.72, 55.44], [11.65, 55.44]]}, "properties": {"shape_id": "2283", "route_id": "11747_2", "route_short_name": "ICL", "agency_id": "203"}}, {"type": "Feature", "geometry": {"type": "LineString", "coordinates": [[11.65, 55.44], [11.72, 55.44], [11.772993, 55.437404], [11.779543, 55.437686], [11.782992, 55.43794], [11.786405, 55.438132], [11.786564, 55.438138], [11.803201, 55.438845], [11.82172, 55.439777], [11.82566, 55.440252], [11.851376, 55.444033], [11.896449, 55.450732], [11.899611, 55.451349], [11.905638, 55.45287], [11.911838, 55.454565], [11.914293, 55.455253], [11.916896, 55.456009], [11.919629, 55.456609], [11.921365, 55.456972], [11.923721, 55.457383], [11.925547, 55.457681], [11.927867, 55.458039], [11.930449, 55.458292], [11.932853, 55.458504], [11.93476, 55.458611], [11.936964, 55.458675], [11.939626, 55.458737], [11.94252, 55.458721], [11.944667, 55.458652], [11.949444, 55.458429], [11.952548, 55.458264], [11.956065, 55.458116], [11.960384, 55.457894], [11.963444, 55.457775], [11.966063, 55.457676], [11.967674, 55.457646], [11.970129, 55.457685], [11.972507, 55.457744], [11.975686, 55.457946], [11.978344, 55.458151], [11.980585, 55.458294], [11.982268, 55.458361], [11.985834, 55.458454], [11.990211, 55.458589], [11.9931, 55.458707], [11.996746, 55.459014], [12.000622, 55.459422], [12.003607, 55.459771], [12.007008, 55.460182], [12.012213, 55.461214], [12.01899, 55.462521], [12.025706, 55.463641], [12.029857, 55.464122], [12.037066, 55.464861], [12.043958, 55.465588], [12.04885, 55.466231], [12.05135, 55.466636], [12.057855, 55.467876], [12.071511, 55.471112], [12.077276, 55.472783], [12.084762, 55.475624], [12.089334, 55.477199], [12.094073, 55.478293], [12.09912, 55.479271], [12.102656, 55.479739], [12.107662, 55.480196], [12.113767, 55.480319], [12.132309, 55.480574], [12.138995, 55.480646], [12.141852, 55.480734], [12.14386, 55.480898], [12.146497, 55.481208], [12.149177, 55.48167], [12.151595, 55.48221], [12.153616, 55.482733], [12.155974, 55.483517], [12.15861, 55.4846], [12.161555, 55.485989], [12.163656, 55.487302], [12.166076, 55.489244], [12.167483, 55.490601], [12.169244, 55.492803], [12.170768, 55.495416], [12.172743, 55.499887], [12.173575, 55.501753], [12.175371, 55.505573], [12.17671, 55.508235], [12.178043, 55.510224], [12.184833, 55.519937], [12.189842, 55.52681], [12.193331, 55.531727], [12.19674, 55.535045], [12.19889, 55.536733], [12.201827, 55.538733], [12.205124, 55.540472], [12.209208, 55.542532], [12.211374, 55.543815], [12.213771, 55.545397], [12.216937, 55.547849], [12.220645, 55.550926], [12.223323, 55.553409], [12.226584, 55.557971], [12.229512, 55.561957], [12.231142, 55.563641], [12.233907, 55.565815], [12.237689, 55.568593], [12.244842, 55.573357], [12.248332, 55.575458], [12.25406, 55.57928], [12.259592, 55.583602], [12.263079, 55.586017], [12.269339, 55.589905], [12.272843, 55.592518], [12.276417, 55.595398], [12.281743, 55.599652], [12.283152, 55.600747], [12.285384, 55.60218], [12.287077, 55.60324], [12.291806, 55.605658], [12.301476, 55.61054], [12.30937, 55.614499], [12.312119, 55.616196], [12.313519, 55.617165], [12.316405, 55.619542], [12.320607, 55.623771], [12.323377, 55.626645], [12.325071, 55.628253], [12.3275, 55.630093], [12.329648, 55.631626], [12.331084, 55.63263], [12.334149, 55.634471], [12.337315, 55.635994], [12.340635, 55.637468], [12.345088, 55.638983], [12.351123, 55.64041], [12.356682, 55.641282], [12.36325, 55.641687], [12.373892, 55.641952], [12.382046, 55.641925], [12.390735, 55.641298], [12.401242, 55.64], [12.404112, 55.639741], [12.413441, 55.639158], [12.415539, 55.639162], [12.418013, 55.639273], [12.420385, 55.639494], [12.424012, 55.640068], [12.42657, 55.640787], [12.430238, 55.642006], [12.434657, 55.644175], [12.436254, 55.644985], [12.440375, 55.64647], [12.444292, 55.647259], [12.449923, 55.648009], [12.454925, 55.648659], [12.458626, 55.649328], [12.469996, 55.651317], [12.474265, 55.651943], [12.479018, 55.652455], [12.481989, 55.652785], [12.483592, 55.653108], [12.484976, 55.653464], [12.486367, 55.65391], [12.487392, 55.654348], [12.493047, 55.657307], [12.494763, 55.658005], [12.496006, 55.658212], [12.49731, 55.658391], [12.499413, 55.65843], [12.501247, 55.658305], [12.503278, 55.657897], [12.506228, 55.656913], [12.508147, 55.656139], [12.509937, 55.65535], [12.512294, 55.65415], [12.515503, 55.652331], [12.515967, 55.652363], [12.516443, 55.652359], [12.516918, 55.652327], [12.517389, 55.652268], [12.517843, 55.652183], [12.52028, 55.65152], [12.52122, 55.651358], [12.521865, 55.651286], [12.522512, 55.651231], [12.523178, 55.651212], [12.523831, 55.65122], [12.527341, 55.651524], [12.528437, 55.65169], [12.529576, 55.651972], [12.535749, 55.653763], [12.536557, 55.654082], [12.537482, 55.654648], [12.537653, 55.654778], [12.538153, 55.655205], [12.538576, 55.65566], [12.538906, 55.656145], [12.53929, 55.657411], [12.53992, 55.65875], [12.541042, 55.660597], [12.541383, 55.661028], [12.541817, 55.661429], [12.542343, 55.661791], [12.542944, 55.662116], [12.54359, 55.662394], [12.544377, 55.66265], [12.544539, 55.662681], [12.545389, 55.662764], [12.546065, 55.662844], [12.547051, 55.663022], [12.5477, 55.663165], [12.557815, 55.664365], [12.558218, 55.664425], [12.558608, 55.664512], [12.559164, 55.664685], [12.559909, 55.665005], [12.562396, 55.666291], [12.564634, 55.667457], [12.565021, 55.667689], [12.565379, 55.667948], [12.56569, 55.668218], [12.565939, 55.668507], [12.566157, 55.668807], [12.566328, 55.669108], [12.566452, 55.669428], [12.566529, 55.669749], [12.566543, 55.670072], [12.566524, 55.670388], [12.566441, 55.670705], [12.566311, 55.671023], [12.566186, 55.671225], [12.56592, 55.671619], [12.565622, 55.672014], [12.565274, 55.672384], [12.564894, 55.672755], [12.565448, 55.672199], [12.56592, 55.671619], [12.566311, 55.671023], [12.566441, 55.670705], [12.566541, 55.670225], [12.566529, 55.669749], [12.566406, 55.669267], [12.566157, 55.668807], [12.565939, 55.668507], [12.56569, 55.668218], [12.565208, 55.667818], [12.564835, 55.667568], [12.562396, 55.666291], [12.559909, 55.665005], [12.559329, 55.664752], [12.558984, 55.664627], [12.558608, 55.664512], [12.558024, 55.664394], [12.5477, 55.663165], [12.547051, 55.663022], [12.546065, 55.662844], [12.545389, 55.662764], [12.544539, 55.662681], [12.544377, 55.66265], [12.543836, 55.662477], [12.543144, 55.662209], [12.542544, 55.661902], [12.541988, 55.661559], [12.541662, 55.661298], [12.541383, 55.661028], [12.541042, 55.660597], [12.53992, 55.65875], [12.53929, 55.657411], [12.538924, 55.655461], [12.538917, 55.655209], [12.538935, 55.654705], [12.539001, 55.654209], [12.539205, 55.653466], [12.539792, 55.652046], [12.54145, 55.648923], [12.5425, 55.646995], [12.543439, 55.645602], [12.54488, 55.64413], [12.5469, 55.642381], [12.54818, 55.641238], [12.549783, 55.639978], [12.554036, 55.636393], [12.555428, 55.635264], [12.557569, 55.633809], [12.559581, 55.63268], [12.561733, 55.631701], [12.563977, 55.630862], [12.566871, 55.629995], [12.569784, 55.629344], [12.572525, 55.628905], [12.575612, 55.628599], [12.57878, 55.628479], [12.582231, 55.628333], [12.585733, 55.628393], [12.589527, 55.628687], [12.593769, 55.629192], [12.596495, 55.629453], [12.600027, 55.629664], [12.602097, 55.629711], [12.62249, 55.630243], [12.632811, 55.630639], [12.63534, 55.630663], [12.639121, 55.63047], [12.641718, 55.630195], [12.645256, 55.629784], [12.648971, 55.629565], [12.649338, 55.629581], [12.649344, 55.629581]]}, "properties": {"shape_id": "2284", "route_id": "11747_2", "route_short_name": "ICL", "agency_id": "203"}}, {"type": "Feature", "geometry": {"type": "LineString", "coordinates": [[11.72, 55.44], [11.772993, 55.437404], [11.779543, 55.437686], [11.782992, 55.43794], [11.786405, 55.438132], [11.789228, 55.438248], [11.791778, 55.438307], [11.795207, 55.438498], [11.798266, 55.438608], [11.819051, 55.439596], [11.82172, 55.439777], [11.824957, 55.440152], [11.829783, 55.440849], [11.89307, 55.450165], [11.896449, 55.450732], [11.899611, 55.451349], [11.902717, 55.452076], [11.905638, 55.45287], [11.908553, 55.45378], [11.911102, 55.454672], [11.914281, 55.455945], [11.916981, 55.457166], [11.91869, 55.458025], [11.920929, 55.459212], [11.956749, 55.478228], [11.958695, 55.479269], [11.961336, 55.480715], [11.96375, 55.482302], [11.965922, 55.48402], [11.967864, 55.485843], [11.969285, 55.487481], [11.970321, 55.489254], [11.971017, 55.490927], [11.97158, 55.49272], [11.972042, 55.494651], [11.972523, 55.496617], [11.973261, 55.500743], [11.975191, 55.512258], [11.975878, 55.514632], [11.976895, 55.516774], [11.978219, 55.518783], [11.97968, 55.520491], [11.981117, 55.521894], [11.982892, 55.523362], [11.984883, 55.524751], [11.998772, 55.533582], [12.00099, 55.53502], [12.006153, 55.538273], [12.017918, 55.545742], [12.024279, 55.549703], [12.025129, 55.55023], [12.028189, 55.552492], [12.030284, 55.554373], [12.031863, 55.556123], [12.033121, 55.557845], [12.034196, 55.55985], [12.034889, 55.56164], [12.035279, 55.563401], [12.035466, 55.565204], [12.035477, 55.571515], [12.035515, 55.575919], [12.035647, 55.577417], [12.036098, 55.579554], [12.036705, 55.581463], [12.045242, 55.604581], [12.046441, 55.608165], [12.047035, 55.609472], [12.04757, 55.610843], [12.048475, 55.612681], [12.049895, 55.614813], [12.050981, 55.616107], [12.052086, 55.617239], [12.05345, 55.618446], [12.055426, 55.619952], [12.058286, 55.621993], [12.060685, 55.623426], [12.066463, 55.627219], [12.069608, 55.629235], [12.071609, 55.630632], [12.076332, 55.633724], [12.077599, 55.634474], [12.078942, 55.635186], [12.080361, 55.635843], [12.081332, 55.636268], [12.081839, 55.636462], [12.086511, 55.638062], [12.088784, 55.638867], [12.090109, 55.639347], [12.092565, 55.640256], [12.09522, 55.641267], [12.097118, 55.641957], [12.099522, 55.642813], [12.104213, 55.644438], [12.107629, 55.645422], [12.110786, 55.646133], [12.11409, 55.646705], [12.116789, 55.64705], [12.11978, 55.647289], [12.132279, 55.647914], [12.178026, 55.650162], [12.180769, 55.650262], [12.184424, 55.650239], [12.1877, 55.650055], [12.190414, 55.649795], [12.193747, 55.649331], [12.197182, 55.648765], [12.198798, 55.648498], [12.202055, 55.647883], [12.205881, 55.647225], [12.214316, 55.645782], [12.217657, 55.645235], [12.219875, 55.644943], [12.22262, 55.644691], [12.226056, 55.644529], [12.229108, 55.644521], [12.231772, 55.64463], [12.234252, 55.644817], [12.236913, 55.645088], [12.246622, 55.64618], [12.249672, 55.64654], [12.253139, 55.646933], [12.269331, 55.648741], [12.289007, 55.650921], [12.293057, 55.651433], [12.297069, 55.651873], [12.302941, 55.652488], [12.306946, 55.652839], [12.310185, 55.653165], [12.318404, 55.654076], [12.348456, 55.657395], [12.353164, 55.657958], [12.356998, 55.658339], [12.382722, 55.661183], [12.394431, 55.662505], [12.397902, 55.662913], [12.401645, 55.663339], [12.407614, 55.663929], [12.413572, 55.664581], [12.417258, 55.664901], [12.420455, 55.665082], [12.423801, 55.665141], [12.428235, 55.665098], [12.438323, 55.664951], [12.440677, 55.664947], [12.444821, 55.664858], [12.45437, 55.664724], [12.459058, 55.664673], [12.470809, 55.664449], [12.483454, 55.664252], [12.485647, 55.664226], [12.488528, 55.663721], [12.491121, 55.662829], [12.49375, 55.661801], [12.501782, 55.658767], [12.506228, 55.656913], [12.508207, 55.656101], [12.509981, 55.655313], [12.512294, 55.65415], [12.515503, 55.652331], [12.51757, 55.650914], [12.519302, 55.649309], [12.522582, 55.645996], [12.524358, 55.644704], [12.526678, 55.643621], [12.529288, 55.642944], [12.532358, 55.642613], [12.535164, 55.642702], [12.540642, 55.643327], [12.541458, 55.643384], [12.542269, 55.643387], [12.543091, 55.643328], [12.543875, 55.643206], [12.544637, 55.643022], [12.545347, 55.642786], [12.545989, 55.642507], [12.54818, 55.641238], [12.549783, 55.639978], [12.554036, 55.636393], [12.555428, 55.635264], [12.557569, 55.633809], [12.559581, 55.63268], [12.561733, 55.631701], [12.563977, 55.630862], [12.566871, 55.629995], [12.569784, 55.629344], [12.572525, 55.628905], [12.575612, 55.628599], [12.57878, 55.628479], [12.582231, 55.628333], [12.585733, 55.628393], [12.589527, 55.628687], [12.593769, 55.629192], [12.596495, 55.629453], [12.600027, 55.629664], [12.602097, 55.629711], [12.62249, 55.630243], [12.632811, 55.630639], [12.63534, 55.630663], [12.639121, 55.63047], [12.641718, 55.630195], [12.645256, 55.629784], [12.648971, 55.629565], [12.649338, 55.629581], [12.649344, 55.629581]]}, "properties": {"shape_id": "2215", "route_id": "11748_2", "route_short_name": "RE", "agency_id": "203"}}, {"type": "Feature", "geometry": {"type": "LineString", "coordinates": [[12.088784, 55.638867], [12.090109, 55.639347], [12.092565, 55.640256], [12.09522, 55.641267], [12.097118, 55.641957], [12.099522, 55.642813], [12.104213, 55.644438], [12.107629, 55.645422], [12.110786, 55.646133], [12.11409, 55.646705], [12.116789, 55.64705], [12.11978, 55.647289], [12.132279, 55.647914], [12.178026, 55.650162], [12.180769, 55.650262], [12.184424, 55.650239], [12.1877, 55.650055], [12.190414, 55.649795], [12.193747, 55.649331], [12.197182, 55.648765], [12.198798, 55.648498], [12.202055, 55.647883], [12.205881, 55.647225], [12.214316, 55.645782], [12.217657, 55.645235], [12.219875, 55.644943], [12.22262, 55.644691], [12.226056, 55.644529], [12.229108, 55.644521], [12.231772, 55.64463], [12.234252, 55.644817], [12.236913, 55.645088], [12.246622, 55.64618], [12.249672, 55.64654], [12.253139, 55.646933], [12.269331, 55.648741], [12.289007, 55.650921], [12.293057, 55.651433], [12.297069, 55.651873], [12.302941, 55.652488], [12.306946, 55.652839], [12.310185, 55.653165], [12.318404, 55.654076], [12.348456, 55.657395], [12.353164, 55.657958], [12.356998, 55.658339], [12.382722, 55.661183], [12.394431, 55.662505], [12.397902, 55.662913], [12.401645, 55.663339], [12.407614, 55.663929], [12.413572, 55.664581], [12.417258, 55.664901], [12.420455, 55.665082], [12.423801, 55.665141], [12.428235, 55.665098], [12.438323, 55.664951], [12.440677, 55.664947], [12.444821, 55.664858], [12.45437, 55.664724], [12.459058, 55.664673], [12.470809, 55.664449], [12.483454, 55.664252], [12.485647, 55.664226], [12.488528, 55.663721], [12.491121, 55.662829], [12.49375, 55.661801], [12.501782, 55.658767], [12.506228, 55.656913], [12.508207, 55.656101], [12.509981, 55.655313], [12.512294, 55.65415], [12.515503, 55.652331], [12.51757, 55.650914], [12.519302, 55.649309], [12.522582, 55.645996], [12.524358, 55.644704], [12.526678, 55.643621], [12.529288, 55.642944], [12.532358, 55.642613], [12.535164, 55.642702], [12.540642, 55.643327], [12.541458, 55.643384], [12.542269, 55.643387], [12.543091, 55.643328], [12.543875, 55.643206], [12.544637, 55.643022], [12.545347, 55.642786], [12.545989, 55.642507], [12.54818, 55.641238], [12.549783, 55.639978], [12.554036, 55.636393], [12.555428, 55.635264], [12.557569, 55.633809], [12.559581, 55.63268], [12.561733, 55.631701], [12.563977, 55.630862], [12.566871, 55.629995], [12.569784, 55.629344], [12.572525, 55.628905], [12.575612, 55.628599], [12.57878, 55.628479], [12.582231, 55.628333], [12.585733, 55.628393], [12.589527, 55.628687], [12.593769, 55.629192], [12.596495, 55.629453], [12.600027, 55.629664], [12.602097, 55.629711], [12.62249, 55.630243], [12.632811, 55.630639], [12.63534, 55.630663], [12.639121, 55.63047], [12.641718, 55.630195], [12.645256, 55.629784], [12.648971, 55.629565], [12.649338, 55.629581], [12.649344, 55.629581]]}, "properties": {"shape_id": "2320", "route_id": "11748_2", "route_short_name": "RE", "agency_id": "203"}}, {"type": "Feature", "geometry": {"type": "LineString", "coordinates": [[11.79, 55.22], [11.772119, 55.226967], [11.770244, 55.228502], [11.768625, 55.230094], [11.767327, 55.231328], [11.766942, 55.231678], [11.764546, 55.234106], [11.76334, 55.235536], [11.762349, 55.237131], [11.761683, 55.238639], [11.761235, 55.240339], [11.760796, 55.241724], [11.759312, 55.246882], [11.758619, 55.248678], [11.757344, 55.250729], [11.75423, 55.255528], [11.753469, 55.257271], [11.753099, 55.258979], [11.752756, 55.261072], [11.752175, 55.26291], [11.750552, 55.265841], [11.745524, 55.274432], [11.744413, 55.276363], [11.743545, 55.278378], [11.74305, 55.280798], [11.743006, 55.282444], [11.744516, 55.313209], [11.744575, 55.315194], [11.744344, 55.316871], [11.743797, 55.318538], [11.743209, 55.319836], [11.742542, 55.321137], [11.741471, 55.322752], [11.73959, 55.324961], [11.737678, 55.326739], [11.736152, 55.327932], [11.73448, 55.329067], [11.732343, 55.330319], [11.730531, 55.33125], [11.728575, 55.332165], [11.708465, 55.341351], [11.70553, 55.34271], [11.703193, 55.344065], [11.701473, 55.345443], [11.700431, 55.346599], [11.699513, 55.347931], [11.698341, 55.349719], [11.695731, 55.353337], [11.69559, 55.353583], [11.694858, 55.354884], [11.694137, 55.357049], [11.694064, 55.35945], [11.694615, 55.36129], [11.695623, 55.362886], [11.697249, 55.364522], [11.699544, 55.366233], [11.719966, 55.380712], [11.725043, 55.384284], [11.727355, 55.385743], [11.729987, 55.387275], [11.732345, 55.388724], [11.734277, 55.390173], [11.736059, 55.391742], [11.737251, 55.392983], [11.738411, 55.394458], [11.739512, 55.396213], [11.740676, 55.398426], [11.74443, 55.404967], [11.745344, 55.406519], [11.746473, 55.40822], [11.74882, 55.41152], [11.754276, 55.418409], [11.755385, 55.420029], [11.760967, 55.430026], [11.762295, 55.431839], [11.763797, 55.433198], [11.765489, 55.434337], [11.767178, 55.435198], [11.769745, 55.436183], [11.771037, 55.436567], [11.772372, 55.436887], [11.77375, 55.437153], [11.77514, 55.437364], [11.776096, 55.437468], [11.779543, 55.437686], [11.782992, 55.43794], [11.786405, 55.438132], [11.786564, 55.438138], [11.803201, 55.438845], [11.82172, 55.439777], [11.82566, 55.440252], [11.851376, 55.444033], [11.896449, 55.450732], [11.899611, 55.451349], [11.905638, 55.45287], [11.911838, 55.454565], [11.914293, 55.455253], [11.916896, 55.456009], [11.919629, 55.456609], [11.921365, 55.456972], [11.923721, 55.457383], [11.925547, 55.457681], [11.927867, 55.458039], [11.930449, 55.458292], [11.932853, 55.458504], [11.93476, 55.458611], [11.936964, 55.458675], [11.939626, 55.458737], [11.94252, 55.458721], [11.944667, 55.458652], [11.949444, 55.458429], [11.952548, 55.458264], [11.956065, 55.458116], [11.960384, 55.457894], [11.963444, 55.457775], [11.966063, 55.457676], [11.967674, 55.457646], [11.970129, 55.457685], [11.972507, 55.457744], [11.975686, 55.457946], [11.978344, 55.458151], [11.980585, 55.458294], [11.982268, 55.458361], [11.985834, 55.458454], [11.990211, 55.458589], [11.9931, 55.458707], [11.996746, 55.459014], [12.000622, 55.459422], [12.003607, 55.459771], [12.007008, 55.460182], [12.012213, 55.461214], [12.01899, 55.462521], [12.025706, 55.463641], [12.029857, 55.464122], [12.037066, 55.464861], [12.043958, 55.465588], [12.04885, 55.466231], [12.05135, 55.466636], [12.057855, 55.467876], [12.071511, 55.471112], [12.077276, 55.472783], [12.084762, 55.475624], [12.089334, 55.477199], [12.094073, 55.478293], [12.09912, 55.479271], [12.102656, 55.479739], [12.107662, 55.480196], [12.113767, 55.480319], [12.132309, 55.480574], [12.138995, 55.480646], [12.141852, 55.480734], [12.14386, 55.480898], [12.146497, 55.481208], [12.149177, 55.48167], [12.151595, 55.48221], [12.153616, 55.482733], [12.155974, 55.483517], [12.15861, 55.4846], [12.161555, 55.485989], [12.163656, 55.487302], [12.166076, 55.489244], [12.167483, 55.490601], [12.169244, 55.492803], [12.170768, 55.495416], [12.172743, 55.499887], [12.173575, 55.501753], [12.175371, 55.505573], [12.17671, 55.508235], [12.178043, 55.510224], [12.184833, 55.519937], [12.189842, 55.52681], [12.193331, 55.531727], [12.19674, 55.535045], [12.19889, 55.536733], [12.201827, 55.538733], [12.205124, 55.540472], [12.209208, 55.542532], [12.211374, 55.543815], [12.213771, 55.545397], [12.216937, 55.547849], [12.220645, 55.550926], [12.223323, 55.553409], [12.226584, 55.557971], [12.229512, 55.561957], [12.231142, 55.563641], [12.233907, 55.565815], [12.237689, 55.568593], [12.244842, 55.573357], [12.248332, 55.575458], [12.25406, 55.57928], [12.259592, 55.583602], [12.263079, 55.586017], [12.269339, 55.589905], [12.272843, 55.592518], [12.276417, 55.595398], [12.281743, 55.599652], [12.283152, 55.600747], [12.285384, 55.60218], [12.287077, 55.60324], [12.291806, 55.605658], [12.301476, 55.61054], [12.30937, 55.614499], [12.312119, 55.616196], [12.313519, 55.617165], [12.316405, 55.619542], [12.320607, 55.623771], [12.323377, 55.626645], [12.325071, 55.628253], [12.3275, 55.630093], [12.329648, 55.631626], [12.331084, 55.63263], [12.334149, 55.634471], [12.337315, 55.635994], [12.340635, 55.637468], [12.345088, 55.638983], [12.351123, 55.64041], [12.356682, 55.641282], [12.36325, 55.641687], [12.373892, 55.641952], [12.382046, 55.641925], [12.390735, 55.641298], [12.401242, 55.64], [12.404112, 55.639741], [12.413441, 55.639158], [12.415539, 55.639162], [12.418013, 55.639273], [12.420385, 55.639494], [12.424012, 55.640068], [12.42657, 55.640787], [12.430238, 55.642006], [12.434657, 55.644175], [12.436254, 55.644985], [12.440375, 55.64647], [12.444292, 55.647259], [12.449923, 55.648009], [12.454925, 55.648659], [12.458626, 55.649328], [12.469996, 55.651317], [12.474265, 55.651943], [12.479018, 55.652455], [12.481989, 55.652785], [12.483592, 55.653108], [12.484976, 55.653464], [12.486367, 55.65391], [12.487392, 55.654348], [12.493047, 55.657307], [12.494763, 55.658005], [12.496006, 55.658212], [12.49731, 55.658391], [12.499413, 55.65843], [12.501247, 55.658305], [12.503278, 55.657897], [12.506228, 55.656913], [12.508147, 55.656139], [12.509937, 55.65535], [12.512294, 55.65415], [12.515503, 55.652331], [12.515967, 55.652363], [12.516443, 55.652359], [12.516918, 55.652327], [12.517389, 55.652268], [12.517843, 55.652183], [12.52028, 55.65152], [12.52122, 55.651358], [12.521865, 55.651286], [12.522512, 55.651231], [12.523178, 55.651212], [12.523831, 55.65122], [12.527341, 55.651524], [12.528437, 55.65169], [12.529576, 55.651972], [12.535749, 55.653763], [12.536557, 55.654082], [12.537482, 55.654648], [12.537653, 55.654778], [12.538153, 55.655205], [12.538576, 55.65566], [12.538906, 55.656145], [12.53929, 55.657411], [12.53992, 55.65875], [12.541042, 55.660597], [12.541383, 55.661028], [12.541817, 55.661429], [12.542343, 55.661791], [12.542944, 55.662116], [12.54359, 55.662394], [12.544377, 55.66265], [12.544539, 55.662681], [12.545389, 55.662764], [12.546065, 55.662844], [12.547051, 55.663022], [12.5477, 55.663165], [12.557815, 55.664365], [12.558218, 55.664425], [12.558608, 55.664512], [12.559164, 55.664685], [12.559909, 55.665005], [12.562396, 55.666291], [12.564634, 55.667457], [12.565021, 55.667689], [12.565379, 55.667948], [12.56569, 55.668218], [12.565939, 55.668507], [12.566157, 55.668807], [12.566328, 55.669108], [12.566452, 55.669428], [12.566529, 55.669749], [12.566543, 55.670072], [12.566524, 55.670388], [12.566441, 55.670705], [12.566311, 55.671023], [12.566186, 55.671225], [12.56592, 55.671619], [12.565622, 55.672014], [12.565274, 55.672384], [12.564894, 55.672755]]}, "properties": {"shape_id": "2323", "route_id": "11748_2", "route_short_name": "RE", "agency_id": "203"}}, {"type": "Feature", "geometry": {"type": "LineString", "coordinates": [[11.79, 55.22], [11.772119, 55.226967], [11.770244, 55.228502], [11.768625, 55.230094], [11.767327, 55.231328]]}, "properties": {"shape_id": "2325", "route_id": "11748_2", "route_short_name": "RE", "agency_id": "203"}}, {"type": "Feature", "geometry": {"type": "LineString", "coordinates": [[12.564894, 55.672755], [12.565274, 55.672384], [12.565622, 55.672014], [12.56592, 55.671619], [12.566186, 55.671225], [12.566311, 55.671023], [12.566441, 55.670705], [12.566524, 55.670388], [12.566543, 55.670072], [12.566529, 55.669749], [12.566452, 55.669428], [12.566328, 55.669108], [12.566157, 55.668807], [12.565939, 55.668507], [12.56569, 55.668218], [12.565379, 55.667948], [12.565021, 55.667689], [12.564634, 55.667457], [12.562396, 55.666291], [12.559909, 55.665005], [12.559164, 55.664685], [12.558608, 55.664512], [12.558218, 55.664425], [12.557815, 55.664365], [12.5477, 55.663165], [12.547051, 55.663022], [12.546065, 55.662844], [12.545389, 55.662764], [12.544539, 55.662681], [12.544377, 55.66265], [12.54359, 55.662394], [12.542944, 55.662116], [12.542343, 55.661791], [12.541817, 55.661429], [12.541383, 55.661028], [12.541042, 55.660597], [12.53992, 55.65875], [12.53929, 55.657411], [12.538906, 55.656145], [12.538576, 55.65566], [12.538153, 55.655205], [12.537653, 55.654778], [12.537482, 55.654648], [12.536557, 55.654082], [12.535749, 55.653763], [12.529576, 55.651972], [12.528437, 55.65169], [12.527341, 55.651524], [12.523831, 55.65122], [12.523178, 55.651212], [12.522512, 55.651231], [12.521865, 55.651286], [12.52122, 55.651358], [12.52028, 55.65152], [12.517843, 55.652183], [12.517389, 55.652268], [12.516918, 55.652327], [12.516443, 55.652359], [12.515967, 55.652363], [12.515503, 55.652331], [12.513475, 55.653487], [12.511108, 55.65475], [12.508895, 55.655794], [12.506228, 55.656913], [12.503278, 55.657897], [12.501247, 55.658305], [12.499413, 55.65843], [12.49731, 55.658391], [12.496006, 55.658212], [12.494763, 55.658005], [12.493047, 55.657307], [12.487392, 55.654348], [12.486367, 55.65391], [12.484976, 55.653464], [12.483592, 55.653108], [12.481989, 55.652785], [12.479018, 55.652455], [12.474265, 55.651943], [12.469996, 55.651317], [12.458626, 55.649328], [12.454925, 55.648659], [12.449923, 55.648009], [12.444292, 55.647259], [12.440375, 55.64647], [12.436254, 55.644985], [12.434657, 55.644175], [12.430238, 55.642006], [12.42657, 55.640787], [12.424012, 55.640068], [12.420385, 55.639494], [12.418013, 55.639273], [12.415539, 55.639162], [12.413441, 55.639158], [12.404112, 55.639741], [12.401242, 55.64], [12.390735, 55.641298], [12.382046, 55.641925], [12.373892, 55.641952], [12.36325, 55.641687], [12.356682, 55.641282], [12.351123, 55.64041], [12.345088, 55.638983], [12.340635, 55.637468], [12.337315, 55.635994], [12.334149, 55.634471], [12.331084, 55.63263], [12.329648, 55.631626], [12.3275, 55.630093], [12.325071, 55.628253], [12.323377, 55.626645], [12.320607, 55.623771], [12.316405, 55.619542], [12.313519, 55.617165], [12.312119, 55.616196], [12.30937, 55.614499], [12.301476, 55.61054], [12.291806, 55.605658], [12.287077, 55.60324], [12.285384, 55.60218], [12.283152, 55.600747], [12.281743, 55.599652], [12.276417, 55.595398], [12.272843, 55.592518], [12.269339, 55.589905], [12.263079, 55.586017], [12.259592, 55.583602], [12.25406, 55.57928], [12.248332, 55.575458], [12.244842, 55.573357], [12.237689, 55.568593], [12.233907, 55.565815], [12.231142, 55.563641], [12.229512, 55.561957], [12.226584, 55.557971], [12.223323, 55.553409], [12.220645, 55.550926], [12.216937, 55.547849], [12.213771, 55.545397], [12.211374, 55.543815], [12.209208, 55.542532], [12.205124, 55.540472], [12.201827, 55.538733], [12.19889, 55.536733], [12.19674, 55.535045], [12.193331, 55.531727], [12.189842, 55.52681], [12.184833, 55.519937], [12.178043, 55.510224], [12.17671, 55.508235], [12.175371, 55.505573], [12.173575, 55.501753], [12.172743, 55.499887], [12.170768, 55.495416], [12.169244, 55.492803], [12.167483, 55.490601], [12.166076, 55.489244], [12.163656, 55.487302], [12.161555, 55.485989], [12.15861, 55.4846], [12.155974, 55.483517], [12.153616, 55.482733], [12.151595, 55.48221], [12.149177, 55.48167], [12.146497, 55.481208], [12.14386, 55.480898], [12.141852, 55.480734], [12.138995, 55.480646], [12.132309, 55.480574], [12.113767, 55.480319], [12.107662, 55.480196], [12.102656, 55.479739], [12.09912, 55.479271], [12.094073, 55.478293], [12.089334, 55.477199], [12.084762, 55.475624], [12.077276, 55.472783], [12.071511, 55.471112], [12.057855, 55.467876], [12.05135, 55.466636], [12.04885, 55.466231], [12.043958, 55.465588], [12.037066, 55.464861], [12.029857, 55.464122], [12.025706, 55.463641], [12.01899, 55.462521], [12.012213, 55.461214], [12.007008, 55.460182], [12.003607, 55.459771], [12.000622, 55.459422], [11.996746, 55.459014], [11.9931, 55.458707], [11.990211, 55.458589], [11.985834, 55.458454], [11.982268, 55.458361], [11.980585, 55.458294], [11.978344, 55.458151], [11.975686, 55.457946], [11.972507, 55.457744], [11.970129, 55.457685], [11.967674, 55.457646], [11.966063, 55.457676], [11.963444, 55.457775], [11.960384, 55.457894], [11.956065, 55.458116], [11.952548, 55.458264], [11.949444, 55.458429], [11.944667, 55.458652], [11.94252, 55.458721], [11.939626, 55.458737], [11.936964, 55.458675], [11.93476, 55.458611], [11.932853, 55.458504], [11.930449, 55.458292], [11.927867, 55.458039], [11.925547, 55.457681], [11.923721, 55.457383], [11.921365, 55.456972], [11.919629, 55.456609], [11.916896, 55.456009], [11.914293, 55.455253], [11.911838, 55.454565], [11.905638, 55.45287], [11.899611, 55.451349], [11.896449, 55.450732], [11.89307, 55.450165], [11.829783, 55.440849], [11.824957, 55.440152], [11.82172, 55.439777], [11.819051, 55.439596], [11.798266, 55.438608], [11.795207, 55.438498], [11.791778, 55.438307], [11.789228, 55.438248], [11.786564, 55.438138], [11.786405, 55.438132], [11.782992, 55.43794], [11.779543, 55.437686], [11.776096, 55.437468], [11.77514, 55.437364], [11.77375, 55.437153], [11.772372, 55.436887], [11.771037, 55.436567], [11.769745, 55.436183], [11.767178, 55.435198], [11.765489, 55.434337], [11.763797, 55.433198], [11.762295, 55.431839], [11.760967, 55.430026], [11.755385, 55.420029], [11.754276, 55.418409], [11.74882, 55.41152], [11.746473, 55.40822], [11.745344, 55.406519], [11.74443, 55.404967], [11.740676, 55.398426], [11.739512, 55.396213], [11.738411, 55.394458], [11.737251, 55.392983], [11.736059, 55.391742], [11.734277, 55.390173], [11.732345, 55.388724], [11.729987, 55.387275], [11.727355, 55.385743], [11.725043, 55.384284], [11.719966, 55.380712], [11.699544, 55.366233], [11.697249, 55.364522], [11.695623, 55.362886], [11.694615, 55.36129], [11.694064, 55.35945], [11.694137, 55.357049], [11.694858, 55.354884], [11.69559, 55.353583], [11.695731, 55.353337], [11.698341, 55.349719], [11.699513, 55.347931], [11.700431, 55.346599], [11.701473, 55.345443], [11.703193, 55.344065], [11.70553, 55.34271], [11.708465, 55.341351], [11.728575, 55.332165], [11.730531, 55.33125], [11.732343, 55.330319], [11.73448, 55.329067], [11.736152, 55.327932], [11.737678, 55.326739], [11.73959, 55.324961], [11.741471, 55.322752], [11.742542, 55.321137], [11.743209, 55.319836], [11.743797, 55.318538], [11.744344, 55.316871], [11.744575, 55.315194], [11.744516, 55.313209], [11.743006, 55.282444], [11.74305, 55.280798], [11.743545, 55.278378], [11.744413, 55.276363], [11.745524, 55.274432], [11.750552, 55.265841], [11.752175, 55.26291], [11.752756, 55.261072], [11.753099, 55.258979], [11.753469, 55.257271], [11.75423, 55.255528], [11.757344, 55.250729], [11.758619, 55.248678], [11.759312, 55.246882], [11.760796, 55.241724], [11.761235, 55.240339], [11.761683, 55.238639], [11.762349, 55.237131], [11.76334, 55.235536], [11.764546, 55.234106], [11.766942, 55.231678], [11.767327, 55.231328], [11.768625, 55.230094], [11.770244, 55.228502], [11.772119, 55.226967], [11.79, 55.22]]}, "properties": {"shape_id": "2327", "route_id": "11748_2", "route_short_name": "RE", "agency_id": "203"}}, {"type": "Feature", "geometry": {"type": "LineString", "coordinates": [[11.767327, 55.231328], [11.768625, 55.230094], [11.770244, 55.228502], [11.772119, 55.226967], [11.79, 55.22]]}, "properties": {"shape_id": "2329", "route_id": "11748_2", "route_short_name": "RE", "agency_id": "203"}}, {"type": "Feature", "geometry": {"type": "LineString", "coordinates": [[11.83, 55.63], [12.02168, 55.603402], [12.030771, 55.602674], [12.033497, 55.602616], [12.036197, 55.602818], [12.037438, 55.603057], [12.038246, 55.603244], [12.039041, 55.603458], [12.040181, 55.603825], [12.040917, 55.604104], [12.041607, 55.604401], [12.042598, 55.604889], [12.043212, 55.605233], [12.044081, 55.605796], [12.044605, 55.606197], [12.045321, 55.606826], [12.045927, 55.607476], [12.046441, 55.608165], [12.047035, 55.609472], [12.04757, 55.610843], [12.048475, 55.612681], [12.049895, 55.614813], [12.050981, 55.616107], [12.052086, 55.617239], [12.05345, 55.618446], [12.055426, 55.619952], [12.058286, 55.621993], [12.060685, 55.623426], [12.066463, 55.627219], [12.069608, 55.629235], [12.071609, 55.630632], [12.075141, 55.632926], [12.07593, 55.633464], [12.076749, 55.633974], [12.077599, 55.634474], [12.078494, 55.634946], [12.079405, 55.635408], [12.080838, 55.636056], [12.081839, 55.636462], [12.086511, 55.638062], [12.088784, 55.638867], [12.090109, 55.639347], [12.092565, 55.640256], [12.09522, 55.641267], [12.097118, 55.641957], [12.099522, 55.642813], [12.104213, 55.644438], [12.107629, 55.645422], [12.110786, 55.646133], [12.11409, 55.646705], [12.116789, 55.64705], [12.11978, 55.647289], [12.132279, 55.647914], [12.178026, 55.650162], [12.180769, 55.650262], [12.184424, 55.650239], [12.1877, 55.650055], [12.190414, 55.649795], [12.193747, 55.649331], [12.197182, 55.648765], [12.198798, 55.648498], [12.202055, 55.647883], [12.205881, 55.647225], [12.214316, 55.645782], [12.217657, 55.645235], [12.219875, 55.644943], [12.22262, 55.644691], [12.226056, 55.644529], [12.229108, 55.644521], [12.231772, 55.64463], [12.234252, 55.644817], [12.236913, 55.645088], [12.246622, 55.64618], [12.249672, 55.64654], [12.253139, 55.646933], [12.269331, 55.648741], [12.289007, 55.650921], [12.293057, 55.651433], [12.297069, 55.651873], [12.302941, 55.652488], [12.306946, 55.652839], [12.310185, 55.653165], [12.318404, 55.654076], [12.348456, 55.657395], [12.353164, 55.657958], [12.356998, 55.658339], [12.382722, 55.661183], [12.394431, 55.662505], [12.397902, 55.662913], [12.401645, 55.663339], [12.407614, 55.663929], [12.413572, 55.664581], [12.417258, 55.664901], [12.420455, 55.665082], [12.423801, 55.665141], [12.428235, 55.665098], [12.438323, 55.664951], [12.440677, 55.664947], [12.444821, 55.664858], [12.45437, 55.664724], [12.459058, 55.664673], [12.470809, 55.664449], [12.478799, 55.664321], [12.485647, 55.664226], [12.488518, 55.664144], [12.491492, 55.664131], [12.500991, 55.663986], [12.503462, 55.664042], [12.505741, 55.663913], [12.508128, 55.663917], [12.51132, 55.663862], [12.514372, 55.663837], [12.5191, 55.663702], [12.523119, 55.66364], [12.531457, 55.66349], [12.535312, 55.663379], [12.538161, 55.663225], [12.539469, 55.663088], [12.542094, 55.662734], [12.543011, 55.662671], [12.54363, 55.662662], [12.544668, 55.662704], [12.545711, 55.6628], [12.546711, 55.662951], [12.5477, 55.663165], [12.557815, 55.664365], [12.558218, 55.664425], [12.558608, 55.664512], [12.558984, 55.664627], [12.559329, 55.664752], [12.559909, 55.665005], [12.562396, 55.666291], [12.564634, 55.667457], [12.565021, 55.667689], [12.565379, 55.667948], [12.56569, 55.668218], [12.565939, 55.668507], [12.566157, 55.668807], [12.566328, 55.669108], [12.566499, 55.669588], [12.566543, 55.670072], [12.566491, 55.670551], [12.566311, 55.671023], [12.56592, 55.671619], [12.565448, 55.672199], [12.564894, 55.672755]]}, "properties": {"shape_id": "2334", "route_id": "11748_2", "route_short_name": "RE", "agency_id": "203"}}, {"type": "Feature", "geometry": {"type": "LineString", "coordinates": [[11.83, 55.63], [12.02168, 55.603402], [12.030771, 55.602674], [12.033497, 55.602616], [12.036197, 55.602818], [12.037438, 55.603057], [12.038246, 55.603244], [12.039041, 55.603458], [12.040181, 55.603825], [12.040917, 55.604104], [12.041607, 55.604401], [12.042598, 55.604889], [12.043212, 55.605233], [12.044081, 55.605796], [12.044605, 55.606197], [12.045321, 55.606826], [12.045927, 55.607476], [12.046441, 55.608165], [12.047035, 55.609472], [12.04757, 55.610843], [12.048475, 55.612681], [12.049895, 55.614813], [12.050981, 55.616107], [12.052086, 55.617239], [12.05345, 55.618446], [12.055426, 55.619952], [12.058286, 55.621993], [12.060685, 55.623426], [12.066463, 55.627219], [12.069608, 55.629235], [12.071609, 55.630632], [12.075141, 55.632926], [12.07593, 55.633464], [12.076749, 55.633974], [12.077599, 55.634474], [12.078494, 55.634946], [12.079405, 55.635408], [12.080838, 55.636056], [12.081839, 55.636462], [12.086511, 55.638062], [12.088784, 55.638867], [12.090109, 55.639347], [12.092565, 55.640256], [12.09522, 55.641267], [12.097118, 55.641957], [12.099522, 55.642813], [12.104213, 55.644438], [12.107629, 55.645422], [12.110786, 55.646133], [12.11409, 55.646705], [12.116789, 55.64705], [12.11978, 55.647289], [12.132279, 55.647914], [12.178026, 55.650162], [12.180769, 55.650262], [12.184424, 55.650239], [12.1877, 55.650055], [12.190414, 55.649795], [12.193747, 55.649331], [12.197182, 55.648765], [12.198798, 55.648498], [12.202055, 55.647883], [12.205881, 55.647225], [12.214316, 55.645782], [12.217657, 55.645235], [12.219875, 55.644943], [12.22262, 55.644691], [12.226056, 55.644529], [12.229108, 55.644521], [12.231772, 55.64463], [12.234252, 55.644817], [12.236913, 55.645088], [12.246622, 55.64618], [12.249672, 55.64654], [12.253139, 55.646933], [12.269331, 55.648741], [12.289007, 55.650921], [12.293057, 55.651433], [12.297069, 55.651873], [12.302941, 55.652488], [12.306946, 55.652839], [12.310185, 55.653165], [12.318404, 55.654076], [12.348456, 55.657395], [12.353164, 55.657958], [12.356998, 55.658339], [12.382722, 55.661183], [12.394431, 55.662505], [12.397902, 55.662913], [12.401645, 55.663339], [12.407614, 55.663929], [12.413572, 55.664581], [12.417258, 55.664901], [12.420455, 55.665082], [12.423801, 55.665141], [12.428235, 55.665098], [12.438323, 55.664951], [12.440677, 55.664947], [12.444821, 55.664858], [12.45437, 55.664724], [12.459058, 55.664673], [12.470809, 55.664449], [12.478799, 55.664321], [12.485647, 55.664226], [12.488518, 55.664144], [12.491492, 55.664131], [12.500991, 55.663986], [12.503462, 55.664042], [12.505741, 55.663913], [12.508128, 55.663917], [12.51132, 55.663862], [12.514372, 55.663837], [12.5191, 55.663702], [12.523119, 55.66364], [12.531457, 55.66349], [12.535312, 55.663379], [12.538161, 55.663225], [12.539469, 55.663088], [12.542094, 55.662734], [12.543011, 55.662671], [12.54363, 55.662662], [12.544668, 55.662704], [12.545711, 55.6628], [12.546711, 55.662951], [12.5477, 55.663165], [12.557815, 55.664365], [12.558218, 55.664425], [12.558608, 55.664512], [12.558984, 55.664627], [12.559329, 55.664752], [12.559909, 55.665005], [12.562396, 55.666291], [12.564634, 55.667457], [12.565021, 55.667689], [12.565379, 55.667948], [12.56569, 55.668218], [12.565939, 55.668507], [12.566157, 55.668807], [12.566328, 55.669108], [12.566499, 55.669588], [12.566543, 55.670072], [12.566491, 55.670551], [12.566311, 55.671023], [12.56592, 55.671619], [12.565448, 55.672199], [12.564894, 55.672755], [12.564471, 55.673001], [12.564082, 55.673273], [12.56358, 55.673701], [12.563177, 55.674172], [12.562952, 55.674493], [12.562775, 55.674822], [12.562662, 55.675158], [12.562582, 55.675502], [12.562566, 55.675673], [12.562567, 55.676033], [12.562595, 55.676347], [12.562686, 55.67665], [12.562887, 55.677102], [12.563088, 55.677393], [12.563321, 55.677674], [12.563616, 55.677945], [12.563926, 55.678205], [12.566925, 55.679862], [12.570342, 55.682425], [12.571245, 55.683073], [12.572231, 55.683772], [12.574645, 55.685275], [12.57656, 55.686559], [12.580036, 55.688535], [12.581921, 55.689478], [12.583845, 55.690501], [12.587131, 55.692482], [12.587571, 55.692766]]}, "properties": {"shape_id": "2335", "route_id": "11748_2", "route_short_name": "RE", "agency_id": "203"}}, {"type": "Feature", "geometry": {"type": "LineString", "coordinates": [[12.587571, 55.692766], [12.587131, 55.692482], [12.583845, 55.690501], [12.581921, 55.689478], [12.580036, 55.688535], [12.57656, 55.686559], [12.574645, 55.685275], [12.572231, 55.683772], [12.571245, 55.683073], [12.570342, 55.682425], [12.566925, 55.679862], [12.563926, 55.678205], [12.563616, 55.677945], [12.563321, 55.677674], [12.563088, 55.677393], [12.562887, 55.677102], [12.562686, 55.67665], [12.562595, 55.676347], [12.562567, 55.676033], [12.562566, 55.675673], [12.562582, 55.675502], [12.562662, 55.675158], [12.562775, 55.674822], [12.562952, 55.674493], [12.563177, 55.674172], [12.56358, 55.673701], [12.564082, 55.673273], [12.564471, 55.673001], [12.564894, 55.672755], [12.565448, 55.672199], [12.56592, 55.671619], [12.566311, 55.671023], [12.566491, 55.670551], [12.566543, 55.670072], [12.566499, 55.669588], [12.566328, 55.669108], [12.566157, 55.668807], [12.565939, 55.668507], [12.56569, 55.668218], [12.565379, 55.667948], [12.565021, 55.667689], [12.564634, 55.667457], [12.562396, 55.666291], [12.559909, 55.665005], [12.559329, 55.664752], [12.558984, 55.664627], [12.558608, 55.664512], [12.558218, 55.664425], [12.557815, 55.664365], [12.5477, 55.663165], [12.546711, 55.662951], [12.545711, 55.6628], [12.544668, 55.662704], [12.54363, 55.662662], [12.543011, 55.662671], [12.542094, 55.662734], [12.539469, 55.663088], [12.538161, 55.663225], [12.535312, 55.663379], [12.531457, 55.66349], [12.523119, 55.66364], [12.5191, 55.663702], [12.514372, 55.663837], [12.51132, 55.663862], [12.508128, 55.663917], [12.505741, 55.663913], [12.503462, 55.664042], [12.500991, 55.663986], [12.491492, 55.664131], [12.488518, 55.664144], [12.485647, 55.664226], [12.478799, 55.664321], [12.470809, 55.664449], [12.459058, 55.664673], [12.45437, 55.664724], [12.444821, 55.664858], [12.440677, 55.664947], [12.438323, 55.664951], [12.428235, 55.665098], [12.423801, 55.665141], [12.420455, 55.665082], [12.417258, 55.664901], [12.413572, 55.664581], [12.407614, 55.663929], [12.401645, 55.663339], [12.397902, 55.662913], [12.394431, 55.662505], [12.382722, 55.661183], [12.356998, 55.658339], [12.353164, 55.657958], [12.348456, 55.657395], [12.318404, 55.654076], [12.310185, 55.653165], [12.306946, 55.652839], [12.302941, 55.652488], [12.297069, 55.651873], [12.293057, 55.651433], [12.289007, 55.650921], [12.269331, 55.648741], [12.253139, 55.646933], [12.249672, 55.64654], [12.246622, 55.64618], [12.236913, 55.645088], [12.234252, 55.644817], [12.231772, 55.64463], [12.229108, 55.644521], [12.226056, 55.644529], [12.22262, 55.644691], [12.219875, 55.644943], [12.217657, 55.645235], [12.214316, 55.645782], [12.205881, 55.647225], [12.202055, 55.647883], [12.198798, 55.648498], [12.197182, 55.648765], [12.193747, 55.649331], [12.190414, 55.649795], [12.1877, 55.650055], [12.184424, 55.650239], [12.180769, 55.650262], [12.178026, 55.650162], [12.132279, 55.647914], [12.11978, 55.647289], [12.116789, 55.64705], [12.11409, 55.646705], [12.110786, 55.646133], [12.107629, 55.645422], [12.104213, 55.644438], [12.099522, 55.642813], [12.097118, 55.641957], [12.09522, 55.641267], [12.092565, 55.640256], [12.090109, 55.639347], [12.088784, 55.638867], [12.086511, 55.638062], [12.081839, 55.636462], [12.080838, 55.636056], [12.079405, 55.635408], [12.078494, 55.634946], [12.077599, 55.634474], [12.076749, 55.633974], [12.07593, 55.633464], [12.075141, 55.632926], [12.071609, 55.630632], [12.069608, 55.629235], [12.066463, 55.627219], [12.060685, 55.623426], [12.058286, 55.621993], [12.055426, 55.619952], [12.05345, 55.618446], [12.052086, 55.617239], [12.050981, 55.616107], [12.049895, 55.614813], [12.048475, 55.612681], [12.04757, 55.610843], [12.047035, 55.609472], [12.046441, 55.608165], [12.045927, 55.607476], [12.045321, 55.606826], [12.044605, 55.606197], [12.044081, 55.605796], [12.043212, 55.605233], [12.042598, 55.604889], [12.041607, 55.604401], [12.040917, 55.604104], [12.040181, 55.603825], [12.039041, 55.603458], [12.038246, 55.603244], [12.037438, 55.603057], [12.036197, 55.602818], [12.033497, 55.602616], [12.030771, 55.602674], [12.02168, 55.603402], [11.83, 55.63]]}, "properties": {"shape_id": "2336", "route_id": "11748_2", "route_short_name": "RE", "agency_id": "203"}}, {"type": "Feature", "geometry": {"type": "LineString", "coordinates": [[12.564894, 55.672755], [12.565448, 55.672199], [12.56592, 55.671619], [12.566311, 55.671023], [12.566491, 55.670551], [12.566543, 55.670072], [12.566499, 55.669588], [12.566328, 55.669108], [12.566157, 55.668807], [12.565939, 55.668507], [12.56569, 55.668218], [12.565379, 55.667948], [12.565021, 55.667689], [12.564634, 55.667457], [12.562396, 55.666291], [12.559909, 55.665005], [12.559329, 55.664752], [12.558984, 55.664627], [12.558608, 55.664512], [12.558218, 55.664425], [12.557815, 55.664365], [12.5477, 55.663165], [12.546711, 55.662951], [12.545711, 55.6628], [12.544668, 55.662704], [12.54363, 55.662662], [12.543011, 55.662671], [12.542094, 55.662734], [12.539469, 55.663088], [12.538161, 55.663225], [12.535312, 55.663379], [12.531457, 55.66349], [12.523119, 55.66364], [12.5191, 55.663702], [12.514372, 55.663837], [12.51132, 55.663862], [12.508128, 55.663917], [12.505741, 55.663913], [12.503462, 55.664042], [12.500991, 55.663986], [12.491492, 55.664131], [12.488518, 55.664144], [12.485647, 55.664226], [12.478799, 55.664321], [12.470809, 55.664449], [12.459058, 55.664673], [12.45437, 55.664724], [12.444821, 55.664858], [12.440677, 55.664947], [12.438323, 55.664951], [12.428235, 55.665098], [12.423801, 55.665141], [12.420455, 55.665082], [12.417258, 55.664901], [12.413572, 55.664581], [12.407614, 55.663929], [12.401645, 55.663339], [12.397902, 55.662913], [12.394431, 55.662505], [12.382722, 55.661183], [12.356998, 55.658339], [12.353164, 55.657958], [12.348456, 55.657395], [12.318404, 55.654076], [12.310185, 55.653165], [12.306946, 55.652839], [12.302941, 55.652488], [12.297069, 55.651873], [12.293057, 55.651433], [12.289007, 55.650921], [12.269331, 55.648741], [12.253139, 55.646933], [12.249672, 55.64654], [12.246622, 55.64618], [12.236913, 55.645088], [12.234252, 55.644817], [12.231772, 55.64463], [12.229108, 55.644521], [12.226056, 55.644529], [12.22262, 55.644691], [12.219875, 55.644943], [12.217657, 55.645235], [12.214316, 55.645782], [12.205881, 55.647225], [12.202055, 55.647883], [12.198798, 55.648498], [12.197182, 55.648765], [12.193747, 55.649331], [12.190414, 55.649795], [12.1877, 55.650055], [12.184424, 55.650239], [12.180769, 55.650262], [12.178026, 55.650162], [12.132279, 55.647914], [12.11978, 55.647289], [12.116789, 55.64705], [12.11409, 55.646705], [12.110786, 55.646133], [12.107629, 55.645422], [12.104213, 55.644438], [12.099522, 55.642813], [12.097118, 55.641957], [12.09522, 55.641267], [12.092565, 55.640256], [12.090109, 55.639347], [12.088784, 55.638867], [12.086511, 55.638062], [12.081839, 55.636462], [12.080838, 55.636056], [12.079405, 55.635408], [12.078494, 55.634946], [12.077599, 55.634474], [12.076749, 55.633974], [12.07593, 55.633464], [12.075141, 55.632926], [12.071609, 55.630632], [12.069608, 55.629235], [12.066463, 55.627219], [12.060685, 55.623426], [12.058286, 55.621993], [12.055426, 55.619952], [12.05345, 55.618446], [12.052086, 55.617239], [12.050981, 55.616107], [12.049895, 55.614813], [12.048475, 55.612681], [12.04757, 55.610843], [12.047035, 55.609472], [12.046441, 55.608165], [12.045927, 55.607476], [12.045321, 55.606826], [12.044605, 55.606197], [12.044081, 55.605796], [12.043212, 55.605233], [12.042598, 55.604889], [12.041607, 55.604401], [12.040917, 55.604104], [12.040181, 55.603825], [12.039041, 55.603458], [12.038246, 55.603244], [12.037438, 55.603057], [12.036197, 55.602818], [12.033497, 55.602616], [12.030771, 55.602674], [12.02168, 55.603402], [11.83, 55.63]]}, "properties": {"shape_id": "2337", "route_id": "11748_2", "route_short_name": "RE", "agency_id": "203"}}, {"type": "Feature", "geometry": {"type": "LineString", "coordinates": [[12.564894, 55.672755], [12.565448, 55.672199], [12.56592, 55.671619], [12.566311, 55.671023], [12.566491, 55.670551], [12.566543, 55.670072], [12.566499, 55.669588], [12.566328, 55.669108], [12.566157, 55.668807], [12.565939, 55.668507], [12.56569, 55.668218], [12.565379, 55.667948], [12.565021, 55.667689], [12.564634, 55.667457], [12.562396, 55.666291], [12.559909, 55.665005], [12.559329, 55.664752], [12.558984, 55.664627], [12.558608, 55.664512], [12.558218, 55.664425], [12.557815, 55.664365], [12.5477, 55.663165], [12.546711, 55.662951], [12.545711, 55.6628], [12.544668, 55.662704], [12.54363, 55.662662], [12.543011, 55.662671], [12.542094, 55.662734], [12.539469, 55.663088], [12.538161, 55.663225], [12.535312, 55.663379], [12.531457, 55.66349], [12.523119, 55.66364], [12.5191, 55.663702], [12.514372, 55.663837], [12.51132, 55.663862], [12.508128, 55.663917], [12.505741, 55.663913], [12.503462, 55.664042], [12.500991, 55.663986], [12.491492, 55.664131], [12.488518, 55.664144], [12.485647, 55.664226], [12.478799, 55.664321], [12.470809, 55.664449], [12.459058, 55.664673], [12.45437, 55.664724], [12.444821, 55.664858], [12.440677, 55.664947], [12.438323, 55.664951], [12.428235, 55.665098], [12.423801, 55.665141], [12.420455, 55.665082], [12.417258, 55.664901], [12.413572, 55.664581], [12.407614, 55.663929], [12.401645, 55.663339], [12.397902, 55.662913], [12.394431, 55.662505], [12.382722, 55.661183], [12.356998, 55.658339], [12.353164, 55.657958], [12.348456, 55.657395], [12.318404, 55.654076], [12.310185, 55.653165], [12.306946, 55.652839], [12.302941, 55.652488], [12.297069, 55.651873], [12.293057, 55.651433], [12.289007, 55.650921], [12.269331, 55.648741], [12.253139, 55.646933], [12.249672, 55.64654], [12.246622, 55.64618], [12.236913, 55.645088], [12.234252, 55.644817], [12.231772, 55.64463], [12.229108, 55.644521], [12.226056, 55.644529], [12.22262, 55.644691], [12.219875, 55.644943], [12.217657, 55.645235], [12.214316, 55.645782], [12.205881, 55.647225], [12.202055, 55.647883], [12.198798, 55.648498], [12.197182, 55.648765], [12.193747, 55.649331], [12.190414, 55.649795], [12.1877, 55.650055], [12.184424, 55.650239], [12.180769, 55.650262], [12.178026, 55.650162], [12.132279, 55.647914], [12.11978, 55.647289], [12.116789, 55.64705], [12.11409, 55.646705], [12.110786, 55.646133], [12.107629, 55.645422], [12.104213, 55.644438], [12.099522, 55.642813], [12.097118, 55.641957], [12.09522, 55.641267], [12.092565, 55.640256], [12.090109, 55.639347], [12.088784, 55.638867], [12.086511, 55.638062], [12.081839, 55.636462], [12.080838, 55.636056], [12.079405, 55.635408], [12.078494, 55.634946], [12.077599, 55.634474], [12.076749, 55.633974], [12.07593, 55.633464], [12.075141, 55.632926], [12.071609, 55.630632], [12.069608, 55.629235], [12.066463, 55.627219], [12.060685, 55.623426], [12.058286, 55.621993], [12.055426, 55.619952], [12.05345, 55.618446], [12.052086, 55.617239], [12.050981, 55.616107], [12.049895, 55.614813], [12.048475, 55.612681], [12.04757, 55.610843], [12.047035, 55.609472], [12.046441, 55.608165], [12.045927, 55.607476], [12.045321, 55.606826], [12.044605, 55.606197], [12.044081, 55.605796], [12.043212, 55.605233], [12.042598, 55.604889], [12.041607, 55.604401], [12.040917, 55.604104], [12.040181, 55.603825], [12.039041, 55.603458], [12.038246, 55.603244], [12.037438, 55.603057], [12.036197, 55.602818], [12.033497, 55.602616], [12.030771, 55.602674], [12.02168, 55.603402], [11.83, 55.63]]}, "properties": {"shape_id": "2342", "route_id": "11748_2", "route_short_name": "RE", "agency_id": "203"}}, {"type": "Feature", "geometry": {"type": "LineString", "coordinates": [[12.587571, 55.692766], [12.587131, 55.692482], [12.583845, 55.690501], [12.581921, 55.689478], [12.580036, 55.688535], [12.57656, 55.686559], [12.574645, 55.685275], [12.572231, 55.683772], [12.571245, 55.683073], [12.570342, 55.682425], [12.566925, 55.679862], [12.563926, 55.678205], [12.563616, 55.677945], [12.563321, 55.677674], [12.563088, 55.677393], [12.562887, 55.677102], [12.562686, 55.67665], [12.562595, 55.676347], [12.562567, 55.676033], [12.562566, 55.675673], [12.562582, 55.675502], [12.562662, 55.675158], [12.562775, 55.674822], [12.562952, 55.674493], [12.563177, 55.674172], [12.56358, 55.673701], [12.564082, 55.673273], [12.564471, 55.673001], [12.564894, 55.672755], [12.565448, 55.672199], [12.56592, 55.671619], [12.566311, 55.671023], [12.566491, 55.670551], [12.566543, 55.670072], [12.566499, 55.669588], [12.566328, 55.669108], [12.566157, 55.668807], [12.565939, 55.668507], [12.56569, 55.668218], [12.565379, 55.667948], [12.565021, 55.667689], [12.564634, 55.667457], [12.562396, 55.666291], [12.559909, 55.665005], [12.559329, 55.664752], [12.558984, 55.664627], [12.558608, 55.664512], [12.558218, 55.664425], [12.557815, 55.664365], [12.5477, 55.663165], [12.546711, 55.662951], [12.545711, 55.6628], [12.544668, 55.662704], [12.54363, 55.662662], [12.543011, 55.662671], [12.542094, 55.662734], [12.539469, 55.663088], [12.538161, 55.663225], [12.535312, 55.663379], [12.531457, 55.66349], [12.523119, 55.66364], [12.5191, 55.663702], [12.514372, 55.663837], [12.51132, 55.663862], [12.508128, 55.663917], [12.505741, 55.663913], [12.503462, 55.664042], [12.500991, 55.663986], [12.491492, 55.664131], [12.488518, 55.664144], [12.485647, 55.664226], [12.478799, 55.664321], [12.470809, 55.664449], [12.459058, 55.664673], [12.45437, 55.664724], [12.444821, 55.664858], [12.440677, 55.664947], [12.438323, 55.664951], [12.428235, 55.665098], [12.423801, 55.665141], [12.420455, 55.665082], [12.417258, 55.664901], [12.413572, 55.664581], [12.407614, 55.663929], [12.401645, 55.663339], [12.397902, 55.662913], [12.394431, 55.662505], [12.382722, 55.661183], [12.356998, 55.658339], [12.353164, 55.657958], [12.348456, 55.657395], [12.318404, 55.654076], [12.310185, 55.653165], [12.306946, 55.652839], [12.302941, 55.652488], [12.297069, 55.651873], [12.293057, 55.651433], [12.289007, 55.650921], [12.269331, 55.648741], [12.253139, 55.646933], [12.249672, 55.64654], [12.246622, 55.64618], [12.236913, 55.645088], [12.234252, 55.644817], [12.231772, 55.64463], [12.229108, 55.644521], [12.226056, 55.644529], [12.22262, 55.644691], [12.219875, 55.644943], [12.217657, 55.645235], [12.214316, 55.645782], [12.205881, 55.647225], [12.202055, 55.647883], [12.198798, 55.648498], [12.197182, 55.648765], [12.193747, 55.649331], [12.190414, 55.649795], [12.1877, 55.650055], [12.184424, 55.650239], [12.180769, 55.650262], [12.178026, 55.650162], [12.132279, 55.647914], [12.11978, 55.647289], [12.116789, 55.64705], [12.11409, 55.646705], [12.110786, 55.646133], [12.107629, 55.645422], [12.104213, 55.644438], [12.099522, 55.642813], [12.097118, 55.641957], [12.09522, 55.641267], [12.092565, 55.640256], [12.090109, 55.639347], [12.088784, 55.638867], [12.086511, 55.638062], [12.081839, 55.636462], [12.080838, 55.636056], [12.079405, 55.635408], [12.078494, 55.634946], [12.077599, 55.634474], [12.076749, 55.633974], [12.07593, 55.633464], [12.075141, 55.632926], [12.071609, 55.630632], [12.069608, 55.629235], [12.066463, 55.627219], [12.060685, 55.623426], [12.058286, 55.621993], [12.055426, 55.619952], [12.05345, 55.618446], [12.052086, 55.617239], [12.050981, 55.616107], [12.049895, 55.614813], [12.048475, 55.612681], [12.04757, 55.610843], [12.047035, 55.609472], [12.046441, 55.608165], [12.045927, 55.607476], [12.045321, 55.606826], [12.044605, 55.606197], [12.044081, 55.605796], [12.043212, 55.605233], [12.042598, 55.604889], [12.041607, 55.604401], [12.040917, 55.604104], [12.040181, 55.603825], [12.039041, 55.603458], [12.038246, 55.603244], [12.037438, 55.603057], [12.036197, 55.602818], [12.033497, 55.602616], [12.030771, 55.602674], [12.02168, 55.603402], [11.83, 55.63]]}, "properties": {"shape_id": "2343", "route_id": "11748_2", "route_short_name": "RE", "agency_id": "203"}}, {"type": "Feature", "geometry": {"type": "LineString", "coordinates": [[12.088784, 55.638867], [12.090109, 55.639347], [12.092565, 55.640256], [12.09522, 55.641267], [12.097118, 55.641957], [12.099522, 55.642813], [12.104213, 55.644438], [12.107629, 55.645422], [12.110786, 55.646133], [12.11409, 55.646705], [12.116789, 55.64705], [12.11978, 55.647289], [12.132279, 55.647914], [12.178026, 55.650162], [12.180769, 55.650262], [12.184424, 55.650239], [12.1877, 55.650055], [12.190414, 55.649795], [12.193747, 55.649331], [12.197182, 55.648765], [12.198798, 55.648498], [12.202055, 55.647883], [12.205881, 55.647225], [12.214316, 55.645782], [12.217657, 55.645235], [12.219875, 55.644943], [12.22262, 55.644691], [12.226056, 55.644529], [12.229108, 55.644521], [12.231772, 55.64463], [12.234252, 55.644817], [12.236913, 55.645088], [12.246622, 55.64618], [12.249672, 55.64654], [12.253139, 55.646933], [12.269331, 55.648741], [12.289007, 55.650921], [12.293057, 55.651433], [12.297069, 55.651873], [12.302941, 55.652488], [12.306946, 55.652839], [12.310185, 55.653165], [12.318404, 55.654076], [12.348456, 55.657395], [12.353164, 55.657958], [12.356998, 55.658339], [12.382722, 55.661183], [12.394431, 55.662505], [12.397902, 55.662913], [12.401645, 55.663339], [12.407614, 55.663929], [12.413572, 55.664581], [12.417258, 55.664901], [12.420455, 55.665082], [12.423801, 55.665141], [12.428235, 55.665098], [12.438323, 55.664951], [12.440677, 55.664947], [12.444821, 55.664858], [12.45437, 55.664724], [12.459058, 55.664673], [12.470809, 55.664449], [12.478799, 55.664321], [12.485647, 55.664226], [12.488518, 55.664144], [12.491492, 55.664131], [12.500991, 55.663986], [12.503462, 55.664042], [12.505741, 55.663913], [12.508128, 55.663917], [12.51132, 55.663862], [12.514372, 55.663837], [12.5191, 55.663702], [12.523119, 55.66364], [12.531457, 55.66349], [12.535312, 55.663379], [12.538161, 55.663225], [12.539469, 55.663088], [12.542094, 55.662734], [12.543011, 55.662671], [12.54363, 55.662662], [12.544668, 55.662704], [12.545711, 55.6628], [12.546711, 55.662951], [12.5477, 55.663165], [12.557815, 55.664365], [12.558218, 55.664425], [12.558608, 55.664512], [12.558984, 55.664627], [12.559329, 55.664752], [12.559909, 55.665005], [12.562396, 55.666291], [12.564634, 55.667457], [12.565021, 55.667689], [12.565379, 55.667948], [12.56569, 55.668218], [12.565939, 55.668507], [12.566157, 55.668807], [12.566328, 55.669108], [12.566499, 55.669588], [12.566543, 55.670072], [12.566491, 55.670551], [12.566311, 55.671023], [12.56592, 55.671619], [12.565448, 55.672199], [12.564894, 55.672755], [12.564471, 55.673001], [12.564082, 55.673273], [12.56358, 55.673701], [12.563177, 55.674172], [12.562952, 55.674493], [12.562775, 55.674822], [12.562662, 55.675158], [12.562582, 55.675502], [12.562566, 55.675673], [12.562567, 55.676033], [12.562595, 55.676347], [12.562686, 55.67665], [12.562887, 55.677102], [12.563088, 55.677393], [12.563321, 55.677674], [12.563616, 55.677945], [12.563926, 55.678205], [12.566925, 55.679862], [12.570342, 55.682425], [12.571245, 55.683073], [12.572231, 55.683772], [12.574645, 55.685275], [12.57656, 55.686559], [12.580036, 55.688535], [12.581921, 55.689478], [12.583845, 55.690501], [12.587131, 55.692482], [12.587571, 55.692766], [12.590621, 55.69461], [12.590967, 55.694905], [12.591423, 55.695369], [12.59166, 55.695694], [12.59185, 55.69603], [12.592057, 55.696546], [12.592153, 55.697074], [12.592138, 55.697605], [12.592059, 55.697958], [12.591365, 55.703229], [12.590943, 55.70522], [12.589962, 55.70755], [12.588928, 55.70964], [12.588619, 55.710098], [12.588263, 55.710549], [12.587653, 55.711197], [12.587197, 55.711606], [12.586692, 55.712007], [12.586154, 55.712391], [12.585566, 55.71275], [12.582177, 55.714351], [12.57822, 55.715851], [12.575577, 55.716728], [12.575317, 55.716853], [12.574557, 55.717244], [12.573879, 55.717668], [12.573461, 55.717977], [12.572917, 55.718469], [12.57247, 55.718986], [12.572105, 55.719527], [12.570873, 55.72173], [12.569237, 55.724754], [12.568321, 55.726939], [12.567583, 55.729145], [12.56708, 55.730967], [12.56625, 55.733922], [12.565434, 55.737552], [12.564643, 55.739193], [12.564248, 55.741147], [12.564302, 55.74209], [12.56482, 55.744098], [12.56567, 55.745548], [12.567289, 55.747389], [12.57126, 55.750726], [12.57245, 55.751878], [12.573972, 55.753174], [12.580106, 55.758867], [12.581757, 55.760527], [12.582927, 55.761806], [12.583876, 55.76328], [12.584408, 55.764559], [12.585208, 55.767017], [12.58589, 55.768364], [12.587045, 55.769823], [12.588944, 55.771737], [12.589596, 55.773453], [12.589222, 55.774768], [12.588666, 55.776007], [12.588068, 55.777481], [12.587275, 55.779608], [12.587298, 55.781774], [12.588084, 55.783379], [12.589112, 55.784662], [12.590132, 55.786035], [12.590763, 55.787518], [12.590899, 55.789339], [12.590398, 55.791008], [12.588369, 55.794449], [12.584315, 55.80105], [12.583269, 55.802339], [12.58188, 55.803558], [12.58041, 55.804761], [12.579062, 55.806247], [12.577547, 55.808522], [12.575843, 55.811188], [12.57478, 55.81317], [12.573836, 55.815409], [12.572991, 55.817862], [12.572249, 55.820221], [12.571867, 55.821977], [12.571611, 55.82354], [12.571366, 55.826442], [12.570379, 55.829087], [12.564908, 55.838256], [12.563221, 55.841119], [12.562761, 55.842382], [12.562623, 55.843663], [12.562552, 55.852135], [12.562379, 55.852868], [12.56204, 55.854398], [12.56117, 55.856078], [12.559681, 55.857793], [12.557848, 55.859249], [12.555275, 55.860663], [12.553212, 55.861532], [12.54926, 55.863076], [12.547361, 55.863994], [12.54553, 55.865305], [12.544186, 55.866702], [12.533773, 55.88003], [12.531933, 55.881962], [12.53156, 55.882252], [12.529708, 55.883699], [12.507031, 55.898131], [12.505001, 55.899753], [12.503533, 55.901396], [12.502654, 55.902832], [12.502429, 55.903531], [12.501878, 55.905228], [12.500754, 55.916194], [12.500223, 55.921846], [12.500273, 55.923643], [12.500726, 55.925644], [12.501359, 55.927155], [12.502371, 55.928789], [12.503332, 55.93003], [12.504879, 55.93173], [12.506406, 55.933377], [12.511498, 55.939202], [12.513114, 55.941125], [12.532111, 55.962709], [12.533126, 55.963813], [12.533589, 55.964321], [12.541757, 55.973707], [12.542743, 55.975189], [12.543306, 55.976441], [12.545201, 55.982249], [12.548519, 55.992547], [12.54927, 55.994783], [12.54979, 55.99573], [12.550193, 55.996455], [12.551275, 55.997755], [12.553099, 55.999276], [12.555595, 56.000759], [12.561433, 56.003351], [12.565714, 56.005223], [12.569288, 56.006738], [12.574222, 56.008205], [12.578878, 56.008573], [12.581543, 56.008927], [12.583812, 56.009338], [12.584595, 56.009477], [12.589309, 56.010463], [12.592279, 56.01133], [12.594296, 56.012314], [12.596063, 56.01371], [12.599617, 56.017913], [12.600908, 56.019539], [12.60174, 56.021232], [12.602036, 56.022509], [12.602646, 56.024578], [12.603972, 56.026571], [12.605953, 56.028356], [12.608296, 56.03023], [12.610852, 56.031638], [12.614122, 56.033629]]}, "properties": {"shape_id": "2347", "route_id": "11748_2", "route_short_name": "RE", "agency_id": "203"}}, {"type": "Feature", "geometry": {"type": "LineString", "coordinates": [[12.564894, 55.672755], [12.564471, 55.673001], [12.564082, 55.673273], [12.56358, 55.673701], [12.563177, 55.674172], [12.562952, 55.674493], [12.562775, 55.674822], [12.562662, 55.675158], [12.562582, 55.675502], [12.562566, 55.675673], [12.562567, 55.676033], [12.562595, 55.676347], [12.562686, 55.67665], [12.562887, 55.677102], [12.563088, 55.677393], [12.563321, 55.677674], [12.563616, 55.677945], [12.563926, 55.678205], [12.566925, 55.679862], [12.570342, 55.682425], [12.571245, 55.683073], [12.572231, 55.683772], [12.574645, 55.685275], [12.57656, 55.686559], [12.580036, 55.688535], [12.581921, 55.689478], [12.583845, 55.690501], [12.587131, 55.692482], [12.587571, 55.692766], [12.590621, 55.69461], [12.590967, 55.694905], [12.591423, 55.695369], [12.59166, 55.695694], [12.59185, 55.69603], [12.592057, 55.696546], [12.592153, 55.697074], [12.592138, 55.697605], [12.592059, 55.697958], [12.591365, 55.703229], [12.590943, 55.70522], [12.589962, 55.70755], [12.588928, 55.70964], [12.588619, 55.710098], [12.588263, 55.710549], [12.587653, 55.711197], [12.587197, 55.711606], [12.586692, 55.712007], [12.586154, 55.712391], [12.585566, 55.71275], [12.582177, 55.714351], [12.57822, 55.715851], [12.575577, 55.716728], [12.575317, 55.716853], [12.574557, 55.717244], [12.573879, 55.717668], [12.573461, 55.717977], [12.572917, 55.718469], [12.57247, 55.718986], [12.572105, 55.719527], [12.570873, 55.72173], [12.569237, 55.724754], [12.568321, 55.726939], [12.567583, 55.729145], [12.56708, 55.730967], [12.56625, 55.733922], [12.565434, 55.737552], [12.564643, 55.739193], [12.564248, 55.741147], [12.564302, 55.74209], [12.56482, 55.744098], [12.56567, 55.745548], [12.567289, 55.747389], [12.57126, 55.750726], [12.57245, 55.751878], [12.573972, 55.753174], [12.580106, 55.758867], [12.581757, 55.760527], [12.582927, 55.761806], [12.583876, 55.76328], [12.584408, 55.764559], [12.585208, 55.767017], [12.58589, 55.768364], [12.587045, 55.769823], [12.588944, 55.771737], [12.589596, 55.773453], [12.589222, 55.774768], [12.588666, 55.776007], [12.588068, 55.777481], [12.587275, 55.779608], [12.587298, 55.781774], [12.588084, 55.783379], [12.589112, 55.784662], [12.590132, 55.786035], [12.590763, 55.787518], [12.590899, 55.789339], [12.590398, 55.791008], [12.588369, 55.794449], [12.584315, 55.80105], [12.583269, 55.802339], [12.58188, 55.803558], [12.58041, 55.804761], [12.579062, 55.806247], [12.577547, 55.808522], [12.575843, 55.811188], [12.57478, 55.81317], [12.573836, 55.815409], [12.572991, 55.817862], [12.572249, 55.820221], [12.571867, 55.821977], [12.571611, 55.82354], [12.571366, 55.826442], [12.570379, 55.829087], [12.564908, 55.838256], [12.563221, 55.841119], [12.562761, 55.842382], [12.562623, 55.843663], [12.562552, 55.852135], [12.562379, 55.852868], [12.56204, 55.854398], [12.56117, 55.856078], [12.559681, 55.857793], [12.557848, 55.859249], [12.555275, 55.860663], [12.553212, 55.861532], [12.54926, 55.863076], [12.547361, 55.863994], [12.54553, 55.865305], [12.544186, 55.866702], [12.533773, 55.88003], [12.531933, 55.881962], [12.53156, 55.882252], [12.529708, 55.883699], [12.507031, 55.898131], [12.505001, 55.899753], [12.503533, 55.901396], [12.502654, 55.902832], [12.502429, 55.903531], [12.501878, 55.905228], [12.500754, 55.916194], [12.500223, 55.921846], [12.500273, 55.923643], [12.500726, 55.925644], [12.501359, 55.927155], [12.502371, 55.928789], [12.503332, 55.93003], [12.504879, 55.93173], [12.506406, 55.933377], [12.511498, 55.939202], [12.513114, 55.941125], [12.532111, 55.962709], [12.533126, 55.963813], [12.533589, 55.964321], [12.541757, 55.973707], [12.542743, 55.975189], [12.543306, 55.976441], [12.545201, 55.982249], [12.548519, 55.992547], [12.54927, 55.994783], [12.54979, 55.99573], [12.550193, 55.996455], [12.551275, 55.997755], [12.553099, 55.999276], [12.555595, 56.000759], [12.561433, 56.003351], [12.565714, 56.005223], [12.569288, 56.006738], [12.574222, 56.008205], [12.578878, 56.008573], [12.581543, 56.008927], [12.583812, 56.009338], [12.584595, 56.009477], [12.589309, 56.010463], [12.592279, 56.01133], [12.594296, 56.012314], [12.596063, 56.01371], [12.599617, 56.017913], [12.600908, 56.019539], [12.60174, 56.021232], [12.602036, 56.022509], [12.602646, 56.024578], [12.603972, 56.026571], [12.605953, 56.028356], [12.608296, 56.03023], [12.610852, 56.031638], [12.614122, 56.033629]]}, "properties": {"shape_id": "2350", "route_id": "11748_2", "route_short_name": "RE", "agency_id": "203"}}, {"type": "Feature", "geometry": {"type": "LineString", "coordinates": [[12.614122, 56.033629], [12.610852, 56.031638], [12.608296, 56.03023], [12.605953, 56.028356], [12.603972, 56.026571], [12.602646, 56.024578], [12.602036, 56.022509], [12.60174, 56.021232], [12.600908, 56.019539], [12.599617, 56.017913], [12.596063, 56.01371], [12.594296, 56.012314], [12.592279, 56.01133], [12.589309, 56.010463], [12.584595, 56.009477], [12.583812, 56.009338], [12.581543, 56.008927], [12.578878, 56.008573], [12.574222, 56.008205], [12.569288, 56.006738], [12.565714, 56.005223], [12.561433, 56.003351], [12.555595, 56.000759], [12.553099, 55.999276], [12.551275, 55.997755], [12.550193, 55.996455], [12.54979, 55.99573], [12.54927, 55.994783], [12.548519, 55.992547], [12.545201, 55.982249], [12.543306, 55.976441], [12.542743, 55.975189], [12.541757, 55.973707], [12.533589, 55.964321], [12.533126, 55.963813], [12.532111, 55.962709], [12.513114, 55.941125], [12.511498, 55.939202], [12.506406, 55.933377], [12.504879, 55.93173], [12.503332, 55.93003], [12.502371, 55.928789], [12.501359, 55.927155], [12.500726, 55.925644], [12.500273, 55.923643], [12.500223, 55.921846], [12.500754, 55.916194], [12.501878, 55.905228], [12.502429, 55.903531], [12.502654, 55.902832], [12.503533, 55.901396], [12.505001, 55.899753], [12.507031, 55.898131], [12.529708, 55.883699], [12.53156, 55.882252], [12.531933, 55.881962], [12.533773, 55.88003], [12.544186, 55.866702], [12.54553, 55.865305], [12.547361, 55.863994], [12.54926, 55.863076], [12.553212, 55.861532], [12.555275, 55.860663], [12.557848, 55.859249], [12.559681, 55.857793], [12.56117, 55.856078], [12.56204, 55.854398], [12.562379, 55.852868], [12.562552, 55.852135], [12.562623, 55.843663], [12.562761, 55.842382], [12.563221, 55.841119], [12.564908, 55.838256], [12.570379, 55.829087], [12.571366, 55.826442], [12.571611, 55.82354], [12.571867, 55.821977], [12.572249, 55.820221], [12.572991, 55.817862], [12.573836, 55.815409], [12.57478, 55.81317], [12.575843, 55.811188], [12.577547, 55.808522], [12.579062, 55.806247], [12.58041, 55.804761], [12.58188, 55.803558], [12.583269, 55.802339], [12.584315, 55.80105], [12.588369, 55.794449], [12.590398, 55.791008], [12.590899, 55.789339], [12.590763, 55.787518], [12.590132, 55.786035], [12.589112, 55.784662], [12.588084, 55.783379], [12.587298, 55.781774], [12.587275, 55.779608], [12.588068, 55.777481], [12.588666, 55.776007], [12.589222, 55.774768], [12.589596, 55.773453], [12.588944, 55.771737], [12.587045, 55.769823], [12.58589, 55.768364], [12.585208, 55.767017], [12.584408, 55.764559], [12.583876, 55.76328], [12.582927, 55.761806], [12.581757, 55.760527], [12.580106, 55.758867], [12.573972, 55.753174], [12.57245, 55.751878], [12.57126, 55.750726], [12.567289, 55.747389], [12.56567, 55.745548], [12.56482, 55.744098], [12.564302, 55.74209], [12.564248, 55.741147], [12.564643, 55.739193], [12.565434, 55.737552], [12.56625, 55.733922], [12.56708, 55.730967], [12.567583, 55.729145], [12.568321, 55.726939], [12.569237, 55.724754], [12.570873, 55.72173], [12.572105, 55.719527], [12.57247, 55.718986], [12.572917, 55.718469], [12.573461, 55.717977], [12.573879, 55.717668], [12.574557, 55.717244], [12.575317, 55.716853], [12.575577, 55.716728], [12.57822, 55.715851], [12.582177, 55.714351], [12.585566, 55.71275], [12.586154, 55.712391], [12.586692, 55.712007], [12.587197, 55.711606], [12.587653, 55.711197], [12.588263, 55.710549], [12.588619, 55.710098], [12.588928, 55.70964], [12.589962, 55.70755], [12.590943, 55.70522], [12.591365, 55.703229], [12.592059, 55.697958], [12.592138, 55.697605], [12.592153, 55.697074], [12.592057, 55.696546], [12.59185, 55.69603], [12.59166, 55.695694], [12.591423, 55.695369], [12.590967, 55.694905], [12.590621, 55.69461], [12.587571, 55.692766], [12.587131, 55.692482], [12.583845, 55.690501], [12.581921, 55.689478], [12.580036, 55.688535], [12.57656, 55.686559], [12.574645, 55.685275], [12.572231, 55.683772], [12.571245, 55.683073], [12.570342, 55.682425], [12.566925, 55.679862], [12.563926, 55.678205], [12.563616, 55.677945], [12.563321, 55.677674], [12.563088, 55.677393], [12.562887, 55.677102], [12.562686, 55.67665], [12.562595, 55.676347], [12.562567, 55.676033], [12.562566, 55.675673], [12.562582, 55.675502], [12.562662, 55.675158], [12.562775, 55.674822], [12.562952, 55.674493], [12.563177, 55.674172], [12.56358, 55.673701], [12.564082, 55.673273], [12.564471, 55.673001], [12.564894, 55.672755], [12.565448, 55.672199], [12.56592, 55.671619], [12.566311, 55.671023], [12.566491, 55.670551], [12.566543, 55.670072], [12.566499, 55.669588], [12.566328, 55.669108], [12.566157, 55.668807], [12.565939, 55.668507], [12.56569, 55.668218], [12.565379, 55.667948], [12.565021, 55.667689], [12.564634, 55.667457], [12.562396, 55.666291], [12.559909, 55.665005], [12.559329, 55.664752], [12.558984, 55.664627], [12.558608, 55.664512], [12.558218, 55.664425], [12.557815, 55.664365], [12.5477, 55.663165], [12.546711, 55.662951], [12.545711, 55.6628], [12.544668, 55.662704], [12.54363, 55.662662], [12.543011, 55.662671], [12.542094, 55.662734], [12.539469, 55.663088], [12.538161, 55.663225], [12.535312, 55.663379], [12.531457, 55.66349], [12.523119, 55.66364], [12.5191, 55.663702], [12.514372, 55.663837], [12.51132, 55.663862], [12.508128, 55.663917], [12.505741, 55.663913], [12.503462, 55.664042], [12.500991, 55.663986], [12.491492, 55.664131], [12.488518, 55.664144], [12.485647, 55.664226], [12.478799, 55.664321], [12.470809, 55.664449], [12.459058, 55.664673], [12.45437, 55.664724], [12.444821, 55.664858], [12.440677, 55.664947], [12.438323, 55.664951], [12.428235, 55.665098], [12.423801, 55.665141], [12.420455, 55.665082], [12.417258, 55.664901], [12.413572, 55.664581], [12.407614, 55.663929], [12.401645, 55.663339], [12.397902, 55.662913], [12.394431, 55.662505], [12.382722, 55.661183], [12.356998, 55.658339], [12.353164, 55.657958], [12.348456, 55.657395], [12.318404, 55.654076], [12.310185, 55.653165], [12.306946, 55.652839], [12.302941, 55.652488], [12.297069, 55.651873], [12.293057, 55.651433], [12.289007, 55.650921], [12.269331, 55.648741], [12.253139, 55.646933], [12.249672, 55.64654], [12.246622, 55.64618], [12.236913, 55.645088], [12.234252, 55.644817], [12.231772, 55.64463], [12.229108, 55.644521], [12.226056, 55.644529], [12.22262, 55.644691], [12.219875, 55.644943], [12.217657, 55.645235], [12.214316, 55.645782], [12.205881, 55.647225], [12.202055, 55.647883], [12.198798, 55.648498], [12.197182, 55.648765], [12.193747, 55.649331], [12.190414, 55.649795], [12.1877, 55.650055], [12.184424, 55.650239], [12.180769, 55.650262], [12.178026, 55.650162], [12.132279, 55.647914], [12.11978, 55.647289], [12.116789, 55.64705], [12.11409, 55.646705], [12.110786, 55.646133], [12.107629, 55.645422], [12.104213, 55.644438], [12.099522, 55.642813], [12.097118, 55.641957], [12.09522, 55.641267], [12.092565, 55.640256], [12.090109, 55.639347], [12.088784, 55.638867]]}, "properties": {"shape_id": "2351", "route_id": "11748_2", "route_short_name": "RE", "agency_id": "203"}}, {"type": "Feature", "geometry": {"type": "LineString", "coordinates": [[12.614122, 56.033629], [12.610852, 56.031638], [12.608296, 56.03023], [12.605953, 56.028356], [12.603972, 56.026571], [12.602646, 56.024578], [12.602036, 56.022509], [12.60174, 56.021232], [12.600908, 56.019539], [12.599617, 56.017913], [12.596063, 56.01371], [12.594296, 56.012314], [12.592279, 56.01133], [12.589309, 56.010463], [12.584595, 56.009477], [12.583812, 56.009338], [12.581543, 56.008927], [12.578878, 56.008573], [12.574222, 56.008205], [12.569288, 56.006738], [12.565714, 56.005223], [12.561433, 56.003351], [12.555595, 56.000759], [12.553099, 55.999276], [12.551275, 55.997755], [12.550193, 55.996455], [12.54979, 55.99573], [12.54927, 55.994783], [12.548519, 55.992547], [12.545201, 55.982249], [12.543306, 55.976441], [12.542743, 55.975189], [12.541757, 55.973707], [12.533589, 55.964321], [12.533126, 55.963813], [12.532111, 55.962709], [12.513114, 55.941125], [12.511498, 55.939202], [12.506406, 55.933377], [12.504879, 55.93173], [12.503332, 55.93003], [12.502371, 55.928789], [12.501359, 55.927155], [12.500726, 55.925644], [12.500273, 55.923643], [12.500223, 55.921846], [12.500754, 55.916194], [12.501878, 55.905228], [12.502429, 55.903531], [12.502654, 55.902832], [12.503533, 55.901396], [12.505001, 55.899753], [12.507031, 55.898131], [12.529708, 55.883699], [12.53156, 55.882252], [12.531933, 55.881962], [12.533773, 55.88003], [12.544186, 55.866702], [12.54553, 55.865305], [12.547361, 55.863994], [12.54926, 55.863076], [12.553212, 55.861532], [12.555275, 55.860663], [12.557848, 55.859249], [12.559681, 55.857793], [12.56117, 55.856078], [12.56204, 55.854398], [12.562379, 55.852868], [12.562552, 55.852135], [12.562623, 55.843663], [12.562761, 55.842382], [12.563221, 55.841119], [12.564908, 55.838256], [12.570379, 55.829087], [12.571366, 55.826442], [12.571611, 55.82354], [12.571867, 55.821977], [12.572249, 55.820221], [12.572991, 55.817862], [12.573836, 55.815409], [12.57478, 55.81317], [12.575843, 55.811188], [12.577547, 55.808522], [12.579062, 55.806247], [12.58041, 55.804761], [12.58188, 55.803558], [12.583269, 55.802339], [12.584315, 55.80105], [12.588369, 55.794449], [12.590398, 55.791008], [12.590899, 55.789339], [12.590763, 55.787518], [12.590132, 55.786035], [12.589112, 55.784662], [12.588084, 55.783379], [12.587298, 55.781774], [12.587275, 55.779608], [12.588068, 55.777481], [12.588666, 55.776007], [12.589222, 55.774768], [12.589596, 55.773453], [12.588944, 55.771737], [12.587045, 55.769823], [12.58589, 55.768364], [12.585208, 55.767017], [12.584408, 55.764559], [12.583876, 55.76328], [12.582927, 55.761806], [12.581757, 55.760527], [12.580106, 55.758867], [12.573972, 55.753174], [12.57245, 55.751878], [12.57126, 55.750726], [12.567289, 55.747389], [12.56567, 55.745548], [12.56482, 55.744098], [12.564302, 55.74209], [12.564248, 55.741147], [12.564643, 55.739193], [12.565434, 55.737552], [12.56625, 55.733922], [12.56708, 55.730967], [12.567583, 55.729145], [12.568321, 55.726939], [12.569237, 55.724754], [12.570873, 55.72173], [12.572105, 55.719527], [12.57247, 55.718986], [12.572917, 55.718469], [12.573461, 55.717977], [12.573879, 55.717668], [12.574557, 55.717244], [12.575317, 55.716853], [12.575577, 55.716728], [12.57822, 55.715851], [12.582177, 55.714351], [12.585566, 55.71275], [12.586154, 55.712391], [12.586692, 55.712007], [12.587197, 55.711606], [12.587653, 55.711197], [12.588263, 55.710549], [12.588619, 55.710098], [12.588928, 55.70964], [12.589962, 55.70755], [12.590943, 55.70522], [12.591365, 55.703229], [12.592059, 55.697958], [12.592138, 55.697605], [12.592153, 55.697074], [12.592057, 55.696546], [12.59185, 55.69603], [12.59166, 55.695694], [12.591423, 55.695369], [12.590967, 55.694905], [12.590621, 55.69461], [12.587571, 55.692766], [12.587131, 55.692482], [12.583845, 55.690501], [12.581921, 55.689478], [12.580036, 55.688535], [12.57656, 55.686559], [12.574645, 55.685275], [12.572231, 55.683772], [12.571245, 55.683073], [12.570342, 55.682425], [12.566925, 55.679862], [12.563926, 55.678205], [12.563616, 55.677945], [12.563321, 55.677674], [12.563088, 55.677393], [12.562887, 55.677102], [12.562686, 55.67665], [12.562595, 55.676347], [12.562567, 55.676033], [12.562566, 55.675673], [12.562582, 55.675502], [12.562662, 55.675158], [12.562775, 55.674822], [12.562952, 55.674493], [12.563177, 55.674172], [12.56358, 55.673701], [12.564082, 55.673273], [12.564471, 55.673001], [12.564894, 55.672755]]}, "properties": {"shape_id": "2354", "route_id": "11748_2", "route_short_name": "RE", "agency_id": "203"}}, {"type": "Feature", "geometry": {"type": "LineString", "coordinates": [[11.767327, 55.231328], [11.766942, 55.231678], [11.764546, 55.234106], [11.76334, 55.235536], [11.762349, 55.237131], [11.761683, 55.238639], [11.761235, 55.240339], [11.760796, 55.241724], [11.759312, 55.246882], [11.758619, 55.248678], [11.757344, 55.250729], [11.75423, 55.255528], [11.753469, 55.257271], [11.753099, 55.258979], [11.752756, 55.261072], [11.752175, 55.26291], [11.750552, 55.265841], [11.745524, 55.274432], [11.744413, 55.276363], [11.743545, 55.278378], [11.74305, 55.280798], [11.743006, 55.282444], [11.744516, 55.313209], [11.744575, 55.315194], [11.744344, 55.316871], [11.743797, 55.318538], [11.743209, 55.319836], [11.742542, 55.321137], [11.741471, 55.322752], [11.73959, 55.324961], [11.737678, 55.326739], [11.736152, 55.327932], [11.73448, 55.329067], [11.732343, 55.330319], [11.730531, 55.33125], [11.728575, 55.332165], [11.708465, 55.341351], [11.70553, 55.34271], [11.703193, 55.344065], [11.701473, 55.345443], [11.700431, 55.346599], [11.699513, 55.347931], [11.698341, 55.349719], [11.695731, 55.353337], [11.69559, 55.353583], [11.694858, 55.354884], [11.694137, 55.357049], [11.694064, 55.35945], [11.694615, 55.36129], [11.695623, 55.362886], [11.697249, 55.364522], [11.699544, 55.366233], [11.719966, 55.380712], [11.725043, 55.384284], [11.727355, 55.385743], [11.729987, 55.387275], [11.732345, 55.388724], [11.734277, 55.390173], [11.736059, 55.391742], [11.737251, 55.392983], [11.738411, 55.394458], [11.739512, 55.396213], [11.740676, 55.398426], [11.74443, 55.404967], [11.745344, 55.406519], [11.746473, 55.40822], [11.74882, 55.41152], [11.754276, 55.418409], [11.755385, 55.420029], [11.760967, 55.430026], [11.762295, 55.431839], [11.763797, 55.433198], [11.765489, 55.434337], [11.767178, 55.435198], [11.769745, 55.436183], [11.771037, 55.436567], [11.772372, 55.436887], [11.77375, 55.437153], [11.77514, 55.437364], [11.776096, 55.437468], [11.779543, 55.437686], [11.782992, 55.43794], [11.786405, 55.438132], [11.789228, 55.438248], [11.791778, 55.438307], [11.795207, 55.438498], [11.798266, 55.438608], [11.819051, 55.439596], [11.82172, 55.439777], [11.824957, 55.440152], [11.829783, 55.440849], [11.89307, 55.450165], [11.896449, 55.450732], [11.899611, 55.451349], [11.902717, 55.452076], [11.905638, 55.45287], [11.908553, 55.45378], [11.911102, 55.454672], [11.914281, 55.455945], [11.916981, 55.457166], [11.91869, 55.458025], [11.920929, 55.459212], [11.956749, 55.478228], [11.958695, 55.479269], [11.961336, 55.480715], [11.96375, 55.482302], [11.965922, 55.48402], [11.967864, 55.485843], [11.969285, 55.487481], [11.970321, 55.489254], [11.971017, 55.490927], [11.97158, 55.49272], [11.972042, 55.494651], [11.972523, 55.496617], [11.973261, 55.500743], [11.975191, 55.512258], [11.975878, 55.514632], [11.976895, 55.516774], [11.978219, 55.518783], [11.97968, 55.520491], [11.981117, 55.521894], [11.982892, 55.523362], [11.984883, 55.524751], [11.998772, 55.533582], [12.00099, 55.53502], [12.006153, 55.538273], [12.017918, 55.545742], [12.024279, 55.549703], [12.025129, 55.55023], [12.028189, 55.552492], [12.030284, 55.554373], [12.031863, 55.556123], [12.033121, 55.557845], [12.034196, 55.55985], [12.034889, 55.56164], [12.035279, 55.563401], [12.035466, 55.565204], [12.035477, 55.571515], [12.035515, 55.575919], [12.035647, 55.577417], [12.036098, 55.579554], [12.036705, 55.581463], [12.045242, 55.604581], [12.046441, 55.608165], [12.047035, 55.609472], [12.04757, 55.610843], [12.048475, 55.612681], [12.049895, 55.614813], [12.050981, 55.616107], [12.052086, 55.617239], [12.05345, 55.618446], [12.055426, 55.619952], [12.058286, 55.621993], [12.060685, 55.623426], [12.066463, 55.627219], [12.069608, 55.629235], [12.071609, 55.630632], [12.076332, 55.633724], [12.077599, 55.634474], [12.078942, 55.635186], [12.080361, 55.635843], [12.081332, 55.636268], [12.081839, 55.636462], [12.086511, 55.638062], [12.088784, 55.638867], [12.090109, 55.639347], [12.092565, 55.640256], [12.09522, 55.641267], [12.097118, 55.641957], [12.099522, 55.642813], [12.104213, 55.644438], [12.107629, 55.645422], [12.110786, 55.646133], [12.11409, 55.646705], [12.116789, 55.64705], [12.11978, 55.647289], [12.132279, 55.647914], [12.178026, 55.650162], [12.180769, 55.650262], [12.184424, 55.650239], [12.1877, 55.650055], [12.190414, 55.649795], [12.193747, 55.649331], [12.197182, 55.648765], [12.198798, 55.648498], [12.202055, 55.647883], [12.205881, 55.647225], [12.214316, 55.645782], [12.217657, 55.645235], [12.219875, 55.644943], [12.22262, 55.644691], [12.226056, 55.644529], [12.229108, 55.644521], [12.231772, 55.64463], [12.234252, 55.644817], [12.236913, 55.645088], [12.246622, 55.64618], [12.249672, 55.64654], [12.253139, 55.646933], [12.269331, 55.648741], [12.289007, 55.650921], [12.293057, 55.651433], [12.297069, 55.651873], [12.302941, 55.652488], [12.306946, 55.652839], [12.310185, 55.653165], [12.318404, 55.654076], [12.348456, 55.657395], [12.353164, 55.657958], [12.356998, 55.658339], [12.382722, 55.661183], [12.394431, 55.662505], [12.397902, 55.662913], [12.401645, 55.663339], [12.407614, 55.663929], [12.413572, 55.664581], [12.417258, 55.664901], [12.420455, 55.665082], [12.423801, 55.665141], [12.428235, 55.665098], [12.438323, 55.664951], [12.440677, 55.664947], [12.444821, 55.664858], [12.45437, 55.664724], [12.459058, 55.664673], [12.470809, 55.664449], [12.478799, 55.664321], [12.485647, 55.664226], [12.488518, 55.664144], [12.491492, 55.664131], [12.500991, 55.663986], [12.503462, 55.664042], [12.505741, 55.663913], [12.508128, 55.663917], [12.51132, 55.663862], [12.514372, 55.663837], [12.5191, 55.663702], [12.523119, 55.66364], [12.531457, 55.66349], [12.535312, 55.663379], [12.538161, 55.663225], [12.539469, 55.663088], [12.542094, 55.662734], [12.543011, 55.662671], [12.54363, 55.662662], [12.544668, 55.662704], [12.545711, 55.6628], [12.546711, 55.662951], [12.5477, 55.663165], [12.557815, 55.664365], [12.558218, 55.664425], [12.558608, 55.664512], [12.558984, 55.664627], [12.559329, 55.664752], [12.559909, 55.665005], [12.562396, 55.666291], [12.564634, 55.667457], [12.565021, 55.667689], [12.565379, 55.667948], [12.56569, 55.668218], [12.565939, 55.668507], [12.566157, 55.668807], [12.566328, 55.669108], [12.566499, 55.669588], [12.566543, 55.670072], [12.566491, 55.670551], [12.566311, 55.671023], [12.56592, 55.671619], [12.565448, 55.672199], [12.564894, 55.672755], [12.564471, 55.673001], [12.564082, 55.673273], [12.56358, 55.673701], [12.563177, 55.674172], [12.562952, 55.674493], [12.562775, 55.674822], [12.562662, 55.675158], [12.562582, 55.675502], [12.562566, 55.675673], [12.562567, 55.676033], [12.562595, 55.676347], [12.562686, 55.67665], [12.562887, 55.677102], [12.563088, 55.677393], [12.563321, 55.677674], [12.563616, 55.677945], [12.563926, 55.678205], [12.566925, 55.679862], [12.570342, 55.682425], [12.571245, 55.683073], [12.572231, 55.683772], [12.574645, 55.685275], [12.57656, 55.686559], [12.580036, 55.688535], [12.581921, 55.689478], [12.583845, 55.690501], [12.587131, 55.692482], [12.587571, 55.692766], [12.590621, 55.69461], [12.590967, 55.694905], [12.591423, 55.695369], [12.59166, 55.695694], [12.59185, 55.69603], [12.592057, 55.696546], [12.592153, 55.697074], [12.592138, 55.697605], [12.592059, 55.697958], [12.591365, 55.703229], [12.590943, 55.70522], [12.589962, 55.70755], [12.588928, 55.70964], [12.588619, 55.710098], [12.588263, 55.710549], [12.587653, 55.711197], [12.587197, 55.711606], [12.586692, 55.712007], [12.586154, 55.712391], [12.585566, 55.71275], [12.582177, 55.714351], [12.57822, 55.715851], [12.575577, 55.716728], [12.575317, 55.716853], [12.574557, 55.717244], [12.573879, 55.717668], [12.573461, 55.717977], [12.572917, 55.718469], [12.57247, 55.718986], [12.572105, 55.719527], [12.570873, 55.72173], [12.569237, 55.724754], [12.568321, 55.726939], [12.567583, 55.729145], [12.56708, 55.730967], [12.56625, 55.733922], [12.565434, 55.737552], [12.564643, 55.739193], [12.564248, 55.741147], [12.564302, 55.74209], [12.56482, 55.744098], [12.56567, 55.745548], [12.567289, 55.747389], [12.57126, 55.750726], [12.57245, 55.751878], [12.573972, 55.753174], [12.580106, 55.758867], [12.581757, 55.760527], [12.582927, 55.761806], [12.583876, 55.76328], [12.584408, 55.764559], [12.585208, 55.767017], [12.58589, 55.768364], [12.587045, 55.769823], [12.588944, 55.771737], [12.589596, 55.773453], [12.589222, 55.774768], [12.588666, 55.776007], [12.588068, 55.777481], [12.587275, 55.779608], [12.587298, 55.781774], [12.588084, 55.783379], [12.589112, 55.784662], [12.590132, 55.786035], [12.590763, 55.787518], [12.590899, 55.789339], [12.590398, 55.791008], [12.588369, 55.794449], [12.584315, 55.80105], [12.583269, 55.802339], [12.58188, 55.803558], [12.58041, 55.804761], [12.579062, 55.806247], [12.577547, 55.808522], [12.575843, 55.811188], [12.57478, 55.81317], [12.573836, 55.815409], [12.572991, 55.817862], [12.572249, 55.820221], [12.571867, 55.821977], [12.571611, 55.82354], [12.571366, 55.826442], [12.570379, 55.829087], [12.564908, 55.838256], [12.563221, 55.841119], [12.562761, 55.842382], [12.562623, 55.843663], [12.562552, 55.852135], [12.562379, 55.852868], [12.56204, 55.854398], [12.56117, 55.856078], [12.559681, 55.857793], [12.557848, 55.859249], [12.555275, 55.860663], [12.553212, 55.861532], [12.54926, 55.863076], [12.547361, 55.863994], [12.54553, 55.865305], [12.544186, 55.866702], [12.533773, 55.88003], [12.531933, 55.881962], [12.53156, 55.882252], [12.529708, 55.883699], [12.507031, 55.898131], [12.505001, 55.899753], [12.503533, 55.901396], [12.502654, 55.902832], [12.502429, 55.903531], [12.501878, 55.905228], [12.500754, 55.916194], [12.500223, 55.921846], [12.500273, 55.923643], [12.500726, 55.925644], [12.501359, 55.927155], [12.502371, 55.928789], [12.503332, 55.93003], [12.504879, 55.93173], [12.506406, 55.933377], [12.511498, 55.939202], [12.513114, 55.941125], [12.532111, 55.962709], [12.533126, 55.963813], [12.533589, 55.964321], [12.541757, 55.973707], [12.542743, 55.975189], [12.543306, 55.976441], [12.545201, 55.982249], [12.548519, 55.992547], [12.54927, 55.994783], [12.54979, 55.99573], [12.550193, 55.996455], [12.551275, 55.997755], [12.553099, 55.999276], [12.555595, 56.000759], [12.561433, 56.003351], [12.565714, 56.005223], [12.569288, 56.006738], [12.574222, 56.008205], [12.578878, 56.008573], [12.581543, 56.008927], [12.583812, 56.009338], [12.584595, 56.009477], [12.589309, 56.010463], [12.592279, 56.01133], [12.594296, 56.012314], [12.596063, 56.01371], [12.599617, 56.017913], [12.600908, 56.019539], [12.60174, 56.021232], [12.602036, 56.022509], [12.602646, 56.024578], [12.603972, 56.026571], [12.605953, 56.028356], [12.608296, 56.03023], [12.610852, 56.031638], [12.614122, 56.033629]]}, "properties": {"shape_id": "2356", "route_id": "11748_2", "route_short_name": "RE", "agency_id": "203"}}, {"type": "Feature", "geometry": {"type": "LineString", "coordinates": [[12.614122, 56.033629], [12.610852, 56.031638], [12.608296, 56.03023], [12.605953, 56.028356], [12.603972, 56.026571], [12.602646, 56.024578], [12.602036, 56.022509], [12.60174, 56.021232], [12.600908, 56.019539], [12.599617, 56.017913], [12.596063, 56.01371], [12.594296, 56.012314], [12.592279, 56.01133], [12.589309, 56.010463], [12.584595, 56.009477], [12.583812, 56.009338], [12.581543, 56.008927], [12.578878, 56.008573], [12.574222, 56.008205], [12.569288, 56.006738], [12.565714, 56.005223], [12.561433, 56.003351], [12.555595, 56.000759], [12.553099, 55.999276], [12.551275, 55.997755], [12.550193, 55.996455], [12.54979, 55.99573], [12.54927, 55.994783], [12.548519, 55.992547], [12.545201, 55.982249], [12.543306, 55.976441], [12.542743, 55.975189], [12.541757, 55.973707], [12.533589, 55.964321], [12.533126, 55.963813], [12.532111, 55.962709], [12.513114, 55.941125], [12.511498, 55.939202], [12.506406, 55.933377], [12.504879, 55.93173], [12.503332, 55.93003], [12.502371, 55.928789], [12.501359, 55.927155], [12.500726, 55.925644], [12.500273, 55.923643], [12.500223, 55.921846], [12.500754, 55.916194], [12.501878, 55.905228], [12.502429, 55.903531], [12.502654, 55.902832], [12.503533, 55.901396], [12.505001, 55.899753], [12.507031, 55.898131], [12.529708, 55.883699], [12.53156, 55.882252], [12.531933, 55.881962], [12.533773, 55.88003], [12.544186, 55.866702], [12.54553, 55.865305], [12.547361, 55.863994], [12.54926, 55.863076], [12.553212, 55.861532], [12.555275, 55.860663], [12.557848, 55.859249], [12.559681, 55.857793], [12.56117, 55.856078], [12.56204, 55.854398], [12.562379, 55.852868], [12.562552, 55.852135], [12.562623, 55.843663], [12.562761, 55.842382], [12.563221, 55.841119], [12.564908, 55.838256], [12.570379, 55.829087], [12.571366, 55.826442], [12.571611, 55.82354], [12.571867, 55.821977], [12.572249, 55.820221], [12.572991, 55.817862], [12.573836, 55.815409], [12.57478, 55.81317], [12.575843, 55.811188], [12.577547, 55.808522], [12.579062, 55.806247], [12.58041, 55.804761], [12.58188, 55.803558], [12.583269, 55.802339], [12.584315, 55.80105], [12.588369, 55.794449], [12.590398, 55.791008], [12.590899, 55.789339], [12.590763, 55.787518], [12.590132, 55.786035], [12.589112, 55.784662], [12.588084, 55.783379], [12.587298, 55.781774], [12.587275, 55.779608], [12.588068, 55.777481], [12.588666, 55.776007], [12.589222, 55.774768], [12.589596, 55.773453], [12.588944, 55.771737], [12.587045, 55.769823], [12.58589, 55.768364], [12.585208, 55.767017], [12.584408, 55.764559], [12.583876, 55.76328], [12.582927, 55.761806], [12.581757, 55.760527], [12.580106, 55.758867], [12.573972, 55.753174], [12.57245, 55.751878], [12.57126, 55.750726], [12.567289, 55.747389], [12.56567, 55.745548], [12.56482, 55.744098], [12.564302, 55.74209], [12.564248, 55.741147], [12.564643, 55.739193], [12.565434, 55.737552], [12.56625, 55.733922], [12.56708, 55.730967], [12.567583, 55.729145], [12.568321, 55.726939], [12.569237, 55.724754], [12.570873, 55.72173], [12.572105, 55.719527], [12.57247, 55.718986], [12.572917, 55.718469], [12.573461, 55.717977], [12.573879, 55.717668], [12.574557, 55.717244], [12.575317, 55.716853], [12.575577, 55.716728], [12.57822, 55.715851], [12.582177, 55.714351], [12.585566, 55.71275], [12.586154, 55.712391], [12.586692, 55.712007], [12.587197, 55.711606], [12.587653, 55.711197], [12.588263, 55.710549], [12.588619, 55.710098], [12.588928, 55.70964], [12.589962, 55.70755], [12.590943, 55.70522], [12.591365, 55.703229], [12.592059, 55.697958], [12.592138, 55.697605], [12.592153, 55.697074], [12.592057, 55.696546], [12.59185, 55.69603], [12.59166, 55.695694], [12.591423, 55.695369], [12.590967, 55.694905], [12.590621, 55.69461], [12.587571, 55.692766], [12.587131, 55.692482], [12.583845, 55.690501], [12.581921, 55.689478], [12.580036, 55.688535], [12.57656, 55.686559], [12.574645, 55.685275], [12.572231, 55.683772], [12.571245, 55.683073], [12.570342, 55.682425], [12.566925, 55.679862], [12.563926, 55.678205], [12.563616, 55.677945], [12.563321, 55.677674], [12.563088, 55.677393], [12.562887, 55.677102], [12.562686, 55.67665], [12.562595, 55.676347], [12.562567, 55.676033], [12.562566, 55.675673], [12.562582, 55.675502], [12.562662, 55.675158], [12.562775, 55.674822], [12.562952, 55.674493], [12.563177, 55.674172], [12.56358, 55.673701], [12.564082, 55.673273], [12.564471, 55.673001], [12.564894, 55.672755], [12.565448, 55.672199], [12.56592, 55.671619], [12.566311, 55.671023], [12.566491, 55.670551], [12.566543, 55.670072], [12.566499, 55.669588], [12.566328, 55.669108], [12.566157, 55.668807], [12.565939, 55.668507], [12.56569, 55.668218], [12.565379, 55.667948], [12.565021, 55.667689], [12.564634, 55.667457], [12.562396, 55.666291], [12.559909, 55.665005], [12.559329, 55.664752], [12.558984, 55.664627], [12.558608, 55.664512], [12.558218, 55.664425], [12.557815, 55.664365], [12.5477, 55.663165], [12.546711, 55.662951], [12.545711, 55.6628], [12.544668, 55.662704], [12.54363, 55.662662], [12.543011, 55.662671], [12.542094, 55.662734], [12.539469, 55.663088], [12.538161, 55.663225], [12.535312, 55.663379], [12.531457, 55.66349], [12.523119, 55.66364], [12.5191, 55.663702], [12.514372, 55.663837], [12.51132, 55.663862], [12.508128, 55.663917], [12.505741, 55.663913], [12.503462, 55.664042], [12.500991, 55.663986], [12.491492, 55.664131], [12.488518, 55.664144], [12.485647, 55.664226], [12.478799, 55.664321], [12.470809, 55.664449], [12.459058, 55.664673], [12.45437, 55.664724], [12.444821, 55.664858], [12.440677, 55.664947], [12.438323, 55.664951], [12.428235, 55.665098], [12.423801, 55.665141], [12.420455, 55.665082], [12.417258, 55.664901], [12.413572, 55.664581], [12.407614, 55.663929], [12.401645, 55.663339], [12.397902, 55.662913], [12.394431, 55.662505], [12.382722, 55.661183], [12.356998, 55.658339], [12.353164, 55.657958], [12.348456, 55.657395], [12.318404, 55.654076], [12.310185, 55.653165], [12.306946, 55.652839], [12.302941, 55.652488], [12.297069, 55.651873], [12.293057, 55.651433], [12.289007, 55.650921], [12.269331, 55.648741], [12.253139, 55.646933], [12.249672, 55.64654], [12.246622, 55.64618], [12.236913, 55.645088], [12.234252, 55.644817], [12.231772, 55.64463], [12.229108, 55.644521], [12.226056, 55.644529], [12.22262, 55.644691], [12.219875, 55.644943], [12.217657, 55.645235], [12.214316, 55.645782], [12.205881, 55.647225], [12.202055, 55.647883], [12.198798, 55.648498], [12.197182, 55.648765], [12.193747, 55.649331], [12.190414, 55.649795], [12.1877, 55.650055], [12.184424, 55.650239], [12.180769, 55.650262], [12.178026, 55.650162], [12.132279, 55.647914], [12.11978, 55.647289], [12.116789, 55.64705], [12.11409, 55.646705], [12.110786, 55.646133], [12.107629, 55.645422], [12.104213, 55.644438], [12.099522, 55.642813], [12.097118, 55.641957], [12.09522, 55.641267], [12.092565, 55.640256], [12.090109, 55.639347], [12.088784, 55.638867], [12.086511, 55.638062], [12.081839, 55.636462], [12.081332, 55.636268], [12.080361, 55.635843], [12.078942, 55.635186], [12.077599, 55.634474], [12.076332, 55.633724], [12.071609, 55.630632], [12.069608, 55.629235], [12.066463, 55.627219], [12.060685, 55.623426], [12.058286, 55.621993], [12.055426, 55.619952], [12.05345, 55.618446], [12.052086, 55.617239], [12.050981, 55.616107], [12.049895, 55.614813], [12.048475, 55.612681], [12.04757, 55.610843], [12.047035, 55.609472], [12.046441, 55.608165], [12.045242, 55.604581], [12.036705, 55.581463], [12.036098, 55.579554], [12.035647, 55.577417], [12.035515, 55.575919], [12.035477, 55.571515], [12.035466, 55.565204], [12.035279, 55.563401], [12.034889, 55.56164], [12.034196, 55.55985], [12.033121, 55.557845], [12.031863, 55.556123], [12.030284, 55.554373], [12.028189, 55.552492], [12.025129, 55.55023], [12.024279, 55.549703], [12.017918, 55.545742], [12.006153, 55.538273], [12.00099, 55.53502], [11.998772, 55.533582], [11.984883, 55.524751], [11.982892, 55.523362], [11.981117, 55.521894], [11.97968, 55.520491], [11.978219, 55.518783], [11.976895, 55.516774], [11.975878, 55.514632], [11.975191, 55.512258], [11.973261, 55.500743], [11.972523, 55.496617], [11.972042, 55.494651], [11.97158, 55.49272], [11.971017, 55.490927], [11.970321, 55.489254], [11.969285, 55.487481], [11.967864, 55.485843], [11.965922, 55.48402], [11.96375, 55.482302], [11.961336, 55.480715], [11.958695, 55.479269], [11.956749, 55.478228], [11.920929, 55.459212], [11.91869, 55.458025], [11.916981, 55.457166], [11.914281, 55.455945], [11.911102, 55.454672], [11.908553, 55.45378], [11.905638, 55.45287], [11.902717, 55.452076], [11.899611, 55.451349], [11.896449, 55.450732], [11.89307, 55.450165], [11.829783, 55.440849], [11.824957, 55.440152], [11.82172, 55.439777], [11.819051, 55.439596], [11.798266, 55.438608], [11.795207, 55.438498], [11.791778, 55.438307], [11.789228, 55.438248], [11.786405, 55.438132], [11.782992, 55.43794], [11.779543, 55.437686], [11.776096, 55.437468], [11.77514, 55.437364], [11.77375, 55.437153], [11.772372, 55.436887], [11.771037, 55.436567], [11.769745, 55.436183], [11.767178, 55.435198], [11.765489, 55.434337], [11.763797, 55.433198], [11.762295, 55.431839], [11.760967, 55.430026], [11.755385, 55.420029], [11.754276, 55.418409], [11.74882, 55.41152], [11.746473, 55.40822], [11.745344, 55.406519], [11.74443, 55.404967], [11.740676, 55.398426], [11.739512, 55.396213], [11.738411, 55.394458], [11.737251, 55.392983], [11.736059, 55.391742], [11.734277, 55.390173], [11.732345, 55.388724], [11.729987, 55.387275], [11.727355, 55.385743], [11.725043, 55.384284], [11.719966, 55.380712], [11.699544, 55.366233], [11.697249, 55.364522], [11.695623, 55.362886], [11.694615, 55.36129], [11.694064, 55.35945], [11.694137, 55.357049], [11.694858, 55.354884], [11.69559, 55.353583], [11.695731, 55.353337], [11.698341, 55.349719], [11.699513, 55.347931], [11.700431, 55.346599], [11.701473, 55.345443], [11.703193, 55.344065], [11.70553, 55.34271], [11.708465, 55.341351], [11.728575, 55.332165], [11.730531, 55.33125], [11.732343, 55.330319], [11.73448, 55.329067], [11.736152, 55.327932], [11.737678, 55.326739], [11.73959, 55.324961], [11.741471, 55.322752], [11.742542, 55.321137], [11.743209, 55.319836], [11.743797, 55.318538], [11.744344, 55.316871], [11.744575, 55.315194], [11.744516, 55.313209], [11.743006, 55.282444], [11.74305, 55.280798], [11.743545, 55.278378], [11.744413, 55.276363], [11.745524, 55.274432], [11.750552, 55.265841], [11.752175, 55.26291], [11.752756, 55.261072], [11.753099, 55.258979], [11.753469, 55.257271], [11.75423, 55.255528], [11.757344, 55.250729], [11.758619, 55.248678], [11.759312, 55.246882], [11.760796, 55.241724], [11.761235, 55.240339], [11.761683, 55.238639], [11.762349, 55.237131], [11.76334, 55.235536], [11.764546, 55.234106], [11.766942, 55.231678], [11.767327, 55.231328]]}, "properties": {"shape_id": "2358", "route_id": "11748_2", "route_short_name": "RE", "agency_id": "203"}}, {"type": "Feature", "geometry": {"type": "LineString", "coordinates": [[12.564894, 55.672755], [12.565448, 55.672199], [12.56592, 55.671619], [12.566311, 55.671023], [12.566491, 55.670551], [12.566543, 55.670072], [12.566499, 55.669588], [12.566328, 55.669108], [12.566157, 55.668807], [12.565939, 55.668507], [12.56569, 55.668218], [12.565379, 55.667948], [12.565021, 55.667689], [12.564634, 55.667457], [12.562396, 55.666291], [12.559909, 55.665005], [12.559329, 55.664752], [12.558984, 55.664627], [12.558608, 55.664512], [12.558218, 55.664425], [12.557815, 55.664365], [12.5477, 55.663165], [12.546711, 55.662951], [12.545711, 55.6628], [12.544668, 55.662704], [12.54363, 55.662662], [12.543011, 55.662671], [12.542094, 55.662734], [12.539469, 55.663088], [12.538161, 55.663225], [12.535312, 55.663379], [12.531457, 55.66349], [12.523119, 55.66364], [12.5191, 55.663702], [12.514372, 55.663837], [12.51132, 55.663862], [12.508128, 55.663917], [12.505741, 55.663913], [12.503462, 55.664042], [12.500991, 55.663986], [12.491492, 55.664131], [12.488518, 55.664144], [12.485647, 55.664226], [12.478799, 55.664321], [12.470809, 55.664449], [12.459058, 55.664673], [12.45437, 55.664724], [12.444821, 55.664858], [12.440677, 55.664947], [12.438323, 55.664951], [12.428235, 55.665098], [12.423801, 55.665141], [12.420455, 55.665082], [12.417258, 55.664901], [12.413572, 55.664581], [12.407614, 55.663929], [12.401645, 55.663339], [12.397902, 55.662913], [12.394431, 55.662505], [12.382722, 55.661183], [12.356998, 55.658339], [12.353164, 55.657958], [12.348456, 55.657395], [12.318404, 55.654076], [12.310185, 55.653165], [12.306946, 55.652839], [12.302941, 55.652488], [12.297069, 55.651873], [12.293057, 55.651433], [12.289007, 55.650921], [12.269331, 55.648741], [12.253139, 55.646933], [12.249672, 55.64654], [12.246622, 55.64618], [12.236913, 55.645088], [12.234252, 55.644817], [12.231772, 55.64463], [12.229108, 55.644521], [12.226056, 55.644529], [12.22262, 55.644691], [12.219875, 55.644943], [12.217657, 55.645235], [12.214316, 55.645782], [12.205881, 55.647225], [12.202055, 55.647883], [12.198798, 55.648498], [12.197182, 55.648765], [12.193747, 55.649331], [12.190414, 55.649795], [12.1877, 55.650055], [12.184424, 55.650239], [12.180769, 55.650262], [12.178026, 55.650162], [12.132279, 55.647914], [12.11978, 55.647289], [12.116789, 55.64705], [12.11409, 55.646705], [12.110786, 55.646133], [12.107629, 55.645422], [12.104213, 55.644438], [12.099522, 55.642813], [12.097118, 55.641957], [12.09522, 55.641267], [12.092565, 55.640256], [12.090109, 55.639347], [12.088784, 55.638867], [12.086511, 55.638062], [12.081839, 55.636462], [12.081332, 55.636268], [12.080361, 55.635843], [12.078942, 55.635186], [12.077599, 55.634474], [12.076332, 55.633724], [12.071609, 55.630632], [12.069608, 55.629235], [12.066463, 55.627219], [12.060685, 55.623426], [12.058286, 55.621993], [12.055426, 55.619952], [12.05345, 55.618446], [12.052086, 55.617239], [12.050981, 55.616107], [12.049895, 55.614813], [12.048475, 55.612681], [12.04757, 55.610843], [12.047035, 55.609472], [12.046441, 55.608165], [12.045242, 55.604581], [12.036705, 55.581463], [12.036098, 55.579554], [12.035647, 55.577417], [12.035515, 55.575919], [12.035477, 55.571515], [12.035466, 55.565204], [12.035279, 55.563401], [12.034889, 55.56164], [12.034196, 55.55985], [12.033121, 55.557845], [12.031863, 55.556123], [12.030284, 55.554373], [12.028189, 55.552492], [12.025129, 55.55023], [12.024279, 55.549703], [12.017918, 55.545742], [12.006153, 55.538273], [12.00099, 55.53502], [11.998772, 55.533582], [11.984883, 55.524751], [11.982892, 55.523362], [11.981117, 55.521894], [11.97968, 55.520491], [11.978219, 55.518783], [11.976895, 55.516774], [11.975878, 55.514632], [11.975191, 55.512258], [11.973261, 55.500743], [11.972523, 55.496617], [11.972042, 55.494651], [11.97158, 55.49272], [11.971017, 55.490927], [11.970321, 55.489254], [11.969285, 55.487481], [11.967864, 55.485843], [11.965922, 55.48402], [11.96375, 55.482302], [11.961336, 55.480715], [11.958695, 55.479269], [11.956749, 55.478228], [11.920929, 55.459212], [11.91869, 55.458025], [11.916981, 55.457166], [11.914281, 55.455945], [11.911102, 55.454672], [11.908553, 55.45378], [11.905638, 55.45287], [11.902717, 55.452076], [11.899611, 55.451349], [11.896449, 55.450732], [11.89307, 55.450165], [11.829783, 55.440849], [11.824957, 55.440152], [11.82172, 55.439777], [11.819051, 55.439596], [11.798266, 55.438608], [11.795207, 55.438498], [11.791778, 55.438307], [11.789228, 55.438248], [11.786405, 55.438132], [11.782992, 55.43794], [11.779543, 55.437686], [11.776096, 55.437468], [11.77514, 55.437364], [11.77375, 55.437153], [11.772372, 55.436887], [11.771037, 55.436567], [11.769745, 55.436183], [11.767178, 55.435198], [11.765489, 55.434337], [11.763797, 55.433198], [11.762295, 55.431839], [11.760967, 55.430026], [11.755385, 55.420029], [11.754276, 55.418409], [11.74882, 55.41152], [11.746473, 55.40822], [11.745344, 55.406519], [11.74443, 55.404967], [11.740676, 55.398426], [11.739512, 55.396213], [11.738411, 55.394458], [11.737251, 55.392983], [11.736059, 55.391742], [11.734277, 55.390173], [11.732345, 55.388724], [11.729987, 55.387275], [11.727355, 55.385743], [11.725043, 55.384284], [11.719966, 55.380712], [11.699544, 55.366233], [11.697249, 55.364522], [11.695623, 55.362886], [11.694615, 55.36129], [11.694064, 55.35945], [11.694137, 55.357049], [11.694858, 55.354884], [11.69559, 55.353583], [11.695731, 55.353337], [11.698341, 55.349719], [11.699513, 55.347931], [11.700431, 55.346599], [11.701473, 55.345443], [11.703193, 55.344065], [11.70553, 55.34271], [11.708465, 55.341351], [11.728575, 55.332165], [11.730531, 55.33125], [11.732343, 55.330319], [11.73448, 55.329067], [11.736152, 55.327932], [11.737678, 55.326739], [11.73959, 55.324961], [11.741471, 55.322752], [11.742542, 55.321137], [11.743209, 55.319836], [11.743797, 55.318538], [11.744344, 55.316871], [11.744575, 55.315194], [11.744516, 55.313209], [11.743006, 55.282444], [11.74305, 55.280798], [11.743545, 55.278378], [11.744413, 55.276363], [11.745524, 55.274432], [11.750552, 55.265841], [11.752175, 55.26291], [11.752756, 55.261072], [11.753099, 55.258979], [11.753469, 55.257271], [11.75423, 55.255528], [11.757344, 55.250729], [11.758619, 55.248678], [11.759312, 55.246882], [11.760796, 55.241724], [11.761235, 55.240339], [11.761683, 55.238639], [11.762349, 55.237131], [11.76334, 55.235536], [11.764546, 55.234106], [11.766942, 55.231678], [11.767327, 55.231328]]}, "properties": {"shape_id": "2360", "route_id": "11748_2", "route_short_name": "RE", "agency_id": "203"}}, {"type": "Feature", "geometry": {"type": "LineString", "coordinates": [[11.767327, 55.231328], [11.766942, 55.231678], [11.764546, 55.234106], [11.76334, 55.235536], [11.762349, 55.237131], [11.761683, 55.238639], [11.761704, 55.239393], [11.761771, 55.239904], [11.76198, 55.240655], [11.762284, 55.241403], [11.762696, 55.242122], [11.763028, 55.2426], [11.76361, 55.243279], [11.76405, 55.243727], [11.76561, 55.244896], [11.76752, 55.245878], [11.769684, 55.246683], [11.772306, 55.24727], [11.774877, 55.247581], [11.78647, 55.248188], [11.801501, 55.248905], [11.809521, 55.249044], [11.81189, 55.24916], [11.814979, 55.249457], [11.817429, 55.249832], [11.820291, 55.250459], [11.824053, 55.251576], [11.845614, 55.259939], [11.848121, 55.260887], [11.848637, 55.261046], [11.850635, 55.261701], [11.855129, 55.26289], [11.884025, 55.270823], [11.886927, 55.271761], [11.889669, 55.272874], [11.891614, 55.273844], [11.893276, 55.274829], [11.894869, 55.275951], [11.896296, 55.277158], [11.897676, 55.278591], [11.898752, 55.279967], [11.912465, 55.300309], [11.914647, 55.303421], [11.915691, 55.304772], [11.916756, 55.305969], [11.917833, 55.307112], [11.919373, 55.308541], [11.921113, 55.30992], [11.922709, 55.31105], [11.924759, 55.31234], [11.928841, 55.314679], [11.940492, 55.321312], [11.94228, 55.322249], [11.944633, 55.323361], [11.946749, 55.324254], [11.949247, 55.325191], [11.960919, 55.329467], [11.966851, 55.331615], [12.038765, 55.357762], [12.06054, 55.365687], [12.062571, 55.366436], [12.064642, 55.367301], [12.066662, 55.368312], [12.070979, 55.370649], [12.07367, 55.372163], [12.075876, 55.37333], [12.078827, 55.374946], [12.081985, 55.376575], [12.084423, 55.377871], [12.103101, 55.387935], [12.105368, 55.389253], [12.107666, 55.390759], [12.109666, 55.39229], [12.111463, 55.393845], [12.135899, 55.416766], [12.137053, 55.417771], [12.137427, 55.418094], [12.139637, 55.420258], [12.141461, 55.421928], [12.143185, 55.423331], [12.145296, 55.424832], [12.14794, 55.426463], [12.150485, 55.427845], [12.175165, 55.441043], [12.177572, 55.442464], [12.17966, 55.444037], [12.180992, 55.445261], [12.182246, 55.446694], [12.184344, 55.447799], [12.184223, 55.449825], [12.184961, 55.453088], [12.185494, 55.4548], [12.186283, 55.456542], [12.186599, 55.457513], [12.187158, 55.459738], [12.187261, 55.460229], [12.187305, 55.460965], [12.187266, 55.461461], [12.187179, 55.461949], [12.187059, 55.462428], [12.186236, 55.464778], [12.183752, 55.471649], [12.183011, 55.473844], [12.182902, 55.474261], [12.182652, 55.474887], [12.182289, 55.47549], [12.181846, 55.476077], [12.181305, 55.47664], [12.180667, 55.477169], [12.179962, 55.477655], [12.176275, 55.479638], [12.17596, 55.479853], [12.174773, 55.480639], [12.174504, 55.480844], [12.174, 55.481271], [12.173528, 55.481697], [12.173089, 55.48214], [12.172824, 55.482389], [12.172708, 55.482518], [12.172476, 55.482785], [12.172276, 55.48306], [12.172111, 55.48337], [12.172044, 55.483524], [12.171927, 55.483833], [12.171892, 55.483996], [12.171229, 55.485784], [12.170592, 55.488111], [12.170504, 55.488581], [12.170475, 55.488815], [12.170466, 55.489292], [12.170504, 55.489768], [12.170589, 55.490233], [12.170656, 55.490474], [12.17082, 55.490937], [12.17103, 55.49139], [12.171878, 55.493463], [12.173214, 55.496485], [12.173905, 55.497789], [12.174851, 55.498915], [12.172743, 55.499887], [12.173575, 55.501753], [12.175371, 55.505573], [12.17671, 55.508235], [12.178043, 55.510224], [12.184833, 55.519937], [12.189842, 55.52681], [12.193331, 55.531727], [12.19674, 55.535045], [12.19889, 55.536733], [12.201827, 55.538733], [12.205124, 55.540472], [12.209208, 55.542532], [12.211374, 55.543815], [12.213771, 55.545397], [12.216937, 55.547849], [12.220645, 55.550926], [12.223323, 55.553409], [12.226584, 55.557971], [12.229512, 55.561957], [12.231142, 55.563641], [12.233907, 55.565815], [12.237689, 55.568593], [12.244842, 55.573357], [12.248332, 55.575458], [12.25406, 55.57928], [12.259592, 55.583602], [12.263079, 55.586017], [12.269339, 55.589905], [12.272843, 55.592518], [12.276417, 55.595398], [12.281743, 55.599652], [12.283152, 55.600747], [12.285384, 55.60218], [12.287077, 55.60324], [12.291806, 55.605658], [12.301476, 55.61054], [12.30937, 55.614499], [12.312119, 55.616196], [12.313519, 55.617165], [12.316405, 55.619542], [12.320607, 55.623771], [12.323377, 55.626645], [12.325071, 55.628253], [12.3275, 55.630093], [12.329648, 55.631626], [12.331084, 55.63263], [12.334149, 55.634471], [12.337315, 55.635994], [12.340635, 55.637468], [12.345088, 55.638983], [12.351123, 55.64041], [12.356682, 55.641282], [12.36325, 55.641687], [12.373892, 55.641952], [12.382046, 55.641925], [12.390735, 55.641298], [12.401242, 55.64], [12.404112, 55.639741], [12.413441, 55.639158], [12.415539, 55.639162], [12.418013, 55.639273], [12.420385, 55.639494], [12.424012, 55.640068], [12.42657, 55.640787], [12.430238, 55.642006], [12.434657, 55.644175], [12.436254, 55.644985], [12.440375, 55.64647], [12.444292, 55.647259], [12.449923, 55.648009], [12.454925, 55.648659], [12.458626, 55.649328], [12.469996, 55.651317], [12.474265, 55.651943], [12.479018, 55.652455], [12.481989, 55.652785], [12.483592, 55.653108], [12.484976, 55.653464], [12.486367, 55.65391], [12.487392, 55.654348], [12.493047, 55.657307], [12.494763, 55.658005], [12.496006, 55.658212], [12.49731, 55.658391], [12.499413, 55.65843], [12.501247, 55.658305], [12.503278, 55.657897], [12.506228, 55.656913], [12.508147, 55.656139], [12.509937, 55.65535], [12.512294, 55.65415], [12.515503, 55.652331], [12.515967, 55.652363], [12.516443, 55.652359], [12.516918, 55.652327], [12.517389, 55.652268], [12.517843, 55.652183], [12.52028, 55.65152], [12.52122, 55.651358], [12.521865, 55.651286], [12.522512, 55.651231], [12.523178, 55.651212], [12.523831, 55.65122], [12.527341, 55.651524], [12.528437, 55.65169], [12.529576, 55.651972], [12.535749, 55.653763], [12.536557, 55.654082], [12.537482, 55.654648], [12.537653, 55.654778], [12.538153, 55.655205], [12.538576, 55.65566], [12.538906, 55.656145], [12.53929, 55.657411], [12.53992, 55.65875], [12.541042, 55.660597], [12.541383, 55.661028], [12.541817, 55.661429], [12.542343, 55.661791], [12.542944, 55.662116], [12.54359, 55.662394], [12.544377, 55.66265], [12.544539, 55.662681], [12.545389, 55.662764], [12.546065, 55.662844], [12.547051, 55.663022], [12.5477, 55.663165], [12.557815, 55.664365], [12.558218, 55.664425], [12.558608, 55.664512], [12.559164, 55.664685], [12.559909, 55.665005], [12.562396, 55.666291], [12.564634, 55.667457], [12.565021, 55.667689], [12.565379, 55.667948], [12.56569, 55.668218], [12.565939, 55.668507], [12.566157, 55.668807], [12.566328, 55.669108], [12.566452, 55.669428], [12.566529, 55.669749], [12.566543, 55.670072], [12.566524, 55.670388], [12.566441, 55.670705], [12.566311, 55.671023], [12.566186, 55.671225], [12.56592, 55.671619], [12.565622, 55.672014], [12.565274, 55.672384], [12.564894, 55.672755]]}, "properties": {"shape_id": "2365", "route_id": "11748_2", "route_short_name": "RE", "agency_id": "203"}}, {"type": "Feature", "geometry": {"type": "LineString", "coordinates": [[11.767327, 55.231328], [11.766942, 55.231678], [11.764546, 55.234106], [11.76334, 55.235536], [11.762349, 55.237131], [11.761683, 55.238639], [11.761704, 55.239393], [11.761771, 55.239904], [11.76198, 55.240655], [11.762284, 55.241403], [11.762696, 55.242122], [11.763028, 55.2426], [11.76361, 55.243279], [11.76405, 55.243727], [11.76561, 55.244896], [11.76752, 55.245878], [11.769684, 55.246683], [11.772306, 55.24727], [11.774877, 55.247581], [11.78647, 55.248188], [11.801501, 55.248905], [11.809521, 55.249044], [11.81189, 55.24916], [11.814979, 55.249457], [11.817429, 55.249832], [11.820291, 55.250459], [11.824053, 55.251576], [11.845614, 55.259939], [11.848121, 55.260887], [11.848637, 55.261046], [11.850635, 55.261701], [11.855129, 55.26289], [11.884025, 55.270823], [11.886927, 55.271761], [11.889669, 55.272874], [11.891614, 55.273844], [11.893276, 55.274829], [11.894869, 55.275951], [11.896296, 55.277158], [11.897676, 55.278591], [11.898752, 55.279967], [11.912465, 55.300309], [11.914647, 55.303421], [11.915691, 55.304772], [11.916756, 55.305969], [11.917833, 55.307112], [11.919373, 55.308541], [11.921113, 55.30992], [11.922709, 55.31105], [11.924759, 55.31234], [11.928841, 55.314679], [11.940492, 55.321312], [11.94228, 55.322249], [11.944633, 55.323361], [11.946749, 55.324254], [11.949247, 55.325191], [11.960919, 55.329467], [11.966851, 55.331615], [12.038765, 55.357762], [12.06054, 55.365687], [12.062571, 55.366436], [12.064642, 55.367301], [12.066662, 55.368312], [12.070979, 55.370649], [12.07367, 55.372163], [12.075876, 55.37333], [12.078827, 55.374946], [12.081985, 55.376575], [12.084423, 55.377871], [12.103101, 55.387935], [12.105368, 55.389253], [12.107666, 55.390759], [12.109666, 55.39229], [12.111463, 55.393845], [12.135899, 55.416766], [12.137053, 55.417771], [12.137427, 55.418094], [12.139637, 55.420258], [12.141461, 55.421928], [12.143185, 55.423331], [12.145296, 55.424832], [12.14794, 55.426463], [12.150485, 55.427845], [12.175165, 55.441043], [12.177572, 55.442464], [12.17966, 55.444037], [12.180992, 55.445261], [12.182246, 55.446694], [12.184344, 55.447799], [12.184223, 55.449825], [12.184961, 55.453088], [12.185494, 55.4548], [12.186283, 55.456542], [12.186599, 55.457513], [12.187158, 55.459738], [12.187261, 55.460229], [12.187305, 55.460965], [12.187266, 55.461461], [12.187179, 55.461949], [12.187059, 55.462428], [12.186236, 55.464778], [12.183752, 55.471649], [12.183011, 55.473844], [12.182902, 55.474261], [12.182652, 55.474887], [12.182289, 55.47549], [12.181846, 55.476077], [12.181305, 55.47664], [12.180667, 55.477169], [12.179962, 55.477655], [12.176275, 55.479638], [12.17596, 55.479853], [12.174773, 55.480639], [12.174504, 55.480844], [12.174, 55.481271], [12.173528, 55.481697], [12.173089, 55.48214], [12.172824, 55.482389], [12.172708, 55.482518], [12.172476, 55.482785], [12.172276, 55.48306], [12.172111, 55.48337], [12.172044, 55.483524], [12.171927, 55.483833], [12.171892, 55.483996], [12.171229, 55.485784], [12.170592, 55.488111], [12.170504, 55.488581], [12.170475, 55.488815], [12.170466, 55.489292], [12.170504, 55.489768], [12.170589, 55.490233], [12.170656, 55.490474], [12.17082, 55.490937], [12.17103, 55.49139], [12.171878, 55.493463], [12.173214, 55.496485], [12.173905, 55.497789], [12.174851, 55.498915], [12.172743, 55.499887], [12.173575, 55.501753], [12.175371, 55.505573], [12.17671, 55.508235], [12.178043, 55.510224], [12.184833, 55.519937], [12.189842, 55.52681], [12.193331, 55.531727], [12.19674, 55.535045], [12.19889, 55.536733], [12.201827, 55.538733], [12.205124, 55.540472], [12.209208, 55.542532], [12.211374, 55.543815], [12.213771, 55.545397], [12.216937, 55.547849], [12.220645, 55.550926], [12.223323, 55.553409], [12.226584, 55.557971], [12.229512, 55.561957], [12.231142, 55.563641], [12.233907, 55.565815], [12.237689, 55.568593], [12.244842, 55.573357], [12.248332, 55.575458], [12.25406, 55.57928], [12.259592, 55.583602], [12.263079, 55.586017], [12.269339, 55.589905], [12.272843, 55.592518], [12.276417, 55.595398], [12.281743, 55.599652], [12.283152, 55.600747], [12.285384, 55.60218], [12.287077, 55.60324], [12.291806, 55.605658], [12.301476, 55.61054], [12.30937, 55.614499], [12.312119, 55.616196], [12.313519, 55.617165], [12.316405, 55.619542], [12.320607, 55.623771], [12.323377, 55.626645], [12.325071, 55.628253], [12.3275, 55.630093], [12.329648, 55.631626], [12.331084, 55.63263], [12.334149, 55.634471], [12.337315, 55.635994], [12.340635, 55.637468], [12.345088, 55.638983], [12.351123, 55.64041], [12.356682, 55.641282], [12.36325, 55.641687], [12.373892, 55.641952], [12.382046, 55.641925], [12.390735, 55.641298], [12.401242, 55.64], [12.404112, 55.639741], [12.413441, 55.639158], [12.415539, 55.639162], [12.418013, 55.639273], [12.420385, 55.639494], [12.424012, 55.640068], [12.42657, 55.640787], [12.430238, 55.642006], [12.434657, 55.644175], [12.436254, 55.644985], [12.440375, 55.64647], [12.444292, 55.647259], [12.449923, 55.648009], [12.454925, 55.648659], [12.458626, 55.649328], [12.469996, 55.651317], [12.474265, 55.651943], [12.479018, 55.652455], [12.481989, 55.652785], [12.483592, 55.653108], [12.484976, 55.653464], [12.486367, 55.65391], [12.487392, 55.654348], [12.493047, 55.657307], [12.494763, 55.658005], [12.496006, 55.658212], [12.49731, 55.658391], [12.499413, 55.65843], [12.501247, 55.658305], [12.503278, 55.657897], [12.506228, 55.656913], [12.508147, 55.656139], [12.509937, 55.65535], [12.512294, 55.65415], [12.515503, 55.652331], [12.515967, 55.652363], [12.516443, 55.652359], [12.516918, 55.652327], [12.517389, 55.652268], [12.517843, 55.652183], [12.52028, 55.65152], [12.52122, 55.651358], [12.521865, 55.651286], [12.522512, 55.651231], [12.523178, 55.651212], [12.523831, 55.65122], [12.527341, 55.651524], [12.528437, 55.65169], [12.529576, 55.651972], [12.535749, 55.653763], [12.536557, 55.654082], [12.537482, 55.654648], [12.537653, 55.654778], [12.538153, 55.655205], [12.538576, 55.65566], [12.538906, 55.656145], [12.53929, 55.657411], [12.53992, 55.65875], [12.541042, 55.660597], [12.541383, 55.661028], [12.541817, 55.661429], [12.542343, 55.661791], [12.542944, 55.662116], [12.54359, 55.662394], [12.544377, 55.66265], [12.544539, 55.662681], [12.545389, 55.662764], [12.546065, 55.662844], [12.547051, 55.663022], [12.5477, 55.663165], [12.557815, 55.664365], [12.558218, 55.664425], [12.558608, 55.664512], [12.559164, 55.664685], [12.559909, 55.665005], [12.562396, 55.666291], [12.564634, 55.667457], [12.565021, 55.667689], [12.565379, 55.667948], [12.56569, 55.668218], [12.565939, 55.668507], [12.566157, 55.668807], [12.566328, 55.669108], [12.566452, 55.669428], [12.566529, 55.669749], [12.566543, 55.670072], [12.566524, 55.670388], [12.566441, 55.670705], [12.566311, 55.671023], [12.566186, 55.671225], [12.56592, 55.671619], [12.565622, 55.672014], [12.565274, 55.672384], [12.564894, 55.672755], [12.564471, 55.673001], [12.564082, 55.673273], [12.56358, 55.673701], [12.563177, 55.674172], [12.562952, 55.674493], [12.562775, 55.674822], [12.562662, 55.675158], [12.562582, 55.675502], [12.562566, 55.675673], [12.562567, 55.676033], [12.562595, 55.676347], [12.562686, 55.67665], [12.562887, 55.677102], [12.563088, 55.677393], [12.563321, 55.677674], [12.563616, 55.677945], [12.563926, 55.678205], [12.566925, 55.679862], [12.570342, 55.682425], [12.571245, 55.683073], [12.572231, 55.683772], [12.574645, 55.685275], [12.57656, 55.686559], [12.580036, 55.688535], [12.581921, 55.689478], [12.583845, 55.690501], [12.587131, 55.692482], [12.587571, 55.692766]]}, "properties": {"shape_id": "2366", "route_id": "11748_2", "route_short_name": "RE", "agency_id": "203"}}, {"type": "Feature", "geometry": {"type": "LineString", "coordinates": [[12.587571, 55.692766], [12.587131, 55.692482], [12.583845, 55.690501], [12.581921, 55.689478], [12.580036, 55.688535], [12.57656, 55.686559], [12.574645, 55.685275], [12.572231, 55.683772], [12.571245, 55.683073], [12.570342, 55.682425], [12.566925, 55.679862], [12.563926, 55.678205], [12.563616, 55.677945], [12.563321, 55.677674], [12.563088, 55.677393], [12.562887, 55.677102], [12.562686, 55.67665], [12.562595, 55.676347], [12.562567, 55.676033], [12.562566, 55.675673], [12.562582, 55.675502], [12.562662, 55.675158], [12.562775, 55.674822], [12.562952, 55.674493], [12.563177, 55.674172], [12.56358, 55.673701], [12.564082, 55.673273], [12.564471, 55.673001], [12.564894, 55.672755], [12.565274, 55.672384], [12.565622, 55.672014], [12.56592, 55.671619], [12.566186, 55.671225], [12.566311, 55.671023], [12.566441, 55.670705], [12.566524, 55.670388], [12.566543, 55.670072], [12.566529, 55.669749], [12.566452, 55.669428], [12.566328, 55.669108], [12.566157, 55.668807], [12.565939, 55.668507], [12.56569, 55.668218], [12.565379, 55.667948], [12.565021, 55.667689], [12.564634, 55.667457], [12.562396, 55.666291], [12.559909, 55.665005], [12.559164, 55.664685], [12.558608, 55.664512], [12.558218, 55.664425], [12.557815, 55.664365], [12.5477, 55.663165], [12.547051, 55.663022], [12.546065, 55.662844], [12.545389, 55.662764], [12.544539, 55.662681], [12.544377, 55.66265], [12.54359, 55.662394], [12.542944, 55.662116], [12.542343, 55.661791], [12.541817, 55.661429], [12.541383, 55.661028], [12.541042, 55.660597], [12.53992, 55.65875], [12.53929, 55.657411], [12.538906, 55.656145], [12.538576, 55.65566], [12.538153, 55.655205], [12.537653, 55.654778], [12.537482, 55.654648], [12.536557, 55.654082], [12.535749, 55.653763], [12.529576, 55.651972], [12.528437, 55.65169], [12.527341, 55.651524], [12.523831, 55.65122], [12.523178, 55.651212], [12.522512, 55.651231], [12.521865, 55.651286], [12.52122, 55.651358], [12.52028, 55.65152], [12.517843, 55.652183], [12.517389, 55.652268], [12.516918, 55.652327], [12.516443, 55.652359], [12.515967, 55.652363], [12.515503, 55.652331], [12.513475, 55.653487], [12.511108, 55.65475], [12.508895, 55.655794], [12.506228, 55.656913], [12.503278, 55.657897], [12.501247, 55.658305], [12.499413, 55.65843], [12.49731, 55.658391], [12.496006, 55.658212], [12.494763, 55.658005], [12.493047, 55.657307], [12.487392, 55.654348], [12.486367, 55.65391], [12.484976, 55.653464], [12.483592, 55.653108], [12.481989, 55.652785], [12.479018, 55.652455], [12.474265, 55.651943], [12.469996, 55.651317], [12.458626, 55.649328], [12.454925, 55.648659], [12.449923, 55.648009], [12.444292, 55.647259], [12.440375, 55.64647], [12.436254, 55.644985], [12.434657, 55.644175], [12.430238, 55.642006], [12.42657, 55.640787], [12.424012, 55.640068], [12.420385, 55.639494], [12.418013, 55.639273], [12.415539, 55.639162], [12.413441, 55.639158], [12.404112, 55.639741], [12.401242, 55.64], [12.390735, 55.641298], [12.382046, 55.641925], [12.373892, 55.641952], [12.36325, 55.641687], [12.356682, 55.641282], [12.351123, 55.64041], [12.345088, 55.638983], [12.340635, 55.637468], [12.337315, 55.635994], [12.334149, 55.634471], [12.331084, 55.63263], [12.329648, 55.631626], [12.3275, 55.630093], [12.325071, 55.628253], [12.323377, 55.626645], [12.320607, 55.623771], [12.316405, 55.619542], [12.313519, 55.617165], [12.312119, 55.616196], [12.30937, 55.614499], [12.301476, 55.61054], [12.291806, 55.605658], [12.287077, 55.60324], [12.285384, 55.60218], [12.283152, 55.600747], [12.281743, 55.599652], [12.276417, 55.595398], [12.272843, 55.592518], [12.269339, 55.589905], [12.263079, 55.586017], [12.259592, 55.583602], [12.25406, 55.57928], [12.248332, 55.575458], [12.244842, 55.573357], [12.237689, 55.568593], [12.233907, 55.565815], [12.231142, 55.563641], [12.229512, 55.561957], [12.226584, 55.557971], [12.223323, 55.553409], [12.220645, 55.550926], [12.216937, 55.547849], [12.213771, 55.545397], [12.211374, 55.543815], [12.209208, 55.542532], [12.205124, 55.540472], [12.201827, 55.538733], [12.19889, 55.536733], [12.19674, 55.535045], [12.193331, 55.531727], [12.189842, 55.52681], [12.184833, 55.519937], [12.178043, 55.510224], [12.17671, 55.508235], [12.175371, 55.505573], [12.173575, 55.501753], [12.172743, 55.499887], [12.174851, 55.498915], [12.173905, 55.497789], [12.173214, 55.496485], [12.171878, 55.493463], [12.17103, 55.49139], [12.17082, 55.490937], [12.170656, 55.490474], [12.170589, 55.490233], [12.170504, 55.489768], [12.170466, 55.489292], [12.170475, 55.488815], [12.170504, 55.488581], [12.170592, 55.488111], [12.171229, 55.485784], [12.171892, 55.483996], [12.171927, 55.483833], [12.172044, 55.483524], [12.172111, 55.48337], [12.172276, 55.48306], [12.172476, 55.482785], [12.172708, 55.482518], [12.172824, 55.482389], [12.173089, 55.48214], [12.173528, 55.481697], [12.174, 55.481271], [12.174504, 55.480844], [12.174773, 55.480639], [12.17596, 55.479853], [12.176275, 55.479638], [12.179962, 55.477655], [12.180667, 55.477169], [12.181305, 55.47664], [12.181846, 55.476077], [12.182289, 55.47549], [12.182652, 55.474887], [12.182902, 55.474261], [12.183011, 55.473844], [12.183752, 55.471649], [12.186236, 55.464778], [12.187059, 55.462428], [12.187179, 55.461949], [12.187266, 55.461461], [12.187305, 55.460965], [12.187261, 55.460229], [12.187158, 55.459738], [12.186599, 55.457513], [12.186283, 55.456542], [12.185494, 55.4548], [12.184961, 55.453088], [12.184223, 55.449825], [12.184344, 55.447799], [12.182246, 55.446694], [12.180992, 55.445261], [12.17966, 55.444037], [12.177572, 55.442464], [12.175165, 55.441043], [12.150485, 55.427845], [12.14794, 55.426463], [12.145296, 55.424832], [12.143185, 55.423331], [12.141461, 55.421928], [12.139637, 55.420258], [12.137427, 55.418094], [12.137053, 55.417771], [12.135899, 55.416766], [12.111463, 55.393845], [12.109666, 55.39229], [12.107666, 55.390759], [12.105368, 55.389253], [12.103101, 55.387935], [12.084423, 55.377871], [12.081985, 55.376575], [12.078827, 55.374946], [12.075876, 55.37333], [12.07367, 55.372163], [12.070979, 55.370649], [12.066662, 55.368312], [12.064642, 55.367301], [12.062571, 55.366436], [12.06054, 55.365687], [12.038765, 55.357762], [11.966851, 55.331615], [11.960919, 55.329467], [11.949247, 55.325191], [11.946749, 55.324254], [11.944633, 55.323361], [11.94228, 55.322249], [11.940492, 55.321312], [11.928841, 55.314679], [11.924759, 55.31234], [11.922709, 55.31105], [11.921113, 55.30992], [11.919373, 55.308541], [11.917833, 55.307112], [11.916756, 55.305969], [11.915691, 55.304772], [11.914647, 55.303421], [11.912465, 55.300309], [11.898752, 55.279967], [11.897676, 55.278591], [11.896296, 55.277158], [11.894869, 55.275951], [11.893276, 55.274829], [11.891614, 55.273844], [11.889669, 55.272874], [11.886927, 55.271761], [11.884025, 55.270823], [11.855129, 55.26289], [11.850635, 55.261701], [11.848637, 55.261046], [11.848121, 55.260887], [11.845614, 55.259939], [11.824053, 55.251576], [11.820291, 55.250459], [11.817429, 55.249832], [11.814979, 55.249457], [11.81189, 55.24916], [11.809521, 55.249044], [11.801501, 55.248905], [11.78647, 55.248188], [11.774877, 55.247581], [11.772306, 55.24727], [11.769684, 55.246683], [11.76752, 55.245878], [11.76561, 55.244896], [11.76405, 55.243727], [11.76361, 55.243279], [11.763028, 55.2426], [11.762696, 55.242122], [11.762284, 55.241403], [11.76198, 55.240655], [11.761771, 55.239904], [11.761704, 55.239393], [11.761683, 55.238639], [11.762349, 55.237131], [11.76334, 55.235536], [11.764546, 55.234106], [11.766942, 55.231678], [11.767327, 55.231328]]}, "properties": {"shape_id": "2367", "route_id": "11748_2", "route_short_name": "RE", "agency_id": "203"}}, {"type": "Feature", "geometry": {"type": "LineString", "coordinates": [[12.564894, 55.672755], [12.565274, 55.672384], [12.565622, 55.672014], [12.56592, 55.671619], [12.566186, 55.671225], [12.566311, 55.671023], [12.566441, 55.670705], [12.566524, 55.670388], [12.566543, 55.670072], [12.566529, 55.669749], [12.566452, 55.669428], [12.566328, 55.669108], [12.566157, 55.668807], [12.565939, 55.668507], [12.56569, 55.668218], [12.565379, 55.667948], [12.565021, 55.667689], [12.564634, 55.667457], [12.562396, 55.666291], [12.559909, 55.665005], [12.559164, 55.664685], [12.558608, 55.664512], [12.558218, 55.664425], [12.557815, 55.664365], [12.5477, 55.663165], [12.547051, 55.663022], [12.546065, 55.662844], [12.545389, 55.662764], [12.544539, 55.662681], [12.544377, 55.66265], [12.54359, 55.662394], [12.542944, 55.662116], [12.542343, 55.661791], [12.541817, 55.661429], [12.541383, 55.661028], [12.541042, 55.660597], [12.53992, 55.65875], [12.53929, 55.657411], [12.538906, 55.656145], [12.538576, 55.65566], [12.538153, 55.655205], [12.537653, 55.654778], [12.537482, 55.654648], [12.536557, 55.654082], [12.535749, 55.653763], [12.529576, 55.651972], [12.528437, 55.65169], [12.527341, 55.651524], [12.523831, 55.65122], [12.523178, 55.651212], [12.522512, 55.651231], [12.521865, 55.651286], [12.52122, 55.651358], [12.52028, 55.65152], [12.517843, 55.652183], [12.517389, 55.652268], [12.516918, 55.652327], [12.516443, 55.652359], [12.515967, 55.652363], [12.515503, 55.652331], [12.513475, 55.653487], [12.511108, 55.65475], [12.508895, 55.655794], [12.506228, 55.656913], [12.503278, 55.657897], [12.501247, 55.658305], [12.499413, 55.65843], [12.49731, 55.658391], [12.496006, 55.658212], [12.494763, 55.658005], [12.493047, 55.657307], [12.487392, 55.654348], [12.486367, 55.65391], [12.484976, 55.653464], [12.483592, 55.653108], [12.481989, 55.652785], [12.479018, 55.652455], [12.474265, 55.651943], [12.469996, 55.651317], [12.458626, 55.649328], [12.454925, 55.648659], [12.449923, 55.648009], [12.444292, 55.647259], [12.440375, 55.64647], [12.436254, 55.644985], [12.434657, 55.644175], [12.430238, 55.642006], [12.42657, 55.640787], [12.424012, 55.640068], [12.420385, 55.639494], [12.418013, 55.639273], [12.415539, 55.639162], [12.413441, 55.639158], [12.404112, 55.639741], [12.401242, 55.64], [12.390735, 55.641298], [12.382046, 55.641925], [12.373892, 55.641952], [12.36325, 55.641687], [12.356682, 55.641282], [12.351123, 55.64041], [12.345088, 55.638983], [12.340635, 55.637468], [12.337315, 55.635994], [12.334149, 55.634471], [12.331084, 55.63263], [12.329648, 55.631626], [12.3275, 55.630093], [12.325071, 55.628253], [12.323377, 55.626645], [12.320607, 55.623771], [12.316405, 55.619542], [12.313519, 55.617165], [12.312119, 55.616196], [12.30937, 55.614499], [12.301476, 55.61054], [12.291806, 55.605658], [12.287077, 55.60324], [12.285384, 55.60218], [12.283152, 55.600747], [12.281743, 55.599652], [12.276417, 55.595398], [12.272843, 55.592518], [12.269339, 55.589905], [12.263079, 55.586017], [12.259592, 55.583602], [12.25406, 55.57928], [12.248332, 55.575458], [12.244842, 55.573357], [12.237689, 55.568593], [12.233907, 55.565815], [12.231142, 55.563641], [12.229512, 55.561957], [12.226584, 55.557971], [12.223323, 55.553409], [12.220645, 55.550926], [12.216937, 55.547849], [12.213771, 55.545397], [12.211374, 55.543815], [12.209208, 55.542532], [12.205124, 55.540472], [12.201827, 55.538733], [12.19889, 55.536733], [12.19674, 55.535045], [12.193331, 55.531727], [12.189842, 55.52681], [12.184833, 55.519937], [12.178043, 55.510224], [12.17671, 55.508235], [12.175371, 55.505573], [12.173575, 55.501753], [12.172743, 55.499887], [12.174851, 55.498915], [12.173905, 55.497789], [12.173214, 55.496485], [12.171878, 55.493463], [12.17103, 55.49139], [12.17082, 55.490937], [12.170656, 55.490474], [12.170589, 55.490233], [12.170504, 55.489768], [12.170466, 55.489292], [12.170475, 55.488815], [12.170504, 55.488581], [12.170592, 55.488111], [12.171229, 55.485784], [12.171892, 55.483996], [12.171927, 55.483833], [12.172044, 55.483524], [12.172111, 55.48337], [12.172276, 55.48306], [12.172476, 55.482785], [12.172708, 55.482518], [12.172824, 55.482389], [12.173089, 55.48214], [12.173528, 55.481697], [12.174, 55.481271], [12.174504, 55.480844], [12.174773, 55.480639], [12.17596, 55.479853], [12.176275, 55.479638], [12.179962, 55.477655], [12.180667, 55.477169], [12.181305, 55.47664], [12.181846, 55.476077], [12.182289, 55.47549], [12.182652, 55.474887], [12.182902, 55.474261], [12.183011, 55.473844], [12.183752, 55.471649], [12.186236, 55.464778], [12.187059, 55.462428], [12.187179, 55.461949], [12.187266, 55.461461], [12.187305, 55.460965], [12.187261, 55.460229], [12.187158, 55.459738], [12.186599, 55.457513], [12.186283, 55.456542], [12.185494, 55.4548], [12.184961, 55.453088], [12.184223, 55.449825], [12.184344, 55.447799], [12.182246, 55.446694], [12.180992, 55.445261], [12.17966, 55.444037], [12.177572, 55.442464], [12.175165, 55.441043], [12.150485, 55.427845], [12.14794, 55.426463], [12.145296, 55.424832], [12.143185, 55.423331], [12.141461, 55.421928], [12.139637, 55.420258], [12.137427, 55.418094], [12.137053, 55.417771], [12.135899, 55.416766], [12.111463, 55.393845], [12.109666, 55.39229], [12.107666, 55.390759], [12.105368, 55.389253], [12.103101, 55.387935], [12.084423, 55.377871], [12.081985, 55.376575], [12.078827, 55.374946], [12.075876, 55.37333], [12.07367, 55.372163], [12.070979, 55.370649], [12.066662, 55.368312], [12.064642, 55.367301], [12.062571, 55.366436], [12.06054, 55.365687], [12.038765, 55.357762], [11.966851, 55.331615], [11.960919, 55.329467], [11.949247, 55.325191], [11.946749, 55.324254], [11.944633, 55.323361], [11.94228, 55.322249], [11.940492, 55.321312], [11.928841, 55.314679], [11.924759, 55.31234], [11.922709, 55.31105], [11.921113, 55.30992], [11.919373, 55.308541], [11.917833, 55.307112], [11.916756, 55.305969], [11.915691, 55.304772], [11.914647, 55.303421], [11.912465, 55.300309], [11.898752, 55.279967], [11.897676, 55.278591], [11.896296, 55.277158], [11.894869, 55.275951], [11.893276, 55.274829], [11.891614, 55.273844], [11.889669, 55.272874], [11.886927, 55.271761], [11.884025, 55.270823], [11.855129, 55.26289], [11.850635, 55.261701], [11.848637, 55.261046], [11.848121, 55.260887], [11.845614, 55.259939], [11.824053, 55.251576], [11.820291, 55.250459], [11.817429, 55.249832], [11.814979, 55.249457], [11.81189, 55.24916], [11.809521, 55.249044], [11.801501, 55.248905], [11.78647, 55.248188], [11.774877, 55.247581], [11.772306, 55.24727], [11.769684, 55.246683], [11.76752, 55.245878], [11.76561, 55.244896], [11.76405, 55.243727], [11.76361, 55.243279], [11.763028, 55.2426], [11.762696, 55.242122], [11.762284, 55.241403], [11.76198, 55.240655], [11.761771, 55.239904], [11.761704, 55.239393], [11.761683, 55.238639], [11.762349, 55.237131], [11.76334, 55.235536], [11.764546, 55.234106], [11.766942, 55.231678], [11.767327, 55.231328]]}, "properties": {"shape_id": "2368", "route_id": "11748_2", "route_short_name": "RE", "agency_id": "203"}}, {"type": "Feature", "geometry": {"type": "LineString", "coordinates": [[11.83, 55.63], [12.02168, 55.603402], [12.030771, 55.602674], [12.033497, 55.602616], [12.036197, 55.602818], [12.037438, 55.603057], [12.038246, 55.603244], [12.039041, 55.603458], [12.040181, 55.603825], [12.040917, 55.604104], [12.041607, 55.604401], [12.042598, 55.604889], [12.043212, 55.605233], [12.044081, 55.605796], [12.044605, 55.606197], [12.045321, 55.606826], [12.045927, 55.607476], [12.046441, 55.608165], [12.047035, 55.609472], [12.04757, 55.610843], [12.048475, 55.612681], [12.049895, 55.614813], [12.050981, 55.616107], [12.052086, 55.617239], [12.05345, 55.618446], [12.055426, 55.619952], [12.058286, 55.621993], [12.060685, 55.623426], [12.066463, 55.627219], [12.069608, 55.629235], [12.071609, 55.630632], [12.075141, 55.632926], [12.07593, 55.633464], [12.076749, 55.633974], [12.077599, 55.634474], [12.078494, 55.634946], [12.079405, 55.635408], [12.080838, 55.636056], [12.081839, 55.636462], [12.086511, 55.638062], [12.088784, 55.638867], [12.090109, 55.639347], [12.092565, 55.640256], [12.09522, 55.641267], [12.097118, 55.641957], [12.099522, 55.642813], [12.104213, 55.644438], [12.107629, 55.645422], [12.110786, 55.646133], [12.11409, 55.646705], [12.116789, 55.64705], [12.11978, 55.647289], [12.132279, 55.647914], [12.178026, 55.650162], [12.180769, 55.650262], [12.184424, 55.650239], [12.1877, 55.650055], [12.190414, 55.649795], [12.193747, 55.649331], [12.197182, 55.648765], [12.198798, 55.648498], [12.202055, 55.647883], [12.205881, 55.647225], [12.214316, 55.645782], [12.217657, 55.645235], [12.219875, 55.644943], [12.22262, 55.644691], [12.226056, 55.644529], [12.229108, 55.644521], [12.231772, 55.64463], [12.234252, 55.644817], [12.236913, 55.645088], [12.246622, 55.64618], [12.249672, 55.64654], [12.253139, 55.646933], [12.269331, 55.648741], [12.289007, 55.650921], [12.293057, 55.651433], [12.297069, 55.651873], [12.302941, 55.652488], [12.306946, 55.652839], [12.310185, 55.653165], [12.318404, 55.654076], [12.348456, 55.657395], [12.353164, 55.657958], [12.356998, 55.658339], [12.382722, 55.661183], [12.394431, 55.662505], [12.397902, 55.662913], [12.401645, 55.663339], [12.407614, 55.663929], [12.413572, 55.664581], [12.417258, 55.664901], [12.420455, 55.665082], [12.423801, 55.665141], [12.428235, 55.665098], [12.438323, 55.664951], [12.440677, 55.664947], [12.444821, 55.664858], [12.45437, 55.664724], [12.459058, 55.664673], [12.470809, 55.664449], [12.478799, 55.664321], [12.485647, 55.664226], [12.488518, 55.664144], [12.491492, 55.664131], [12.500991, 55.663986], [12.503462, 55.664042], [12.505741, 55.663913], [12.508128, 55.663917], [12.51132, 55.663862], [12.514372, 55.663837], [12.5191, 55.663702], [12.523119, 55.66364], [12.531457, 55.66349], [12.535312, 55.663379], [12.538161, 55.663225], [12.539469, 55.663088], [12.542094, 55.662734], [12.543011, 55.662671], [12.54363, 55.662662], [12.544668, 55.662704], [12.545711, 55.6628], [12.546711, 55.662951], [12.5477, 55.663165], [12.557815, 55.664365], [12.558218, 55.664425], [12.558608, 55.664512], [12.558984, 55.664627], [12.559329, 55.664752], [12.559909, 55.665005], [12.562396, 55.666291], [12.564634, 55.667457], [12.565021, 55.667689], [12.565379, 55.667948], [12.56569, 55.668218], [12.565939, 55.668507], [12.566157, 55.668807], [12.566328, 55.669108], [12.566499, 55.669588], [12.566543, 55.670072], [12.566491, 55.670551], [12.566311, 55.671023], [12.56592, 55.671619], [12.565448, 55.672199], [12.564894, 55.672755], [12.564471, 55.673001], [12.564082, 55.673273], [12.56358, 55.673701], [12.563177, 55.674172], [12.562952, 55.674493], [12.562775, 55.674822], [12.562662, 55.675158], [12.562582, 55.675502], [12.562566, 55.675673], [12.562567, 55.676033], [12.562595, 55.676347], [12.562686, 55.67665], [12.562887, 55.677102], [12.563088, 55.677393], [12.563321, 55.677674], [12.563616, 55.677945], [12.563926, 55.678205], [12.566925, 55.679862], [12.570342, 55.682425], [12.571245, 55.683073], [12.572231, 55.683772], [12.574645, 55.685275], [12.57656, 55.686559], [12.580036, 55.688535], [12.581921, 55.689478], [12.583845, 55.690501], [12.587131, 55.692482], [12.587571, 55.692766], [12.590621, 55.69461], [12.590967, 55.694905], [12.591423, 55.695369], [12.59166, 55.695694], [12.59185, 55.69603], [12.592057, 55.696546], [12.592153, 55.697074], [12.592138, 55.697605], [12.592059, 55.697958], [12.591365, 55.703229], [12.590943, 55.70522], [12.589962, 55.70755], [12.588928, 55.70964], [12.588619, 55.710098], [12.588263, 55.710549], [12.587653, 55.711197], [12.587197, 55.711606], [12.586692, 55.712007], [12.586154, 55.712391], [12.585566, 55.71275], [12.582177, 55.714351], [12.57822, 55.715851], [12.575577, 55.716728], [12.575317, 55.716853], [12.574557, 55.717244], [12.573879, 55.717668], [12.573461, 55.717977], [12.572917, 55.718469], [12.57247, 55.718986], [12.572105, 55.719527], [12.570873, 55.72173], [12.569237, 55.724754], [12.568321, 55.726939], [12.567583, 55.729145], [12.56708, 55.730967], [12.56625, 55.733922], [12.565434, 55.737552], [12.564643, 55.739193], [12.564248, 55.741147], [12.564302, 55.74209], [12.56482, 55.744098], [12.56567, 55.745548], [12.567289, 55.747389], [12.57126, 55.750726], [12.57245, 55.751878], [12.573972, 55.753174], [12.580106, 55.758867], [12.581757, 55.760527], [12.582927, 55.761806], [12.583876, 55.76328], [12.584408, 55.764559], [12.585208, 55.767017], [12.58589, 55.768364], [12.587045, 55.769823], [12.588944, 55.771737], [12.589596, 55.773453], [12.589222, 55.774768], [12.588666, 55.776007], [12.588068, 55.777481], [12.587275, 55.779608], [12.587298, 55.781774], [12.588084, 55.783379], [12.589112, 55.784662], [12.590132, 55.786035], [12.590763, 55.787518], [12.590899, 55.789339], [12.590398, 55.791008], [12.588369, 55.794449], [12.584315, 55.80105], [12.583269, 55.802339], [12.58188, 55.803558], [12.58041, 55.804761], [12.579062, 55.806247], [12.577547, 55.808522], [12.575843, 55.811188], [12.57478, 55.81317], [12.573836, 55.815409], [12.572991, 55.817862], [12.572249, 55.820221], [12.571867, 55.821977], [12.571611, 55.82354], [12.571366, 55.826442], [12.570379, 55.829087], [12.564908, 55.838256], [12.563221, 55.841119], [12.562761, 55.842382], [12.562623, 55.843663], [12.562552, 55.852135], [12.562379, 55.852868], [12.56204, 55.854398], [12.56117, 55.856078], [12.559681, 55.857793], [12.557848, 55.859249], [12.555275, 55.860663], [12.553212, 55.861532], [12.54926, 55.863076], [12.547361, 55.863994], [12.54553, 55.865305], [12.544186, 55.866702], [12.533773, 55.88003], [12.531933, 55.881962], [12.53156, 55.882252], [12.529708, 55.883699], [12.507031, 55.898131], [12.505001, 55.899753], [12.503533, 55.901396], [12.502654, 55.902832], [12.502429, 55.903531], [12.501878, 55.905228], [12.500754, 55.916194], [12.500223, 55.921846], [12.500273, 55.923643], [12.500726, 55.925644], [12.501359, 55.927155], [12.502371, 55.928789], [12.503332, 55.93003], [12.504879, 55.93173], [12.506406, 55.933377], [12.511498, 55.939202], [12.513114, 55.941125], [12.532111, 55.962709], [12.533126, 55.963813], [12.533589, 55.964321], [12.541757, 55.973707], [12.542743, 55.975189], [12.543306, 55.976441], [12.545201, 55.982249], [12.548519, 55.992547], [12.54927, 55.994783], [12.54979, 55.99573], [12.550193, 55.996455], [12.551275, 55.997755], [12.553099, 55.999276], [12.555595, 56.000759], [12.561433, 56.003351], [12.565714, 56.005223], [12.569288, 56.006738], [12.574222, 56.008205], [12.578878, 56.008573], [12.581543, 56.008927], [12.583812, 56.009338], [12.584595, 56.009477], [12.589309, 56.010463], [12.592279, 56.01133], [12.594296, 56.012314], [12.596063, 56.01371], [12.599617, 56.017913], [12.600908, 56.019539], [12.60174, 56.021232], [12.602036, 56.022509], [12.602646, 56.024578], [12.603972, 56.026571], [12.605953, 56.028356], [12.608296, 56.03023], [12.610852, 56.031638], [12.614122, 56.033629]]}, "properties": {"shape_id": "2369", "route_id": "11748_2", "route_short_name": "RE", "agency_id": "203"}}, {"type": "Feature", "geometry": {"type": "LineString", "coordinates": [[12.614122, 56.033629], [12.610852, 56.031638], [12.608296, 56.03023], [12.605953, 56.028356], [12.603972, 56.026571], [12.602646, 56.024578], [12.602036, 56.022509], [12.60174, 56.021232], [12.600908, 56.019539], [12.599617, 56.017913], [12.596063, 56.01371], [12.594296, 56.012314], [12.592279, 56.01133], [12.589309, 56.010463], [12.584595, 56.009477], [12.583812, 56.009338], [12.581543, 56.008927], [12.578878, 56.008573], [12.574222, 56.008205], [12.569288, 56.006738], [12.565714, 56.005223], [12.561433, 56.003351], [12.555595, 56.000759], [12.553099, 55.999276], [12.551275, 55.997755], [12.550193, 55.996455], [12.54979, 55.99573], [12.54927, 55.994783], [12.548519, 55.992547], [12.545201, 55.982249], [12.543306, 55.976441], [12.542743, 55.975189], [12.541757, 55.973707], [12.533589, 55.964321], [12.533126, 55.963813], [12.532111, 55.962709], [12.513114, 55.941125], [12.511498, 55.939202], [12.506406, 55.933377], [12.504879, 55.93173], [12.503332, 55.93003], [12.502371, 55.928789], [12.501359, 55.927155], [12.500726, 55.925644], [12.500273, 55.923643], [12.500223, 55.921846], [12.500754, 55.916194], [12.501878, 55.905228], [12.502429, 55.903531], [12.502654, 55.902832], [12.503533, 55.901396], [12.505001, 55.899753], [12.507031, 55.898131], [12.529708, 55.883699], [12.53156, 55.882252], [12.531933, 55.881962], [12.533773, 55.88003], [12.544186, 55.866702], [12.54553, 55.865305], [12.547361, 55.863994], [12.54926, 55.863076], [12.553212, 55.861532], [12.555275, 55.860663], [12.557848, 55.859249], [12.559681, 55.857793], [12.56117, 55.856078], [12.56204, 55.854398], [12.562379, 55.852868], [12.562552, 55.852135], [12.562623, 55.843663], [12.562761, 55.842382], [12.563221, 55.841119], [12.564908, 55.838256], [12.570379, 55.829087], [12.571366, 55.826442], [12.571611, 55.82354], [12.571867, 55.821977], [12.572249, 55.820221], [12.572991, 55.817862], [12.573836, 55.815409], [12.57478, 55.81317], [12.575843, 55.811188], [12.577547, 55.808522], [12.579062, 55.806247], [12.58041, 55.804761], [12.58188, 55.803558], [12.583269, 55.802339], [12.584315, 55.80105], [12.588369, 55.794449], [12.590398, 55.791008], [12.590899, 55.789339], [12.590763, 55.787518], [12.590132, 55.786035], [12.589112, 55.784662], [12.588084, 55.783379], [12.587298, 55.781774], [12.587275, 55.779608], [12.588068, 55.777481], [12.588666, 55.776007], [12.589222, 55.774768], [12.589596, 55.773453], [12.588944, 55.771737], [12.587045, 55.769823], [12.58589, 55.768364], [12.585208, 55.767017], [12.584408, 55.764559], [12.583876, 55.76328], [12.582927, 55.761806], [12.581757, 55.760527], [12.580106, 55.758867], [12.573972, 55.753174], [12.57245, 55.751878], [12.57126, 55.750726], [12.567289, 55.747389], [12.56567, 55.745548], [12.56482, 55.744098], [12.564302, 55.74209], [12.564248, 55.741147], [12.564643, 55.739193], [12.565434, 55.737552], [12.56625, 55.733922], [12.56708, 55.730967], [12.567583, 55.729145], [12.568321, 55.726939], [12.569237, 55.724754], [12.570873, 55.72173], [12.572105, 55.719527], [12.57247, 55.718986], [12.572917, 55.718469], [12.573461, 55.717977], [12.573879, 55.717668], [12.574557, 55.717244], [12.575317, 55.716853], [12.575577, 55.716728], [12.57822, 55.715851], [12.582177, 55.714351], [12.585566, 55.71275], [12.586154, 55.712391], [12.586692, 55.712007], [12.587197, 55.711606], [12.587653, 55.711197], [12.588263, 55.710549], [12.588619, 55.710098], [12.588928, 55.70964], [12.589962, 55.70755], [12.590943, 55.70522], [12.591365, 55.703229], [12.592059, 55.697958], [12.592138, 55.697605], [12.592153, 55.697074], [12.592057, 55.696546], [12.59185, 55.69603], [12.59166, 55.695694], [12.591423, 55.695369], [12.590967, 55.694905], [12.590621, 55.69461], [12.587571, 55.692766], [12.587131, 55.692482], [12.583845, 55.690501], [12.581921, 55.689478], [12.580036, 55.688535], [12.57656, 55.686559], [12.574645, 55.685275], [12.572231, 55.683772], [12.571245, 55.683073], [12.570342, 55.682425], [12.566925, 55.679862], [12.563926, 55.678205], [12.563616, 55.677945], [12.563321, 55.677674], [12.563088, 55.677393], [12.562887, 55.677102], [12.562686, 55.67665], [12.562595, 55.676347], [12.562567, 55.676033], [12.562566, 55.675673], [12.562582, 55.675502], [12.562662, 55.675158], [12.562775, 55.674822], [12.562952, 55.674493], [12.563177, 55.674172], [12.56358, 55.673701], [12.564082, 55.673273], [12.564471, 55.673001], [12.564894, 55.672755], [12.565448, 55.672199], [12.56592, 55.671619], [12.566311, 55.671023], [12.566491, 55.670551], [12.566543, 55.670072], [12.566499, 55.669588], [12.566328, 55.669108], [12.566157, 55.668807], [12.565939, 55.668507], [12.56569, 55.668218], [12.565379, 55.667948], [12.565021, 55.667689], [12.564634, 55.667457], [12.562396, 55.666291], [12.559909, 55.665005], [12.559329, 55.664752], [12.558984, 55.664627], [12.558608, 55.664512], [12.558218, 55.664425], [12.557815, 55.664365], [12.5477, 55.663165], [12.546711, 55.662951], [12.545711, 55.6628], [12.544668, 55.662704], [12.54363, 55.662662], [12.543011, 55.662671], [12.542094, 55.662734], [12.539469, 55.663088], [12.538161, 55.663225], [12.535312, 55.663379], [12.531457, 55.66349], [12.523119, 55.66364], [12.5191, 55.663702], [12.514372, 55.663837], [12.51132, 55.663862], [12.508128, 55.663917], [12.505741, 55.663913], [12.503462, 55.664042], [12.500991, 55.663986], [12.491492, 55.664131], [12.488518, 55.664144], [12.485647, 55.664226], [12.478799, 55.664321], [12.470809, 55.664449], [12.459058, 55.664673], [12.45437, 55.664724], [12.444821, 55.664858], [12.440677, 55.664947], [12.438323, 55.664951], [12.428235, 55.665098], [12.423801, 55.665141], [12.420455, 55.665082], [12.417258, 55.664901], [12.413572, 55.664581], [12.407614, 55.663929], [12.401645, 55.663339], [12.397902, 55.662913], [12.394431, 55.662505], [12.382722, 55.661183], [12.356998, 55.658339], [12.353164, 55.657958], [12.348456, 55.657395], [12.318404, 55.654076], [12.310185, 55.653165], [12.306946, 55.652839], [12.302941, 55.652488], [12.297069, 55.651873], [12.293057, 55.651433], [12.289007, 55.650921], [12.269331, 55.648741], [12.253139, 55.646933], [12.249672, 55.64654], [12.246622, 55.64618], [12.236913, 55.645088], [12.234252, 55.644817], [12.231772, 55.64463], [12.229108, 55.644521], [12.226056, 55.644529], [12.22262, 55.644691], [12.219875, 55.644943], [12.217657, 55.645235], [12.214316, 55.645782], [12.205881, 55.647225], [12.202055, 55.647883], [12.198798, 55.648498], [12.197182, 55.648765], [12.193747, 55.649331], [12.190414, 55.649795], [12.1877, 55.650055], [12.184424, 55.650239], [12.180769, 55.650262], [12.178026, 55.650162], [12.132279, 55.647914], [12.11978, 55.647289], [12.116789, 55.64705], [12.11409, 55.646705], [12.110786, 55.646133], [12.107629, 55.645422], [12.104213, 55.644438], [12.099522, 55.642813], [12.097118, 55.641957], [12.09522, 55.641267], [12.092565, 55.640256], [12.090109, 55.639347], [12.088784, 55.638867], [12.086511, 55.638062], [12.081839, 55.636462], [12.080838, 55.636056], [12.079405, 55.635408], [12.078494, 55.634946], [12.077599, 55.634474], [12.076749, 55.633974], [12.07593, 55.633464], [12.075141, 55.632926], [12.071609, 55.630632], [12.069608, 55.629235], [12.066463, 55.627219], [12.060685, 55.623426], [12.058286, 55.621993], [12.055426, 55.619952], [12.05345, 55.618446], [12.052086, 55.617239], [12.050981, 55.616107], [12.049895, 55.614813], [12.048475, 55.612681], [12.04757, 55.610843], [12.047035, 55.609472], [12.046441, 55.608165], [12.045927, 55.607476], [12.045321, 55.606826], [12.044605, 55.606197], [12.044081, 55.605796], [12.043212, 55.605233], [12.042598, 55.604889], [12.041607, 55.604401], [12.040917, 55.604104], [12.040181, 55.603825], [12.039041, 55.603458], [12.038246, 55.603244], [12.037438, 55.603057], [12.036197, 55.602818], [12.033497, 55.602616], [12.030771, 55.602674], [12.02168, 55.603402], [11.83, 55.63]]}, "properties": {"shape_id": "2370", "route_id": "11748_2", "route_short_name": "RE", "agency_id": "203"}}, {"type": "Feature", "geometry": {"type": "LineString", "coordinates": [[11.79, 55.22], [11.772119, 55.226967], [11.770244, 55.228502], [11.768625, 55.230094], [11.767327, 55.231328], [11.766942, 55.231678], [11.764546, 55.234106], [11.76334, 55.235536], [11.762349, 55.237131], [11.761683, 55.238639], [11.761235, 55.240339], [11.760796, 55.241724], [11.759312, 55.246882], [11.758619, 55.248678], [11.757344, 55.250729], [11.75423, 55.255528], [11.753469, 55.257271], [11.753099, 55.258979], [11.752756, 55.261072], [11.752175, 55.26291], [11.750552, 55.265841], [11.745524, 55.274432], [11.744413, 55.276363], [11.743545, 55.278378], [11.74305, 55.280798], [11.743006, 55.282444], [11.744516, 55.313209], [11.744575, 55.315194], [11.744344, 55.316871], [11.743797, 55.318538], [11.743209, 55.319836], [11.742542, 55.321137], [11.741471, 55.322752], [11.73959, 55.324961], [11.737678, 55.326739], [11.736152, 55.327932], [11.73448, 55.329067], [11.732343, 55.330319], [11.730531, 55.33125], [11.728575, 55.332165], [11.708465, 55.341351], [11.70553, 55.34271], [11.703193, 55.344065], [11.701473, 55.345443], [11.700431, 55.346599], [11.699513, 55.347931], [11.698341, 55.349719], [11.695731, 55.353337], [11.69559, 55.353583], [11.694858, 55.354884], [11.694137, 55.357049], [11.694064, 55.35945], [11.694615, 55.36129], [11.695623, 55.362886], [11.697249, 55.364522], [11.699544, 55.366233], [11.719966, 55.380712], [11.725043, 55.384284], [11.727355, 55.385743], [11.729987, 55.387275], [11.732345, 55.388724], [11.734277, 55.390173], [11.736059, 55.391742], [11.737251, 55.392983], [11.738411, 55.394458], [11.739512, 55.396213], [11.740676, 55.398426], [11.74443, 55.404967], [11.745344, 55.406519], [11.746473, 55.40822], [11.74882, 55.41152], [11.754276, 55.418409], [11.755385, 55.420029], [11.760967, 55.430026], [11.762295, 55.431839], [11.763797, 55.433198], [11.765489, 55.434337], [11.767178, 55.435198], [11.769745, 55.436183], [11.771037, 55.436567], [11.772372, 55.436887], [11.77375, 55.437153], [11.77514, 55.437364], [11.776096, 55.437468], [11.779543, 55.437686], [11.782992, 55.43794], [11.786405, 55.438132], [11.789228, 55.438248], [11.791778, 55.438307], [11.795207, 55.438498], [11.798266, 55.438608], [11.819051, 55.439596], [11.82172, 55.439777], [11.824957, 55.440152], [11.829783, 55.440849], [11.89307, 55.450165], [11.896449, 55.450732], [11.899611, 55.451349], [11.902717, 55.452076], [11.905638, 55.45287], [11.908553, 55.45378], [11.911102, 55.454672], [11.914281, 55.455945], [11.916981, 55.457166], [11.91869, 55.458025], [11.920929, 55.459212], [11.956749, 55.478228], [11.958695, 55.479269], [11.961336, 55.480715], [11.96375, 55.482302], [11.965922, 55.48402], [11.967864, 55.485843], [11.969285, 55.487481], [11.970321, 55.489254], [11.971017, 55.490927], [11.97158, 55.49272], [11.972042, 55.494651], [11.972523, 55.496617], [11.973261, 55.500743], [11.975191, 55.512258], [11.975878, 55.514632], [11.976895, 55.516774], [11.978219, 55.518783], [11.97968, 55.520491], [11.981117, 55.521894], [11.982892, 55.523362], [11.984883, 55.524751], [11.998772, 55.533582], [12.00099, 55.53502], [12.006153, 55.538273], [12.017918, 55.545742], [12.024279, 55.549703], [12.025129, 55.55023], [12.028189, 55.552492], [12.030284, 55.554373], [12.031863, 55.556123], [12.033121, 55.557845], [12.034196, 55.55985], [12.034889, 55.56164], [12.035279, 55.563401], [12.035466, 55.565204], [12.035477, 55.571515], [12.035515, 55.575919], [12.035647, 55.577417], [12.036098, 55.579554], [12.036705, 55.581463], [12.045242, 55.604581], [12.046441, 55.608165], [12.047035, 55.609472], [12.04757, 55.610843], [12.048475, 55.612681], [12.049895, 55.614813], [12.050981, 55.616107], [12.052086, 55.617239], [12.05345, 55.618446], [12.055426, 55.619952], [12.058286, 55.621993], [12.060685, 55.623426], [12.066463, 55.627219], [12.069608, 55.629235], [12.071609, 55.630632], [12.076332, 55.633724], [12.077599, 55.634474], [12.078942, 55.635186], [12.080361, 55.635843], [12.081332, 55.636268], [12.081839, 55.636462], [12.086511, 55.638062], [12.088784, 55.638867], [12.090109, 55.639347], [12.092565, 55.640256], [12.09522, 55.641267], [12.097118, 55.641957], [12.099522, 55.642813], [12.104213, 55.644438], [12.107629, 55.645422], [12.110786, 55.646133], [12.11409, 55.646705], [12.116789, 55.64705], [12.11978, 55.647289], [12.132279, 55.647914], [12.178026, 55.650162], [12.180769, 55.650262], [12.184424, 55.650239], [12.1877, 55.650055], [12.190414, 55.649795], [12.193747, 55.649331], [12.197182, 55.648765], [12.198798, 55.648498], [12.202055, 55.647883], [12.205881, 55.647225], [12.214316, 55.645782], [12.217657, 55.645235], [12.219875, 55.644943], [12.22262, 55.644691], [12.226056, 55.644529], [12.229108, 55.644521], [12.231772, 55.64463], [12.234252, 55.644817], [12.236913, 55.645088], [12.246622, 55.64618], [12.249672, 55.64654], [12.253139, 55.646933], [12.269331, 55.648741], [12.289007, 55.650921], [12.293057, 55.651433], [12.297069, 55.651873], [12.302941, 55.652488], [12.306946, 55.652839], [12.310185, 55.653165], [12.318404, 55.654076], [12.348456, 55.657395], [12.353164, 55.657958], [12.356998, 55.658339], [12.382722, 55.661183], [12.394431, 55.662505], [12.397902, 55.662913], [12.401645, 55.663339], [12.407614, 55.663929], [12.413572, 55.664581], [12.417258, 55.664901], [12.420455, 55.665082], [12.423801, 55.665141], [12.428235, 55.665098], [12.438323, 55.664951], [12.440677, 55.664947], [12.444821, 55.664858], [12.45437, 55.664724], [12.459058, 55.664673], [12.470809, 55.664449], [12.478799, 55.664321], [12.485647, 55.664226], [12.488518, 55.664144], [12.491492, 55.664131], [12.500991, 55.663986], [12.503462, 55.664042], [12.505741, 55.663913], [12.508128, 55.663917], [12.51132, 55.663862], [12.514372, 55.663837], [12.5191, 55.663702], [12.523119, 55.66364], [12.531457, 55.66349], [12.535312, 55.663379], [12.538161, 55.663225], [12.539469, 55.663088], [12.542094, 55.662734], [12.543011, 55.662671], [12.54363, 55.662662], [12.544668, 55.662704], [12.545711, 55.6628], [12.546711, 55.662951], [12.5477, 55.663165], [12.557815, 55.664365], [12.558218, 55.664425], [12.558608, 55.664512], [12.558984, 55.664627], [12.559329, 55.664752], [12.559909, 55.665005], [12.562396, 55.666291], [12.564634, 55.667457], [12.565021, 55.667689], [12.565379, 55.667948], [12.56569, 55.668218], [12.565939, 55.668507], [12.566157, 55.668807], [12.566328, 55.669108], [12.566499, 55.669588], [12.566543, 55.670072], [12.566491, 55.670551], [12.566311, 55.671023], [12.56592, 55.671619], [12.565448, 55.672199], [12.564894, 55.672755], [12.564471, 55.673001], [12.564082, 55.673273], [12.56358, 55.673701], [12.563177, 55.674172], [12.562952, 55.674493], [12.562775, 55.674822], [12.562662, 55.675158], [12.562582, 55.675502], [12.562566, 55.675673], [12.562567, 55.676033], [12.562595, 55.676347], [12.562686, 55.67665], [12.562887, 55.677102], [12.563088, 55.677393], [12.563321, 55.677674], [12.563616, 55.677945], [12.563926, 55.678205], [12.566925, 55.679862], [12.570342, 55.682425], [12.571245, 55.683073], [12.572231, 55.683772], [12.574645, 55.685275], [12.57656, 55.686559], [12.580036, 55.688535], [12.581921, 55.689478], [12.583845, 55.690501], [12.587131, 55.692482], [12.587571, 55.692766], [12.590621, 55.69461], [12.590967, 55.694905], [12.591423, 55.695369], [12.59166, 55.695694], [12.59185, 55.69603], [12.592057, 55.696546], [12.592153, 55.697074], [12.592138, 55.697605], [12.592059, 55.697958], [12.591365, 55.703229], [12.590943, 55.70522], [12.589962, 55.70755], [12.588928, 55.70964], [12.588619, 55.710098], [12.588263, 55.710549], [12.587653, 55.711197], [12.587197, 55.711606], [12.586692, 55.712007], [12.586154, 55.712391], [12.585566, 55.71275], [12.582177, 55.714351], [12.57822, 55.715851], [12.575577, 55.716728], [12.575317, 55.716853], [12.574557, 55.717244], [12.573879, 55.717668], [12.573461, 55.717977], [12.572917, 55.718469], [12.57247, 55.718986], [12.572105, 55.719527], [12.570873, 55.72173], [12.569237, 55.724754], [12.568321, 55.726939], [12.567583, 55.729145], [12.56708, 55.730967], [12.56625, 55.733922], [12.565434, 55.737552], [12.564643, 55.739193], [12.564248, 55.741147], [12.564302, 55.74209], [12.56482, 55.744098], [12.56567, 55.745548], [12.567289, 55.747389], [12.57126, 55.750726], [12.57245, 55.751878], [12.573972, 55.753174], [12.580106, 55.758867], [12.581757, 55.760527], [12.582927, 55.761806], [12.583876, 55.76328], [12.584408, 55.764559], [12.585208, 55.767017], [12.58589, 55.768364], [12.587045, 55.769823], [12.588944, 55.771737], [12.589596, 55.773453], [12.589222, 55.774768], [12.588666, 55.776007], [12.588068, 55.777481], [12.587275, 55.779608], [12.587298, 55.781774], [12.588084, 55.783379], [12.589112, 55.784662], [12.590132, 55.786035], [12.590763, 55.787518], [12.590899, 55.789339], [12.590398, 55.791008], [12.588369, 55.794449], [12.584315, 55.80105], [12.583269, 55.802339], [12.58188, 55.803558], [12.58041, 55.804761], [12.579062, 55.806247], [12.577547, 55.808522], [12.575843, 55.811188], [12.57478, 55.81317], [12.573836, 55.815409], [12.572991, 55.817862], [12.572249, 55.820221], [12.571867, 55.821977], [12.571611, 55.82354], [12.571366, 55.826442], [12.570379, 55.829087], [12.564908, 55.838256], [12.563221, 55.841119], [12.562761, 55.842382], [12.562623, 55.843663], [12.562552, 55.852135], [12.562379, 55.852868], [12.56204, 55.854398], [12.56117, 55.856078], [12.559681, 55.857793], [12.557848, 55.859249], [12.555275, 55.860663], [12.553212, 55.861532], [12.54926, 55.863076], [12.547361, 55.863994], [12.54553, 55.865305], [12.544186, 55.866702], [12.533773, 55.88003], [12.531933, 55.881962], [12.53156, 55.882252], [12.529708, 55.883699], [12.507031, 55.898131], [12.505001, 55.899753], [12.503533, 55.901396], [12.502654, 55.902832], [12.502429, 55.903531], [12.501878, 55.905228], [12.500754, 55.916194], [12.500223, 55.921846], [12.500273, 55.923643], [12.500726, 55.925644], [12.501359, 55.927155], [12.502371, 55.928789], [12.503332, 55.93003], [12.504879, 55.93173], [12.506406, 55.933377], [12.511498, 55.939202], [12.513114, 55.941125], [12.532111, 55.962709], [12.533126, 55.963813], [12.533589, 55.964321], [12.541757, 55.973707], [12.542743, 55.975189], [12.543306, 55.976441], [12.545201, 55.982249], [12.548519, 55.992547], [12.54927, 55.994783], [12.54979, 55.99573], [12.550193, 55.996455], [12.551275, 55.997755], [12.553099, 55.999276], [12.555595, 56.000759], [12.561433, 56.003351], [12.565714, 56.005223], [12.569288, 56.006738], [12.574222, 56.008205], [12.578878, 56.008573], [12.581543, 56.008927], [12.583812, 56.009338], [12.584595, 56.009477], [12.589309, 56.010463], [12.592279, 56.01133], [12.594296, 56.012314], [12.596063, 56.01371], [12.599617, 56.017913], [12.600908, 56.019539], [12.60174, 56.021232], [12.602036, 56.022509], [12.602646, 56.024578], [12.603972, 56.026571], [12.605953, 56.028356], [12.608296, 56.03023], [12.610852, 56.031638], [12.614122, 56.033629]]}, "properties": {"shape_id": "2374", "route_id": "11748_2", "route_short_name": "RE", "agency_id": "203"}}, {"type": "Feature", "geometry": {"type": "LineString", "coordinates": [[12.186599, 55.457513], [12.187158, 55.459738], [12.187261, 55.460229], [12.187305, 55.460965], [12.187266, 55.461461], [12.187179, 55.461949], [12.187059, 55.462428], [12.186236, 55.464778], [12.183752, 55.471649], [12.183011, 55.473844], [12.182902, 55.474261], [12.182652, 55.474887], [12.182289, 55.47549], [12.181846, 55.476077], [12.181305, 55.47664], [12.180667, 55.477169], [12.179962, 55.477655], [12.176275, 55.479638], [12.17596, 55.479853], [12.174773, 55.480639], [12.174504, 55.480844], [12.174, 55.481271], [12.173528, 55.481697], [12.173089, 55.48214], [12.172824, 55.482389], [12.172708, 55.482518], [12.172476, 55.482785], [12.172276, 55.48306], [12.172111, 55.48337], [12.172044, 55.483524], [12.171927, 55.483833], [12.171892, 55.483996], [12.171229, 55.485784], [12.170592, 55.488111], [12.170504, 55.488581], [12.170475, 55.488815], [12.170466, 55.489292], [12.170504, 55.489768], [12.170589, 55.490233], [12.170656, 55.490474], [12.17082, 55.490937], [12.17103, 55.49139], [12.171878, 55.493463], [12.173214, 55.496485], [12.173905, 55.497789], [12.174851, 55.498915], [12.172743, 55.499887], [12.173575, 55.501753], [12.175371, 55.505573], [12.17671, 55.508235], [12.178043, 55.510224], [12.184833, 55.519937], [12.189842, 55.52681], [12.193331, 55.531727], [12.19674, 55.535045], [12.19889, 55.536733], [12.201827, 55.538733], [12.205124, 55.540472], [12.209208, 55.542532], [12.211374, 55.543815], [12.213771, 55.545397], [12.216937, 55.547849], [12.220645, 55.550926], [12.223323, 55.553409], [12.226584, 55.557971], [12.229512, 55.561957], [12.231142, 55.563641], [12.233907, 55.565815], [12.237689, 55.568593], [12.244842, 55.573357], [12.248332, 55.575458], [12.25406, 55.57928], [12.259592, 55.583602], [12.263079, 55.586017], [12.269339, 55.589905], [12.272843, 55.592518], [12.276417, 55.595398], [12.281743, 55.599652], [12.283152, 55.600747], [12.285384, 55.60218], [12.287077, 55.60324], [12.291806, 55.605658], [12.301476, 55.61054], [12.30937, 55.614499], [12.312119, 55.616196], [12.313519, 55.617165], [12.316405, 55.619542], [12.320607, 55.623771], [12.323377, 55.626645], [12.325071, 55.628253], [12.3275, 55.630093], [12.329648, 55.631626], [12.331084, 55.63263], [12.334149, 55.634471], [12.337315, 55.635994], [12.340635, 55.637468], [12.345088, 55.638983], [12.351123, 55.64041], [12.356682, 55.641282], [12.36325, 55.641687], [12.373892, 55.641952], [12.382046, 55.641925], [12.390735, 55.641298], [12.401242, 55.64], [12.404112, 55.639741], [12.413441, 55.639158], [12.415539, 55.639162], [12.418013, 55.639273], [12.420385, 55.639494], [12.424012, 55.640068], [12.42657, 55.640787], [12.430238, 55.642006], [12.434657, 55.644175], [12.436254, 55.644985], [12.440375, 55.64647], [12.444292, 55.647259], [12.449923, 55.648009], [12.454925, 55.648659], [12.458626, 55.649328], [12.469996, 55.651317], [12.474265, 55.651943], [12.479018, 55.652455], [12.481989, 55.652785], [12.483592, 55.653108], [12.484976, 55.653464], [12.486367, 55.65391], [12.487392, 55.654348], [12.493047, 55.657307], [12.494763, 55.658005], [12.496006, 55.658212], [12.49731, 55.658391], [12.499413, 55.65843], [12.501247, 55.658305], [12.503278, 55.657897], [12.506228, 55.656913], [12.508147, 55.656139], [12.509937, 55.65535], [12.512294, 55.65415], [12.515503, 55.652331], [12.515967, 55.652363], [12.516443, 55.652359], [12.516918, 55.652327], [12.517389, 55.652268], [12.517843, 55.652183], [12.52028, 55.65152], [12.52122, 55.651358], [12.521865, 55.651286], [12.522512, 55.651231], [12.523178, 55.651212], [12.523831, 55.65122], [12.527341, 55.651524], [12.528437, 55.65169], [12.529576, 55.651972], [12.535749, 55.653763], [12.536557, 55.654082], [12.537482, 55.654648], [12.537653, 55.654778], [12.538153, 55.655205], [12.538576, 55.65566], [12.538906, 55.656145], [12.53929, 55.657411], [12.53992, 55.65875], [12.541042, 55.660597], [12.541383, 55.661028], [12.541817, 55.661429], [12.542343, 55.661791], [12.542944, 55.662116], [12.54359, 55.662394], [12.544377, 55.66265], [12.544539, 55.662681], [12.545389, 55.662764], [12.546065, 55.662844], [12.547051, 55.663022], [12.5477, 55.663165], [12.557815, 55.664365], [12.558218, 55.664425], [12.558608, 55.664512], [12.559164, 55.664685], [12.559909, 55.665005], [12.562396, 55.666291], [12.564634, 55.667457], [12.565021, 55.667689], [12.565379, 55.667948], [12.56569, 55.668218], [12.565939, 55.668507], [12.566157, 55.668807], [12.566328, 55.669108], [12.566452, 55.669428], [12.566529, 55.669749], [12.566543, 55.670072], [12.566524, 55.670388], [12.566441, 55.670705], [12.566311, 55.671023], [12.566186, 55.671225], [12.56592, 55.671619], [12.565622, 55.672014], [12.565274, 55.672384], [12.564894, 55.672755]]}, "properties": {"shape_id": "2377", "route_id": "11748_2", "route_short_name": "RE", "agency_id": "203"}}, {"type": "Feature", "geometry": {"type": "LineString", "coordinates": [[12.186599, 55.457513], [12.187158, 55.459738], [12.187261, 55.460229], [12.187305, 55.460965], [12.187266, 55.461461], [12.187179, 55.461949], [12.187059, 55.462428], [12.186236, 55.464778], [12.183752, 55.471649], [12.183011, 55.473844], [12.182902, 55.474261], [12.182652, 55.474887], [12.182289, 55.47549], [12.181846, 55.476077], [12.181305, 55.47664], [12.180667, 55.477169], [12.179962, 55.477655], [12.176275, 55.479638], [12.17596, 55.479853], [12.174773, 55.480639], [12.174504, 55.480844], [12.174, 55.481271], [12.173528, 55.481697], [12.173089, 55.48214], [12.172824, 55.482389], [12.172708, 55.482518], [12.172476, 55.482785], [12.172276, 55.48306], [12.172111, 55.48337], [12.172044, 55.483524], [12.171927, 55.483833], [12.171892, 55.483996], [12.171229, 55.485784], [12.170592, 55.488111], [12.170504, 55.488581], [12.170475, 55.488815], [12.170466, 55.489292], [12.170504, 55.489768], [12.170589, 55.490233], [12.170656, 55.490474], [12.17082, 55.490937], [12.17103, 55.49139], [12.171878, 55.493463], [12.173214, 55.496485], [12.173905, 55.497789], [12.174851, 55.498915], [12.172743, 55.499887], [12.173575, 55.501753], [12.175371, 55.505573], [12.17671, 55.508235], [12.178043, 55.510224], [12.184833, 55.519937], [12.189842, 55.52681], [12.193331, 55.531727], [12.19674, 55.535045], [12.19889, 55.536733], [12.201827, 55.538733], [12.205124, 55.540472], [12.209208, 55.542532], [12.211374, 55.543815], [12.213771, 55.545397], [12.216937, 55.547849], [12.220645, 55.550926], [12.223323, 55.553409], [12.226584, 55.557971], [12.229512, 55.561957], [12.231142, 55.563641], [12.233907, 55.565815], [12.237689, 55.568593], [12.244842, 55.573357], [12.248332, 55.575458], [12.25406, 55.57928], [12.259592, 55.583602], [12.263079, 55.586017], [12.269339, 55.589905], [12.272843, 55.592518], [12.276417, 55.595398], [12.281743, 55.599652], [12.283152, 55.600747], [12.285384, 55.60218], [12.287077, 55.60324], [12.291806, 55.605658], [12.301476, 55.61054], [12.30937, 55.614499], [12.312119, 55.616196], [12.313519, 55.617165], [12.316405, 55.619542], [12.320607, 55.623771], [12.323377, 55.626645], [12.325071, 55.628253], [12.3275, 55.630093], [12.329648, 55.631626], [12.331084, 55.63263], [12.334149, 55.634471], [12.337315, 55.635994], [12.340635, 55.637468], [12.345088, 55.638983], [12.351123, 55.64041], [12.356682, 55.641282], [12.36325, 55.641687], [12.373892, 55.641952], [12.382046, 55.641925], [12.390735, 55.641298], [12.401242, 55.64], [12.404112, 55.639741], [12.413441, 55.639158], [12.415539, 55.639162], [12.418013, 55.639273], [12.420385, 55.639494], [12.424012, 55.640068], [12.42657, 55.640787], [12.430238, 55.642006], [12.434657, 55.644175], [12.436254, 55.644985], [12.440375, 55.64647], [12.444292, 55.647259], [12.449923, 55.648009], [12.454925, 55.648659], [12.458626, 55.649328], [12.469996, 55.651317], [12.474265, 55.651943], [12.479018, 55.652455], [12.481989, 55.652785], [12.483592, 55.653108], [12.484976, 55.653464], [12.486367, 55.65391], [12.487392, 55.654348], [12.493047, 55.657307], [12.494763, 55.658005], [12.496006, 55.658212], [12.49731, 55.658391], [12.499413, 55.65843], [12.501247, 55.658305], [12.503278, 55.657897], [12.506228, 55.656913], [12.508147, 55.656139], [12.509937, 55.65535], [12.512294, 55.65415], [12.515503, 55.652331], [12.515967, 55.652363], [12.516443, 55.652359], [12.516918, 55.652327], [12.517389, 55.652268], [12.517843, 55.652183], [12.52028, 55.65152], [12.52122, 55.651358], [12.521865, 55.651286], [12.522512, 55.651231], [12.523178, 55.651212], [12.523831, 55.65122], [12.527341, 55.651524], [12.528437, 55.65169], [12.529576, 55.651972], [12.535749, 55.653763], [12.536557, 55.654082], [12.537482, 55.654648], [12.537653, 55.654778], [12.538153, 55.655205], [12.538576, 55.65566], [12.538906, 55.656145], [12.53929, 55.657411], [12.53992, 55.65875], [12.541042, 55.660597], [12.541383, 55.661028], [12.541817, 55.661429], [12.542343, 55.661791], [12.542944, 55.662116], [12.54359, 55.662394], [12.544377, 55.66265], [12.544539, 55.662681], [12.545389, 55.662764], [12.546065, 55.662844], [12.547051, 55.663022], [12.5477, 55.663165], [12.557815, 55.664365], [12.558218, 55.664425], [12.558608, 55.664512], [12.559164, 55.664685], [12.559909, 55.665005], [12.562396, 55.666291], [12.564634, 55.667457], [12.565021, 55.667689], [12.565379, 55.667948], [12.56569, 55.668218], [12.565939, 55.668507], [12.566157, 55.668807], [12.566328, 55.669108], [12.566452, 55.669428], [12.566529, 55.669749], [12.566543, 55.670072], [12.566524, 55.670388], [12.566441, 55.670705], [12.566311, 55.671023], [12.566186, 55.671225], [12.56592, 55.671619], [12.565622, 55.672014], [12.565274, 55.672384], [12.564894, 55.672755], [12.564471, 55.673001], [12.564082, 55.673273], [12.56358, 55.673701], [12.563177, 55.674172], [12.562952, 55.674493], [12.562775, 55.674822], [12.562662, 55.675158], [12.562582, 55.675502], [12.562566, 55.675673], [12.562567, 55.676033], [12.562595, 55.676347], [12.562686, 55.67665], [12.562887, 55.677102], [12.563088, 55.677393], [12.563321, 55.677674], [12.563616, 55.677945], [12.563926, 55.678205], [12.566925, 55.679862], [12.570342, 55.682425], [12.571245, 55.683073], [12.572231, 55.683772], [12.574645, 55.685275], [12.57656, 55.686559], [12.580036, 55.688535], [12.581921, 55.689478], [12.583845, 55.690501], [12.587131, 55.692482], [12.587571, 55.692766]]}, "properties": {"shape_id": "2378", "route_id": "11748_2", "route_short_name": "RE", "agency_id": "203"}}, {"type": "Feature", "geometry": {"type": "LineString", "coordinates": [[12.564894, 55.672755], [12.565274, 55.672384], [12.565622, 55.672014], [12.56592, 55.671619], [12.566186, 55.671225], [12.566311, 55.671023], [12.566441, 55.670705], [12.566524, 55.670388], [12.566543, 55.670072], [12.566529, 55.669749], [12.566452, 55.669428], [12.566328, 55.669108], [12.566157, 55.668807], [12.565939, 55.668507], [12.56569, 55.668218], [12.565379, 55.667948], [12.565021, 55.667689], [12.564634, 55.667457], [12.562396, 55.666291], [12.559909, 55.665005], [12.559164, 55.664685], [12.558608, 55.664512], [12.558218, 55.664425], [12.557815, 55.664365], [12.5477, 55.663165], [12.547051, 55.663022], [12.546065, 55.662844], [12.545389, 55.662764], [12.544539, 55.662681], [12.544377, 55.66265], [12.54359, 55.662394], [12.542944, 55.662116], [12.542343, 55.661791], [12.541817, 55.661429], [12.541383, 55.661028], [12.541042, 55.660597], [12.53992, 55.65875], [12.53929, 55.657411], [12.538906, 55.656145], [12.538576, 55.65566], [12.538153, 55.655205], [12.537653, 55.654778], [12.537482, 55.654648], [12.536557, 55.654082], [12.535749, 55.653763], [12.529576, 55.651972], [12.528437, 55.65169], [12.527341, 55.651524], [12.523831, 55.65122], [12.523178, 55.651212], [12.522512, 55.651231], [12.521865, 55.651286], [12.52122, 55.651358], [12.52028, 55.65152], [12.517843, 55.652183], [12.517389, 55.652268], [12.516918, 55.652327], [12.516443, 55.652359], [12.515967, 55.652363], [12.515503, 55.652331], [12.513475, 55.653487], [12.511108, 55.65475], [12.508895, 55.655794], [12.506228, 55.656913], [12.503278, 55.657897], [12.501247, 55.658305], [12.499413, 55.65843], [12.49731, 55.658391], [12.496006, 55.658212], [12.494763, 55.658005], [12.493047, 55.657307], [12.487392, 55.654348], [12.486367, 55.65391], [12.484976, 55.653464], [12.483592, 55.653108], [12.481989, 55.652785], [12.479018, 55.652455], [12.474265, 55.651943], [12.469996, 55.651317], [12.458626, 55.649328], [12.454925, 55.648659], [12.449923, 55.648009], [12.444292, 55.647259], [12.440375, 55.64647], [12.436254, 55.644985], [12.434657, 55.644175], [12.430238, 55.642006], [12.42657, 55.640787], [12.424012, 55.640068], [12.420385, 55.639494], [12.418013, 55.639273], [12.415539, 55.639162], [12.413441, 55.639158], [12.404112, 55.639741], [12.401242, 55.64], [12.390735, 55.641298], [12.382046, 55.641925], [12.373892, 55.641952], [12.36325, 55.641687], [12.356682, 55.641282], [12.351123, 55.64041], [12.345088, 55.638983], [12.340635, 55.637468], [12.337315, 55.635994], [12.334149, 55.634471], [12.331084, 55.63263], [12.329648, 55.631626], [12.3275, 55.630093], [12.325071, 55.628253], [12.323377, 55.626645], [12.320607, 55.623771], [12.316405, 55.619542], [12.313519, 55.617165], [12.312119, 55.616196], [12.30937, 55.614499], [12.301476, 55.61054], [12.291806, 55.605658], [12.287077, 55.60324], [12.285384, 55.60218], [12.283152, 55.600747], [12.281743, 55.599652], [12.276417, 55.595398], [12.272843, 55.592518], [12.269339, 55.589905], [12.263079, 55.586017], [12.259592, 55.583602], [12.25406, 55.57928], [12.248332, 55.575458], [12.244842, 55.573357], [12.237689, 55.568593], [12.233907, 55.565815], [12.231142, 55.563641], [12.229512, 55.561957], [12.226584, 55.557971], [12.223323, 55.553409], [12.220645, 55.550926], [12.216937, 55.547849], [12.213771, 55.545397], [12.211374, 55.543815], [12.209208, 55.542532], [12.205124, 55.540472], [12.201827, 55.538733], [12.19889, 55.536733], [12.19674, 55.535045], [12.193331, 55.531727], [12.189842, 55.52681], [12.184833, 55.519937], [12.178043, 55.510224], [12.17671, 55.508235], [12.175371, 55.505573], [12.173575, 55.501753], [12.172743, 55.499887], [12.174851, 55.498915], [12.173905, 55.497789], [12.173214, 55.496485], [12.171878, 55.493463], [12.17103, 55.49139], [12.17082, 55.490937], [12.170656, 55.490474], [12.170589, 55.490233], [12.170504, 55.489768], [12.170466, 55.489292], [12.170475, 55.488815], [12.170504, 55.488581], [12.170592, 55.488111], [12.171229, 55.485784], [12.171892, 55.483996], [12.171927, 55.483833], [12.172044, 55.483524], [12.172111, 55.48337], [12.172276, 55.48306], [12.172476, 55.482785], [12.172708, 55.482518], [12.172824, 55.482389], [12.173089, 55.48214], [12.173528, 55.481697], [12.174, 55.481271], [12.174504, 55.480844], [12.174773, 55.480639], [12.17596, 55.479853], [12.176275, 55.479638], [12.179962, 55.477655], [12.180667, 55.477169], [12.181305, 55.47664], [12.181846, 55.476077], [12.182289, 55.47549], [12.182652, 55.474887], [12.182902, 55.474261], [12.183011, 55.473844], [12.183752, 55.471649], [12.186236, 55.464778], [12.187059, 55.462428], [12.187179, 55.461949], [12.187266, 55.461461], [12.187305, 55.460965], [12.187261, 55.460229], [12.187158, 55.459738], [12.186599, 55.457513]]}, "properties": {"shape_id": "2406", "route_id": "11748_2", "route_short_name": "RE", "agency_id": "203"}}, {"type": "Feature", "geometry": {"type": "LineString", "coordinates": [[11.65, 55.44], [11.62, 55.43]]}, "properties": {"shape_id": "5805", "route_id": "21348_2", "route_short_name": "030", "agency_id": "471"}}, {"type": "Feature", "geometry": {"type": "LineString", "coordinates": [[11.62, 55.43], [11.65, 55.44]]}, "properties": {"shape_id": "5808", "route_id": "21348_2", "route_short_name": "030", "agency_id": "471"}}, {"type": "Feature", "geometry": {"type": "LineString", "coordinates": [[12.564894, 55.672755], [12.564471, 55.673001], [12.564082, 55.673273], [12.56358, 55.673701], [12.563177, 55.674172], [12.562952, 55.674493], [12.562775, 55.674822], [12.562662, 55.675158], [12.562582, 55.675502], [12.562566, 55.675673], [12.562567, 55.676033], [12.562595, 55.676347], [12.562686, 55.67665], [12.562887, 55.677102], [12.563088, 55.677393], [12.563321, 55.677674], [12.563616, 55.677945], [12.563926, 55.678205], [12.566925, 55.679862], [12.570342, 55.682425], [12.571245, 55.683073], [12.572231, 55.683772], [12.574645, 55.685275], [12.57656, 55.686559], [12.580036, 55.688535], [12.581921, 55.689478], [12.583845, 55.690501], [12.587131, 55.692482], [12.587571, 55.692766], [12.590621, 55.69461], [12.590967, 55.694905], [12.591423, 55.695369], [12.59166, 55.695694], [12.59185, 55.69603], [12.592057, 55.696546], [12.592153, 55.697074], [12.592138, 55.697605], [12.592059, 55.697958], [12.591365, 55.703229], [12.590943, 55.70522], [12.589962, 55.70755], [12.588928, 55.70964], [12.588619, 55.710098], [12.588263, 55.710549], [12.587653, 55.711197], [12.587197, 55.711606], [12.586692, 55.712007], [12.586154, 55.712391], [12.585566, 55.71275], [12.582177, 55.714351], [12.57822, 55.715851], [12.575577, 55.716728], [12.575317, 55.716853], [12.574557, 55.717244], [12.573879, 55.717668], [12.573461, 55.717977], [12.572917, 55.718469], [12.57247, 55.718986], [12.572105, 55.719527], [12.570873, 55.72173], [12.569237, 55.724754], [12.568321, 55.726939], [12.567583, 55.729145], [12.56708, 55.730967], [12.56625, 55.733922], [12.565434, 55.737552], [12.564643, 55.739193], [12.564248, 55.741147], [12.564302, 55.74209], [12.56482, 55.744098], [12.56567, 55.745548], [12.567289, 55.747389], [12.57126, 55.750726], [12.57245, 55.751878], [12.573972, 55.753174], [12.580106, 55.758867], [12.581757, 55.760527], [12.582927, 55.761806], [12.583876, 55.76328], [12.584408, 55.764559], [12.585208, 55.767017], [12.58589, 55.768364], [12.587045, 55.769823], [12.588944, 55.771737], [12.589596, 55.773453], [12.589222, 55.774768], [12.588666, 55.776007], [12.588068, 55.777481], [12.587275, 55.779608], [12.587298, 55.781774], [12.588084, 55.783379], [12.589112, 55.784662], [12.590132, 55.786035], [12.590763, 55.787518], [12.590899, 55.789339], [12.590398, 55.791008], [12.588369, 55.794449], [12.584315, 55.80105], [12.583269, 55.802339], [12.58188, 55.803558], [12.58041, 55.804761], [12.579062, 55.806247], [12.577547, 55.808522], [12.575843, 55.811188], [12.57478, 55.81317], [12.573836, 55.815409], [12.572991, 55.817862], [12.572249, 55.820221], [12.571867, 55.821977], [12.571611, 55.82354], [12.571366, 55.826442], [12.570379, 55.829087], [12.564908, 55.838256], [12.563221, 55.841119], [12.562761, 55.842382], [12.562623, 55.843663], [12.562552, 55.852135], [12.562379, 55.852868], [12.56204, 55.854398], [12.56117, 55.856078], [12.559681, 55.857793], [12.557848, 55.859249], [12.555275, 55.860663], [12.553212, 55.861532], [12.54926, 55.863076], [12.547361, 55.863994], [12.54553, 55.865305], [12.544186, 55.866702], [12.533773, 55.88003], [12.531933, 55.881962], [12.53156, 55.882252], [12.529708, 55.883699], [12.507031, 55.898131], [12.505001, 55.899753], [12.503533, 55.901396], [12.502654, 55.902832], [12.502429, 55.903531], [12.501878, 55.905228], [12.500754, 55.916194], [12.500223, 55.921846], [12.500273, 55.923643], [12.500726, 55.925644], [12.501359, 55.927155], [12.502371, 55.928789], [12.503332, 55.93003], [12.504879, 55.93173], [12.506406, 55.933377], [12.511498, 55.939202], [12.513114, 55.941125], [12.532111, 55.962709], [12.533126, 55.963813], [12.533589, 55.964321], [12.541757, 55.973707], [12.542743, 55.975189], [12.543306, 55.976441], [12.545201, 55.982249], [12.548519, 55.992547], [12.54927, 55.994783], [12.54979, 55.99573], [12.550193, 55.996455], [12.551275, 55.997755], [12.553099, 55.999276], [12.555595, 56.000759], [12.561433, 56.003351], [12.565714, 56.005223], [12.569288, 56.006738], [12.574222, 56.008205], [12.578878, 56.008573], [12.581543, 56.008927], [12.583812, 56.009338], [12.584595, 56.009477], [12.589309, 56.010463], [12.592279, 56.01133], [12.594296, 56.012314], [12.596063, 56.01371], [12.599617, 56.017913], [12.600908, 56.019539], [12.60174, 56.021232], [12.602036, 56.022509], [12.602646, 56.024578], [12.603972, 56.026571], [12.605953, 56.028356], [12.608296, 56.03023], [12.610852, 56.031638], [12.614122, 56.033629]]}, "properties": {"shape_id": "2350", "route_id": "21848_2", "route_short_name": "RE", "agency_id": "203"}}, {"type": "Feature", "geometry": {"type": "LineString", "coordinates": [[12.564894, 55.672755], [12.565448, 55.672199], [12.56592, 55.671619], [12.566311, 55.671023], [12.566441, 55.670705], [12.566541, 55.670225], [12.566529, 55.669749], [12.566406, 55.669267], [12.566157, 55.668807], [12.565939, 55.668507], [12.56569, 55.668218], [12.565208, 55.667818], [12.564835, 55.667568], [12.562396, 55.666291], [12.559909, 55.665005], [12.559329, 55.664752], [12.558984, 55.664627], [12.558608, 55.664512], [12.558024, 55.664394], [12.5477, 55.663165], [12.547051, 55.663022], [12.546065, 55.662844], [12.545389, 55.662764], [12.544539, 55.662681], [12.544377, 55.66265], [12.543836, 55.662477], [12.543144, 55.662209], [12.542544, 55.661902], [12.541988, 55.661559], [12.541662, 55.661298], [12.541383, 55.661028], [12.541042, 55.660597], [12.53992, 55.65875], [12.53929, 55.657411], [12.538924, 55.655461], [12.538917, 55.655209], [12.538935, 55.654705], [12.539001, 55.654209], [12.539205, 55.653466], [12.539792, 55.652046], [12.54145, 55.648923], [12.5425, 55.646995], [12.543439, 55.645602], [12.54488, 55.64413], [12.5469, 55.642381], [12.54818, 55.641238], [12.549783, 55.639978], [12.554036, 55.636393], [12.555428, 55.635264], [12.557569, 55.633809], [12.559581, 55.63268], [12.561733, 55.631701], [12.563977, 55.630862], [12.566871, 55.629995], [12.569784, 55.629344], [12.572525, 55.628905], [12.575612, 55.628599], [12.57878, 55.628479], [12.582231, 55.628333], [12.585733, 55.628393], [12.589527, 55.628687], [12.593769, 55.629192], [12.596495, 55.629453], [12.600027, 55.629664], [12.602097, 55.629711], [12.62249, 55.630243], [12.632811, 55.630639], [12.63534, 55.630663], [12.639121, 55.63047], [12.641718, 55.630195], [12.645256, 55.629784], [12.648971, 55.629565], [12.649338, 55.629581], [12.649344, 55.629581], [12.649338, 55.629581], [12.65171, 55.629628], [12.655715, 55.6303], [12.65897, 55.631461], [12.661693, 55.632198], [12.665118, 55.632617], [12.667683, 55.632675], [12.670417, 55.632504], [12.673518, 55.632015], [12.676787, 55.631108], [12.680068, 55.629822], [12.739214, 55.605676], [12.88, 55.56]]}, "properties": {"shape_id": "10", "route_id": "25657_2", "route_short_name": "802", "agency_id": "401"}}, {"type": "Feature", "geometry": {"type": "LineString", "coordinates": [[12.587571, 55.692766], [12.587131, 55.692482], [12.583845, 55.690501], [12.581921, 55.689478], [12.580036, 55.688535], [12.57656, 55.686559], [12.574645, 55.685275], [12.572231, 55.683772], [12.571245, 55.683073], [12.570342, 55.682425], [12.566925, 55.679862], [12.563926, 55.678205], [12.563616, 55.677945], [12.563321, 55.677674], [12.563088, 55.677393], [12.562887, 55.677102], [12.562686, 55.67665], [12.562595, 55.676347], [12.562567, 55.676033], [12.562566, 55.675673], [12.562582, 55.675502], [12.562662, 55.675158], [12.562775, 55.674822], [12.562952, 55.674493], [12.563177, 55.674172], [12.56358, 55.673701], [12.564082, 55.673273], [12.564471, 55.673001], [12.564894, 55.672755], [12.565448, 55.672199], [12.56592, 55.671619], [12.566311, 55.671023], [12.566441, 55.670705], [12.566541, 55.670225], [12.566529, 55.669749], [12.566406, 55.669267], [12.566157, 55.668807], [12.565939, 55.668507], [12.56569, 55.668218], [12.565208, 55.667818], [12.564835, 55.667568], [12.562396, 55.666291], [12.559909, 55.665005], [12.559329, 55.664752], [12.558984, 55.664627], [12.558608, 55.664512], [12.558024, 55.664394], [12.5477, 55.663165], [12.547051, 55.663022], [12.546065, 55.662844], [12.545389, 55.662764], [12.544539, 55.662681], [12.544377, 55.66265], [12.543836, 55.662477], [12.543144, 55.662209], [12.542544, 55.661902], [12.541988, 55.661559], [12.541662, 55.661298], [12.541383, 55.661028], [12.541042, 55.660597], [12.53992, 55.65875], [12.53929, 55.657411], [12.538924, 55.655461], [12.538917, 55.655209], [12.538935, 55.654705], [12.539001, 55.654209], [12.539205, 55.653466], [12.539792, 55.652046], [12.54145, 55.648923], [12.5425, 55.646995], [12.543439, 55.645602], [12.54488, 55.64413], [12.5469, 55.642381], [12.54818, 55.641238], [12.549783, 55.639978], [12.554036, 55.636393], [12.555428, 55.635264], [12.557569, 55.633809], [12.559581, 55.63268], [12.561733, 55.631701], [12.563977, 55.630862], [12.566871, 55.629995], [12.569784, 55.629344], [12.572525, 55.628905], [12.575612, 55.628599], [12.57878, 55.628479], [12.582231, 55.628333], [12.585733, 55.628393], [12.589527, 55.628687], [12.593769, 55.629192], [12.596495, 55.629453], [12.600027, 55.629664], [12.602097, 55.629711], [12.62249, 55.630243], [12.632811, 55.630639], [12.63534, 55.630663], [12.639121, 55.63047], [12.641718, 55.630195], [12.645256, 55.629784], [12.648971, 55.629565], [12.649338, 55.629581], [12.649344, 55.629581], [12.649338, 55.629581], [12.65171, 55.629628], [12.655715, 55.6303], [12.65897, 55.631461], [12.661693, 55.632198], [12.665118, 55.632617], [12.667683, 55.632675], [12.670417, 55.632504], [12.673518, 55.632015], [12.676787, 55.631108], [12.680068, 55.629822], [12.739214, 55.605676], [12.88, 55.56]]}, "properties": {"shape_id": "13", "route_id": "25657_2", "route_short_name": "802", "agency_id": "401"}}, {"type": "Feature", "geometry": {"type": "LineString", "coordinates": [[12.587571, 55.692766], [12.587131, 55.692482], [12.583845, 55.690501], [12.581921, 55.689478], [12.580036, 55.688535], [12.57656, 55.686559], [12.574645, 55.685275], [12.572231, 55.683772], [12.571245, 55.683073], [12.570342, 55.682425], [12.566925, 55.679862], [12.563926, 55.678205], [12.563616, 55.677945], [12.563321, 55.677674], [12.563088, 55.677393], [12.562887, 55.677102], [12.562686, 55.67665], [12.562595, 55.676347], [12.562567, 55.676033], [12.562566, 55.675673], [12.562582, 55.675502], [12.562662, 55.675158], [12.562775, 55.674822], [12.562952, 55.674493], [12.563177, 55.674172], [12.56358, 55.673701], [12.564082, 55.673273], [12.564471, 55.673001], [12.564894, 55.672755], [12.565448, 55.672199], [12.56592, 55.671619], [12.566311, 55.671023], [12.566441, 55.670705], [12.566541, 55.670225], [12.566529, 55.669749], [12.566406, 55.669267], [12.566157, 55.668807], [12.565939, 55.668507], [12.56569, 55.668218], [12.565208, 55.667818], [12.564835, 55.667568], [12.562396, 55.666291], [12.559909, 55.665005], [12.559329, 55.664752], [12.558984, 55.664627], [12.558608, 55.664512], [12.558024, 55.664394], [12.5477, 55.663165], [12.547051, 55.663022], [12.546065, 55.662844], [12.545389, 55.662764], [12.544539, 55.662681], [12.544377, 55.66265], [12.543836, 55.662477], [12.543144, 55.662209], [12.542544, 55.661902], [12.541988, 55.661559], [12.541662, 55.661298], [12.541383, 55.661028], [12.541042, 55.660597], [12.53992, 55.65875], [12.53929, 55.657411], [12.538924, 55.655461], [12.538917, 55.655209], [12.538935, 55.654705], [12.539001, 55.654209], [12.539205, 55.653466], [12.539792, 55.652046], [12.54145, 55.648923], [12.5425, 55.646995], [12.543439, 55.645602], [12.54488, 55.64413], [12.5469, 55.642381], [12.54818, 55.641238], [12.549783, 55.639978], [12.554036, 55.636393], [12.555428, 55.635264], [12.557569, 55.633809], [12.559581, 55.63268], [12.561733, 55.631701], [12.563977, 55.630862], [12.566871, 55.629995], [12.569784, 55.629344], [12.572525, 55.628905], [12.575612, 55.628599], [12.57878, 55.628479], [12.582231, 55.628333], [12.585733, 55.628393], [12.589527, 55.628687], [12.593769, 55.629192], [12.596495, 55.629453], [12.600027, 55.629664], [12.602097, 55.629711], [12.62249, 55.630243], [12.632811, 55.630639], [12.63534, 55.630663], [12.639121, 55.63047], [12.641718, 55.630195], [12.645256, 55.629784], [12.648971, 55.629565], [12.649338, 55.629581], [12.649344, 55.629581], [12.649338, 55.629581], [12.65171, 55.629628], [12.655715, 55.6303], [12.65897, 55.631461], [12.661693, 55.632198], [12.665118, 55.632617], [12.667683, 55.632675], [12.670417, 55.632504], [12.673518, 55.632015], [12.676787, 55.631108], [12.680068, 55.629822], [12.739214, 55.605676], [12.88, 55.56]]}, "properties": {"shape_id": "16", "route_id": "25657_2", "route_short_name": "802", "agency_id": "401"}}, {"type": "Feature", "geometry": {"type": "LineString", "coordinates": [[12.88, 55.56], [12.739214, 55.605676], [12.680068, 55.629822], [12.676787, 55.631108], [12.673518, 55.632015], [12.670417, 55.632504], [12.667683, 55.632675], [12.665118, 55.632617], [12.661693, 55.632198], [12.65897, 55.631461], [12.655715, 55.6303], [12.65171, 55.629628], [12.649338, 55.629581], [12.649344, 55.629581], [12.649338, 55.629581], [12.648971, 55.629565], [12.645256, 55.629784], [12.641718, 55.630195], [12.639121, 55.63047], [12.63534, 55.630663], [12.632811, 55.630639], [12.62249, 55.630243], [12.602097, 55.629711], [12.600027, 55.629664], [12.596495, 55.629453], [12.593769, 55.629192], [12.589527, 55.628687], [12.585733, 55.628393], [12.582231, 55.628333], [12.57878, 55.628479], [12.575612, 55.628599], [12.572525, 55.628905], [12.569784, 55.629344], [12.566871, 55.629995], [12.563977, 55.630862], [12.561733, 55.631701], [12.559581, 55.63268], [12.557569, 55.633809], [12.555428, 55.635264], [12.554036, 55.636393], [12.549783, 55.639978], [12.54818, 55.641238], [12.5469, 55.642381], [12.54488, 55.64413], [12.543439, 55.645602], [12.5425, 55.646995], [12.54145, 55.648923], [12.539792, 55.652046], [12.539205, 55.653466], [12.539001, 55.654209], [12.538935, 55.654705], [12.538917, 55.655209], [12.538924, 55.655461], [12.53929, 55.657411], [12.53992, 55.65875], [12.541042, 55.660597], [12.541383, 55.661028], [12.541662, 55.661298], [12.541988, 55.661559], [12.542544, 55.661902], [12.543144, 55.662209], [12.543836, 55.662477], [12.544377, 55.66265], [12.544539, 55.662681], [12.545389, 55.662764], [12.546065, 55.662844], [12.547051, 55.663022], [12.5477, 55.663165], [12.558024, 55.664394], [12.558608, 55.664512], [12.558984, 55.664627], [12.559329, 55.664752], [12.559909, 55.665005], [12.562396, 55.666291], [12.564835, 55.667568], [12.565208, 55.667818], [12.56569, 55.668218], [12.565939, 55.668507], [12.566157, 55.668807], [12.566406, 55.669267], [12.566529, 55.669749], [12.566541, 55.670225], [12.566441, 55.670705], [12.566311, 55.671023], [12.56592, 55.671619], [12.565448, 55.672199], [12.564894, 55.672755], [12.564471, 55.673001], [12.564082, 55.673273], [12.56358, 55.673701], [12.563177, 55.674172], [12.562952, 55.674493], [12.562775, 55.674822], [12.562662, 55.675158], [12.562582, 55.675502], [12.562566, 55.675673], [12.562567, 55.676033], [12.562595, 55.676347], [12.562686, 55.67665], [12.562887, 55.677102], [12.563088, 55.677393], [12.563321, 55.677674], [12.563616, 55.677945], [12.563926, 55.678205], [12.566925, 55.679862], [12.570342, 55.682425], [12.571245, 55.683073], [12.572231, 55.683772], [12.574645, 55.685275], [12.57656, 55.686559], [12.580036, 55.688535], [12.581921, 55.689478], [12.583845, 55.690501], [12.587131, 55.692482], [12.587571, 55.692766]]}, "properties": {"shape_id": "21", "route_id": "25657_2", "route_short_name": "802", "agency_id": "401"}}, {"type": "Feature", "geometry": {"type": "LineString", "coordinates": [[12.88, 55.56], [12.739214, 55.605676], [12.680068, 55.629822], [12.676787, 55.631108], [12.673518, 55.632015], [12.670417, 55.632504], [12.667683, 55.632675], [12.665118, 55.632617], [12.661693, 55.632198], [12.65897, 55.631461], [12.655715, 55.6303], [12.65171, 55.629628], [12.649338, 55.629581], [12.649344, 55.629581], [12.649338, 55.629581], [12.648971, 55.629565], [12.645256, 55.629784], [12.641718, 55.630195], [12.639121, 55.63047], [12.63534, 55.630663], [12.632811, 55.630639], [12.62249, 55.630243], [12.602097, 55.629711], [12.600027, 55.629664], [12.596495, 55.629453], [12.593769, 55.629192], [12.589527, 55.628687], [12.585733, 55.628393], [12.582231, 55.628333], [12.57878, 55.628479], [12.575612, 55.628599], [12.572525, 55.628905], [12.569784, 55.629344], [12.566871, 55.629995], [12.563977, 55.630862], [12.561733, 55.631701], [12.559581, 55.63268], [12.557569, 55.633809], [12.555428, 55.635264], [12.554036, 55.636393], [12.549783, 55.639978], [12.54818, 55.641238], [12.5469, 55.642381], [12.54488, 55.64413], [12.543439, 55.645602], [12.5425, 55.646995], [12.54145, 55.648923], [12.539792, 55.652046], [12.539205, 55.653466], [12.539001, 55.654209], [12.538935, 55.654705], [12.538917, 55.655209], [12.538924, 55.655461], [12.53929, 55.657411], [12.53992, 55.65875], [12.541042, 55.660597], [12.541383, 55.661028], [12.541662, 55.661298], [12.541988, 55.661559], [12.542544, 55.661902], [12.543144, 55.662209], [12.543836, 55.662477], [12.544377, 55.66265], [12.544539, 55.662681], [12.545389, 55.662764], [12.546065, 55.662844], [12.547051, 55.663022], [12.5477, 55.663165], [12.558024, 55.664394], [12.558608, 55.664512], [12.558984, 55.664627], [12.559329, 55.664752], [12.559909, 55.665005], [12.562396, 55.666291], [12.564835, 55.667568], [12.565208, 55.667818], [12.56569, 55.668218], [12.565939, 55.668507], [12.566157, 55.668807], [12.566406, 55.669267], [12.566529, 55.669749], [12.566541, 55.670225], [12.566441, 55.670705], [12.566311, 55.671023], [12.56592, 55.671619], [12.565448, 55.672199], [12.564894, 55.672755], [12.564471, 55.673001], [12.564082, 55.673273], [12.56358, 55.673701], [12.563177, 55.674172], [12.562952, 55.674493], [12.562775, 55.674822], [12.562662, 55.675158], [12.562582, 55.675502], [12.562566, 55.675673], [12.562567, 55.676033], [12.562595, 55.676347], [12.562686, 55.67665], [12.562887, 55.677102], [12.563088, 55.677393], [12.563321, 55.677674], [12.563616, 55.677945], [12.563926, 55.678205], [12.566925, 55.679862], [12.570342, 55.682425], [12.571245, 55.683073], [12.572231, 55.683772], [12.574645, 55.685275], [12.57656, 55.686559], [12.580036, 55.688535], [12.581921, 55.689478], [12.583845, 55.690501], [12.587131, 55.692482], [12.587571, 55.692766]]}, "properties": {"shape_id": "22", "route_id": "25657_2", "route_short_name": "802", "agency_id": "401"}}, {"type": "Feature", "geometry": {"type": "LineString", "coordinates": [[12.88, 55.56], [12.739214, 55.605676], [12.680068, 55.629822], [12.676787, 55.631108], [12.673518, 55.632015], [12.670417, 55.632504], [12.667683, 55.632675], [12.665118, 55.632617], [12.661693, 55.632198], [12.65897, 55.631461], [12.655715, 55.6303], [12.65171, 55.629628], [12.649338, 55.629581], [12.649344, 55.629581], [12.649338, 55.629581], [12.648971, 55.629565], [12.645256, 55.629784], [12.641718, 55.630195], [12.639121, 55.63047], [12.63534, 55.630663], [12.632811, 55.630639], [12.62249, 55.630243], [12.602097, 55.629711], [12.600027, 55.629664], [12.596495, 55.629453], [12.593769, 55.629192], [12.589527, 55.628687], [12.585733, 55.628393], [12.582231, 55.628333], [12.57878, 55.628479], [12.575612, 55.628599], [12.572525, 55.628905], [12.569784, 55.629344], [12.566871, 55.629995], [12.563977, 55.630862], [12.561733, 55.631701], [12.559581, 55.63268], [12.557569, 55.633809], [12.555428, 55.635264], [12.554036, 55.636393], [12.549783, 55.639978], [12.54818, 55.641238], [12.5469, 55.642381], [12.54488, 55.64413], [12.543439, 55.645602], [12.5425, 55.646995], [12.54145, 55.648923], [12.539792, 55.652046], [12.539205, 55.653466], [12.539001, 55.654209], [12.538935, 55.654705], [12.538917, 55.655209], [12.538924, 55.655461], [12.53929, 55.657411], [12.53992, 55.65875], [12.541042, 55.660597], [12.541383, 55.661028], [12.541662, 55.661298], [12.541988, 55.661559], [12.542544, 55.661902], [12.543144, 55.662209], [12.543836, 55.662477], [12.544377, 55.66265], [12.544539, 55.662681], [12.545389, 55.662764], [12.546065, 55.662844], [12.547051, 55.663022], [12.5477, 55.663165], [12.558024, 55.664394], [12.558608, 55.664512], [12.558984, 55.664627], [12.559329, 55.664752], [12.559909, 55.665005], [12.562396, 55.666291], [12.564835, 55.667568], [12.565208, 55.667818], [12.56569, 55.668218], [12.565939, 55.668507], [12.566157, 55.668807], [12.566406, 55.669267], [12.566529, 55.669749], [12.566541, 55.670225], [12.566441, 55.670705], [12.566311, 55.671023], [12.56592, 55.671619], [12.565448, 55.672199], [12.564894, 55.672755]]}, "properties": {"shape_id": "26", "route_id": "25657_2", "route_short_name": "802", "agency_id": "401"}}, {"type": "Feature", "geometry": {"type": "LineString", "coordinates": [[12.88, 55.56], [12.739214, 55.605676], [12.680068, 55.629822], [12.676787, 55.631108], [12.673518, 55.632015], [12.670417, 55.632504], [12.667683, 55.632675], [12.665118, 55.632617], [12.661693, 55.632198], [12.65897, 55.631461], [12.655715, 55.6303], [12.65171, 55.629628], [12.649338, 55.629581], [12.649344, 55.629581], [12.649338, 55.629581], [12.648971, 55.629565], [12.645256, 55.629784], [12.641718, 55.630195], [12.639121, 55.63047], [12.63534, 55.630663], [12.632811, 55.630639], [12.62249, 55.630243], [12.602097, 55.629711], [12.600027, 55.629664], [12.596495, 55.629453], [12.593769, 55.629192], [12.589527, 55.628687], [12.585733, 55.628393], [12.582231, 55.628333], [12.57878, 55.628479], [12.575612, 55.628599], [12.572525, 55.628905], [12.569784, 55.629344], [12.566871, 55.629995], [12.563977, 55.630862], [12.561733, 55.631701], [12.559581, 55.63268], [12.557569, 55.633809], [12.555428, 55.635264], [12.554036, 55.636393], [12.549783, 55.639978], [12.54818, 55.641238], [12.5469, 55.642381], [12.54488, 55.64413], [12.543439, 55.645602], [12.5425, 55.646995], [12.54145, 55.648923], [12.539792, 55.652046], [12.539205, 55.653466], [12.539001, 55.654209], [12.538935, 55.654705], [12.538917, 55.655209], [12.538924, 55.655461], [12.53929, 55.657411], [12.53992, 55.65875], [12.541042, 55.660597], [12.541383, 55.661028], [12.541662, 55.661298], [12.541988, 55.661559], [12.542544, 55.661902], [12.543144, 55.662209], [12.543836, 55.662477], [12.544377, 55.66265], [12.544539, 55.662681], [12.545389, 55.662764], [12.546065, 55.662844], [12.547051, 55.663022], [12.5477, 55.663165], [12.558024, 55.664394], [12.558608, 55.664512], [12.558984, 55.664627], [12.559329, 55.664752], [12.559909, 55.665005], [12.562396, 55.666291], [12.564835, 55.667568], [12.565208, 55.667818], [12.56569, 55.668218], [12.565939, 55.668507], [12.566157, 55.668807], [12.566406, 55.669267], [12.566529, 55.669749], [12.566541, 55.670225], [12.566441, 55.670705], [12.566311, 55.671023], [12.56592, 55.671619], [12.565448, 55.672199], [12.564894, 55.672755], [12.564471, 55.673001], [12.564082, 55.673273], [12.56358, 55.673701], [12.563177, 55.674172], [12.562952, 55.674493], [12.562775, 55.674822], [12.562662, 55.675158], [12.562582, 55.675502], [12.562566, 55.675673], [12.562567, 55.676033], [12.562595, 55.676347], [12.562686, 55.67665], [12.562887, 55.677102], [12.563088, 55.677393], [12.563321, 55.677674], [12.563616, 55.677945], [12.563926, 55.678205], [12.566925, 55.679862], [12.570342, 55.682425], [12.571245, 55.683073], [12.572231, 55.683772], [12.574645, 55.685275], [12.57656, 55.686559], [12.580036, 55.688535], [12.581921, 55.689478], [12.583845, 55.690501], [12.587131, 55.692482], [12.587571, 55.692766]]}, "properties": {"shape_id": "32", "route_id": "25657_2", "route_short_name": "802", "agency_id": "401"}}, {"type": "Feature", "geometry": {"type": "LineString", "coordinates": [[12.587571, 55.692766], [12.587131, 55.692482], [12.583845, 55.690501], [12.581921, 55.689478], [12.580036, 55.688535], [12.57656, 55.686559], [12.574645, 55.685275], [12.572231, 55.683772], [12.571245, 55.683073], [12.570342, 55.682425], [12.566925, 55.679862], [12.563926, 55.678205], [12.563616, 55.677945], [12.563321, 55.677674], [12.563088, 55.677393], [12.562887, 55.677102], [12.562686, 55.67665], [12.562595, 55.676347], [12.562567, 55.676033], [12.562566, 55.675673], [12.562582, 55.675502], [12.562662, 55.675158], [12.562775, 55.674822], [12.562952, 55.674493], [12.563177, 55.674172], [12.56358, 55.673701], [12.564082, 55.673273], [12.564471, 55.673001], [12.564894, 55.672755], [12.565448, 55.672199], [12.56592, 55.671619], [12.566311, 55.671023], [12.566441, 55.670705], [12.566541, 55.670225], [12.566529, 55.669749], [12.566406, 55.669267], [12.566157, 55.668807], [12.565939, 55.668507], [12.56569, 55.668218], [12.565208, 55.667818], [12.564835, 55.667568], [12.562396, 55.666291], [12.559909, 55.665005], [12.559329, 55.664752], [12.558984, 55.664627], [12.558608, 55.664512], [12.558024, 55.664394], [12.5477, 55.663165], [12.547051, 55.663022], [12.546065, 55.662844], [12.545389, 55.662764], [12.544539, 55.662681], [12.544377, 55.66265], [12.543836, 55.662477], [12.543144, 55.662209], [12.542544, 55.661902], [12.541988, 55.661559], [12.541662, 55.661298], [12.541383, 55.661028], [12.541042, 55.660597], [12.53992, 55.65875], [12.53929, 55.657411], [12.538924, 55.655461], [12.538917, 55.655209], [12.538935, 55.654705], [12.539001, 55.654209], [12.539205, 55.653466], [12.539792, 55.652046], [12.54145, 55.648923], [12.5425, 55.646995], [12.543439, 55.645602], [12.54488, 55.64413], [12.5469, 55.642381], [12.54818, 55.641238], [12.549783, 55.639978], [12.554036, 55.636393], [12.555428, 55.635264], [12.557569, 55.633809], [12.559581, 55.63268], [12.561733, 55.631701], [12.563977, 55.630862], [12.566871, 55.629995], [12.569784, 55.629344], [12.572525, 55.628905], [12.575612, 55.628599], [12.57878, 55.628479], [12.582231, 55.628333], [12.585733, 55.628393], [12.589527, 55.628687], [12.593769, 55.629192], [12.596495, 55.629453], [12.600027, 55.629664], [12.602097, 55.629711], [12.62249, 55.630243], [12.632811, 55.630639], [12.63534, 55.630663], [12.639121, 55.63047], [12.641718, 55.630195], [12.645256, 55.629784], [12.648971, 55.629565], [12.649338, 55.629581], [12.649344, 55.629581], [12.649338, 55.629581], [12.65171, 55.629628], [12.655715, 55.6303], [12.65897, 55.631461], [12.661693, 55.632198], [12.665118, 55.632617], [12.667683, 55.632675], [12.670417, 55.632504], [12.673518, 55.632015], [12.676787, 55.631108], [12.680068, 55.629822], [12.739214, 55.605676], [12.88, 55.56]]}, "properties": {"shape_id": "8", "route_id": "25657_2", "route_short_name": "802", "agency_id": "401"}}, {"type": "Feature", "geometry": {"type": "LineString", "coordinates": [[12.564894, 55.672755], [12.565448, 55.672199], [12.56592, 55.671619], [12.566311, 55.671023], [12.566441, 55.670705], [12.566541, 55.670225], [12.566529, 55.669749], [12.566406, 55.669267], [12.566157, 55.668807], [12.565939, 55.668507], [12.56569, 55.668218], [12.565208, 55.667818], [12.564835, 55.667568], [12.562396, 55.666291], [12.559909, 55.665005], [12.559329, 55.664752], [12.558984, 55.664627], [12.558608, 55.664512], [12.558024, 55.664394], [12.5477, 55.663165], [12.547051, 55.663022], [12.546065, 55.662844], [12.545389, 55.662764], [12.544539, 55.662681], [12.544377, 55.66265], [12.543836, 55.662477], [12.543144, 55.662209], [12.542544, 55.661902], [12.541988, 55.661559], [12.541662, 55.661298], [12.541383, 55.661028], [12.541042, 55.660597], [12.53992, 55.65875], [12.53929, 55.657411], [12.538924, 55.655461], [12.538917, 55.655209], [12.538935, 55.654705], [12.539001, 55.654209], [12.539205, 55.653466], [12.539792, 55.652046], [12.54145, 55.648923], [12.5425, 55.646995], [12.543439, 55.645602], [12.54488, 55.64413], [12.5469, 55.642381], [12.54818, 55.641238], [12.549783, 55.639978], [12.554036, 55.636393], [12.555428, 55.635264], [12.557569, 55.633809], [12.559581, 55.63268], [12.561733, 55.631701], [12.563977, 55.630862], [12.566871, 55.629995], [12.569784, 55.629344], [12.572525, 55.628905], [12.575612, 55.628599], [12.57878, 55.628479], [12.582231, 55.628333], [12.585733, 55.628393], [12.589527, 55.628687], [12.593769, 55.629192], [12.596495, 55.629453], [12.600027, 55.629664], [12.602097, 55.629711], [12.62249, 55.630243], [12.632811, 55.630639], [12.63534, 55.630663], [12.639121, 55.63047], [12.641718, 55.630195], [12.645256, 55.629784], [12.648971, 55.629565], [12.649338, 55.629581], [12.649344, 55.629581], [12.649338, 55.629581], [12.65171, 55.629628], [12.655715, 55.6303], [12.65897, 55.631461], [12.661693, 55.632198], [12.665118, 55.632617], [12.667683, 55.632675], [12.670417, 55.632504], [12.673518, 55.632015], [12.676787, 55.631108], [12.680068, 55.629822], [12.739214, 55.605676], [12.88, 55.56]]}, "properties": {"shape_id": "10", "route_id": "25658_2", "route_short_name": "803", "agency_id": "401"}}, {"type": "Feature", "geometry": {"type": "LineString", "coordinates": [[12.587571, 55.692766], [12.587131, 55.692482], [12.583845, 55.690501], [12.581921, 55.689478], [12.580036, 55.688535], [12.57656, 55.686559], [12.574645, 55.685275], [12.572231, 55.683772], [12.571245, 55.683073], [12.570342, 55.682425], [12.566925, 55.679862], [12.563926, 55.678205], [12.563616, 55.677945], [12.563321, 55.677674], [12.563088, 55.677393], [12.562887, 55.677102], [12.562686, 55.67665], [12.562595, 55.676347], [12.562567, 55.676033], [12.562566, 55.675673], [12.562582, 55.675502], [12.562662, 55.675158], [12.562775, 55.674822], [12.562952, 55.674493], [12.563177, 55.674172], [12.56358, 55.673701], [12.564082, 55.673273], [12.564471, 55.673001], [12.564894, 55.672755], [12.565448, 55.672199], [12.56592, 55.671619], [12.566311, 55.671023], [12.566441, 55.670705], [12.566541, 55.670225], [12.566529, 55.669749], [12.566406, 55.669267], [12.566157, 55.668807], [12.565939, 55.668507], [12.56569, 55.668218], [12.565208, 55.667818], [12.564835, 55.667568], [12.562396, 55.666291], [12.559909, 55.665005], [12.559329, 55.664752], [12.558984, 55.664627], [12.558608, 55.664512], [12.558024, 55.664394], [12.5477, 55.663165], [12.547051, 55.663022], [12.546065, 55.662844], [12.545389, 55.662764], [12.544539, 55.662681], [12.544377, 55.66265], [12.543836, 55.662477], [12.543144, 55.662209], [12.542544, 55.661902], [12.541988, 55.661559], [12.541662, 55.661298], [12.541383, 55.661028], [12.541042, 55.660597], [12.53992, 55.65875], [12.53929, 55.657411], [12.538924, 55.655461], [12.538917, 55.655209], [12.538935, 55.654705], [12.539001, 55.654209], [12.539205, 55.653466], [12.539792, 55.652046], [12.54145, 55.648923], [12.5425, 55.646995], [12.543439, 55.645602], [12.54488, 55.64413], [12.5469, 55.642381], [12.54818, 55.641238], [12.549783, 55.639978], [12.554036, 55.636393], [12.555428, 55.635264], [12.557569, 55.633809], [12.559581, 55.63268], [12.561733, 55.631701], [12.563977, 55.630862], [12.566871, 55.629995], [12.569784, 55.629344], [12.572525, 55.628905], [12.575612, 55.628599], [12.57878, 55.628479], [12.582231, 55.628333], [12.585733, 55.628393], [12.589527, 55.628687], [12.593769, 55.629192], [12.596495, 55.629453], [12.600027, 55.629664], [12.602097, 55.629711], [12.62249, 55.630243], [12.632811, 55.630639], [12.63534, 55.630663], [12.639121, 55.63047], [12.641718, 55.630195], [12.645256, 55.629784], [12.648971, 55.629565], [12.649338, 55.629581], [12.649344, 55.629581], [12.649338, 55.629581], [12.65171, 55.629628], [12.655715, 55.6303], [12.65897, 55.631461], [12.661693, 55.632198], [12.665118, 55.632617], [12.667683, 55.632675], [12.670417, 55.632504], [12.673518, 55.632015], [12.676787, 55.631108], [12.680068, 55.629822], [12.739214, 55.605676], [12.88, 55.56]]}, "properties": {"shape_id": "14", "route_id": "25658_2", "route_short_name": "803", "agency_id": "401"}}, {"type": "Feature", "geometry": {"type": "LineString", "coordinates": [[12.88, 55.56], [12.739214, 55.605676], [12.680068, 55.629822], [12.676787, 55.631108], [12.673518, 55.632015], [12.670417, 55.632504], [12.667683, 55.632675], [12.665118, 55.632617], [12.661693, 55.632198], [12.65897, 55.631461], [12.655715, 55.6303], [12.65171, 55.629628], [12.649338, 55.629581], [12.649344, 55.629581], [12.649338, 55.629581], [12.648971, 55.629565], [12.645256, 55.629784], [12.641718, 55.630195], [12.639121, 55.63047], [12.63534, 55.630663], [12.632811, 55.630639], [12.62249, 55.630243], [12.602097, 55.629711], [12.600027, 55.629664], [12.596495, 55.629453], [12.593769, 55.629192], [12.589527, 55.628687], [12.585733, 55.628393], [12.582231, 55.628333], [12.57878, 55.628479], [12.575612, 55.628599], [12.572525, 55.628905], [12.569784, 55.629344], [12.566871, 55.629995], [12.563977, 55.630862], [12.561733, 55.631701], [12.559581, 55.63268], [12.557569, 55.633809], [12.555428, 55.635264], [12.554036, 55.636393], [12.549783, 55.639978], [12.54818, 55.641238], [12.5469, 55.642381], [12.54488, 55.64413], [12.543439, 55.645602], [12.5425, 55.646995], [12.54145, 55.648923], [12.539792, 55.652046], [12.539205, 55.653466], [12.539001, 55.654209], [12.538935, 55.654705], [12.538917, 55.655209], [12.538924, 55.655461], [12.53929, 55.657411], [12.53992, 55.65875], [12.541042, 55.660597], [12.541383, 55.661028], [12.541662, 55.661298], [12.541988, 55.661559], [12.542544, 55.661902], [12.543144, 55.662209], [12.543836, 55.662477], [12.544377, 55.66265], [12.544539, 55.662681], [12.545389, 55.662764], [12.546065, 55.662844], [12.547051, 55.663022], [12.5477, 55.663165], [12.558024, 55.664394], [12.558608, 55.664512], [12.558984, 55.664627], [12.559329, 55.664752], [12.559909, 55.665005], [12.562396, 55.666291], [12.564835, 55.667568], [12.565208, 55.667818], [12.56569, 55.668218], [12.565939, 55.668507], [12.566157, 55.668807], [12.566406, 55.669267], [12.566529, 55.669749], [12.566541, 55.670225], [12.566441, 55.670705], [12.566311, 55.671023], [12.56592, 55.671619], [12.565448, 55.672199], [12.564894, 55.672755], [12.564471, 55.673001], [12.564082, 55.673273], [12.56358, 55.673701], [12.563177, 55.674172], [12.562952, 55.674493], [12.562775, 55.674822], [12.562662, 55.675158], [12.562582, 55.675502], [12.562566, 55.675673], [12.562567, 55.676033], [12.562595, 55.676347], [12.562686, 55.67665], [12.562887, 55.677102], [12.563088, 55.677393], [12.563321, 55.677674], [12.563616, 55.677945], [12.563926, 55.678205], [12.566925, 55.679862], [12.570342, 55.682425], [12.571245, 55.683073], [12.572231, 55.683772], [12.574645, 55.685275], [12.57656, 55.686559], [12.580036, 55.688535], [12.581921, 55.689478], [12.583845, 55.690501], [12.587131, 55.692482], [12.587571, 55.692766]]}, "properties": {"shape_id": "22", "route_id": "25658_2", "route_short_name": "803", "agency_id": "401"}}, {"type": "Feature", "geometry": {"type": "LineString", "coordinates": [[12.587571, 55.692766], [12.587131, 55.692482], [12.583845, 55.690501], [12.581921, 55.689478], [12.580036, 55.688535], [12.57656, 55.686559], [12.574645, 55.685275], [12.572231, 55.683772], [12.571245, 55.683073], [12.570342, 55.682425], [12.566925, 55.679862], [12.563926, 55.678205], [12.563616, 55.677945], [12.563321, 55.677674], [12.563088, 55.677393], [12.562887, 55.677102], [12.562686, 55.67665], [12.562595, 55.676347], [12.562567, 55.676033], [12.562566, 55.675673], [12.562582, 55.675502], [12.562662, 55.675158], [12.562775, 55.674822], [12.562952, 55.674493], [12.563177, 55.674172], [12.56358, 55.673701], [12.564082, 55.673273], [12.564471, 55.673001], [12.564894, 55.672755], [12.565448, 55.672199], [12.56592, 55.671619], [12.566311, 55.671023], [12.566441, 55.670705], [12.566541, 55.670225], [12.566529, 55.669749], [12.566406, 55.669267], [12.566157, 55.668807], [12.565939, 55.668507], [12.56569, 55.668218], [12.565208, 55.667818], [12.564835, 55.667568], [12.562396, 55.666291], [12.559909, 55.665005], [12.559329, 55.664752], [12.558984, 55.664627], [12.558608, 55.664512], [12.558024, 55.664394], [12.5477, 55.663165], [12.547051, 55.663022], [12.546065, 55.662844], [12.545389, 55.662764], [12.544539, 55.662681], [12.544377, 55.66265], [12.543836, 55.662477], [12.543144, 55.662209], [12.542544, 55.661902], [12.541988, 55.661559], [12.541662, 55.661298], [12.541383, 55.661028], [12.541042, 55.660597], [12.53992, 55.65875], [12.53929, 55.657411], [12.538924, 55.655461], [12.538917, 55.655209], [12.538935, 55.654705], [12.539001, 55.654209], [12.539205, 55.653466], [12.539792, 55.652046], [12.54145, 55.648923], [12.5425, 55.646995], [12.543439, 55.645602], [12.54488, 55.64413], [12.5469, 55.642381], [12.54818, 55.641238], [12.549783, 55.639978], [12.554036, 55.636393], [12.555428, 55.635264], [12.557569, 55.633809], [12.559581, 55.63268], [12.561733, 55.631701], [12.563977, 55.630862], [12.566871, 55.629995], [12.569784, 55.629344], [12.572525, 55.628905], [12.575612, 55.628599], [12.57878, 55.628479], [12.582231, 55.628333], [12.585733, 55.628393], [12.589527, 55.628687], [12.593769, 55.629192], [12.596495, 55.629453], [12.600027, 55.629664], [12.602097, 55.629711], [12.62249, 55.630243], [12.632811, 55.630639], [12.63534, 55.630663], [12.639121, 55.63047], [12.641718, 55.630195], [12.645256, 55.629784], [12.648971, 55.629565], [12.649338, 55.629581], [12.649344, 55.629581], [12.649338, 55.629581], [12.65171, 55.629628], [12.655715, 55.6303], [12.65897, 55.631461], [12.661693, 55.632198], [12.665118, 55.632617], [12.667683, 55.632675], [12.670417, 55.632504], [12.673518, 55.632015], [12.676787, 55.631108], [12.680068, 55.629822], [12.739214, 55.605676], [12.88, 55.56]]}, "properties": {"shape_id": "40", "route_id": "25658_2", "route_short_name": "803", "agency_id": "401"}}, {"type": "Feature", "geometry": {"type": "LineString", "coordinates": [[12.587571, 55.692766], [12.587131, 55.692482], [12.583845, 55.690501], [12.581921, 55.689478], [12.580036, 55.688535], [12.57656, 55.686559], [12.574645, 55.685275], [12.572231, 55.683772], [12.571245, 55.683073], [12.570342, 55.682425], [12.566925, 55.679862], [12.563926, 55.678205], [12.563616, 55.677945], [12.563321, 55.677674], [12.563088, 55.677393], [12.562887, 55.677102], [12.562686, 55.67665], [12.562595, 55.676347], [12.562567, 55.676033], [12.562566, 55.675673], [12.562582, 55.675502], [12.562662, 55.675158], [12.562775, 55.674822], [12.562952, 55.674493], [12.563177, 55.674172], [12.56358, 55.673701], [12.564082, 55.673273], [12.564471, 55.673001], [12.564894, 55.672755], [12.565448, 55.672199], [12.56592, 55.671619], [12.566311, 55.671023], [12.566441, 55.670705], [12.566541, 55.670225], [12.566529, 55.669749], [12.566406, 55.669267], [12.566157, 55.668807], [12.565939, 55.668507], [12.56569, 55.668218], [12.565208, 55.667818], [12.564835, 55.667568], [12.562396, 55.666291], [12.559909, 55.665005], [12.559329, 55.664752], [12.558984, 55.664627], [12.558608, 55.664512], [12.558024, 55.664394], [12.5477, 55.663165], [12.547051, 55.663022], [12.546065, 55.662844], [12.545389, 55.662764], [12.544539, 55.662681], [12.544377, 55.66265], [12.543836, 55.662477], [12.543144, 55.662209], [12.542544, 55.661902], [12.541988, 55.661559], [12.541662, 55.661298], [12.541383, 55.661028], [12.541042, 55.660597], [12.53992, 55.65875], [12.53929, 55.657411], [12.538924, 55.655461], [12.538917, 55.655209], [12.538935, 55.654705], [12.539001, 55.654209], [12.539205, 55.653466], [12.539792, 55.652046], [12.54145, 55.648923], [12.5425, 55.646995], [12.543439, 55.645602], [12.54488, 55.64413], [12.5469, 55.642381], [12.54818, 55.641238], [12.549783, 55.639978], [12.554036, 55.636393], [12.555428, 55.635264], [12.557569, 55.633809], [12.559581, 55.63268], [12.561733, 55.631701], [12.563977, 55.630862], [12.566871, 55.629995], [12.569784, 55.629344], [12.572525, 55.628905], [12.575612, 55.628599], [12.57878, 55.628479], [12.582231, 55.628333], [12.585733, 55.628393], [12.589527, 55.628687], [12.593769, 55.629192], [12.596495, 55.629453], [12.600027, 55.629664], [12.602097, 55.629711], [12.62249, 55.630243], [12.632811, 55.630639], [12.63534, 55.630663], [12.639121, 55.63047], [12.641718, 55.630195], [12.645256, 55.629784], [12.648971, 55.629565], [12.649338, 55.629581], [12.649344, 55.629581], [12.649338, 55.629581], [12.65171, 55.629628], [12.655715, 55.6303], [12.65897, 55.631461], [12.661693, 55.632198], [12.665118, 55.632617], [12.667683, 55.632675], [12.670417, 55.632504], [12.673518, 55.632015], [12.676787, 55.631108], [12.680068, 55.629822], [12.739214, 55.605676], [12.88, 55.56]]}, "properties": {"shape_id": "45", "route_id": "25658_2", "route_short_name": "803", "agency_id": "401"}}, {"type": "Feature", "geometry": {"type": "LineString", "coordinates": [[12.88, 55.56], [12.739214, 55.605676], [12.680068, 55.629822], [12.676787, 55.631108], [12.673518, 55.632015], [12.670417, 55.632504], [12.667683, 55.632675], [12.665118, 55.632617], [12.661693, 55.632198], [12.65897, 55.631461], [12.655715, 55.6303], [12.65171, 55.629628], [12.649338, 55.629581], [12.649344, 55.629581], [12.649338, 55.629581], [12.648971, 55.629565], [12.645256, 55.629784], [12.641718, 55.630195], [12.639121, 55.63047], [12.63534, 55.630663], [12.632811, 55.630639], [12.62249, 55.630243], [12.602097, 55.629711], [12.600027, 55.629664], [12.596495, 55.629453], [12.593769, 55.629192], [12.589527, 55.628687], [12.585733, 55.628393], [12.582231, 55.628333], [12.57878, 55.628479], [12.575612, 55.628599], [12.572525, 55.628905], [12.569784, 55.629344], [12.566871, 55.629995], [12.563977, 55.630862], [12.561733, 55.631701], [12.559581, 55.63268], [12.557569, 55.633809], [12.555428, 55.635264], [12.554036, 55.636393], [12.549783, 55.639978], [12.54818, 55.641238], [12.5469, 55.642381], [12.54488, 55.64413], [12.543439, 55.645602], [12.5425, 55.646995], [12.54145, 55.648923], [12.539792, 55.652046], [12.539205, 55.653466], [12.539001, 55.654209], [12.538935, 55.654705], [12.538917, 55.655209], [12.538924, 55.655461], [12.53929, 55.657411], [12.53992, 55.65875], [12.541042, 55.660597], [12.541383, 55.661028], [12.541662, 55.661298], [12.541988, 55.661559], [12.542544, 55.661902], [12.543144, 55.662209], [12.543836, 55.662477], [12.544377, 55.66265], [12.544539, 55.662681], [12.545389, 55.662764], [12.546065, 55.662844], [12.547051, 55.663022], [12.5477, 55.663165], [12.558024, 55.664394], [12.558608, 55.664512], [12.558984, 55.664627], [12.559329, 55.664752], [12.559909, 55.665005], [12.562396, 55.666291], [12.564835, 55.667568], [12.565208, 55.667818], [12.56569, 55.668218], [12.565939, 55.668507], [12.566157, 55.668807], [12.566406, 55.669267], [12.566529, 55.669749], [12.566541, 55.670225], [12.566441, 55.670705], [12.566311, 55.671023], [12.56592, 55.671619], [12.565448, 55.672199], [12.564894, 55.672755]]}, "properties": {"shape_id": "52", "route_id": "25658_2", "route_short_name": "803", "agency_id": "401"}}, {"type": "Feature", "geometry": {"type": "LineString", "coordinates": [[12.88, 55.56], [12.739214, 55.605676], [12.680068, 55.629822], [12.676787, 55.631108], [12.673518, 55.632015], [12.670417, 55.632504], [12.667683, 55.632675], [12.665118, 55.632617], [12.661693, 55.632198], [12.65897, 55.631461], [12.655715, 55.6303], [12.65171, 55.629628], [12.649338, 55.629581], [12.649344, 55.629581], [12.649338, 55.629581], [12.648971, 55.629565], [12.645256, 55.629784], [12.641718, 55.630195], [12.639121, 55.63047], [12.63534, 55.630663], [12.632811, 55.630639], [12.62249, 55.630243], [12.602097, 55.629711], [12.600027, 55.629664], [12.596495, 55.629453], [12.593769, 55.629192], [12.589527, 55.628687], [12.585733, 55.628393], [12.582231, 55.628333], [12.57878, 55.628479], [12.575612, 55.628599], [12.572525, 55.628905], [12.569784, 55.629344], [12.566871, 55.629995], [12.563977, 55.630862], [12.561733, 55.631701], [12.559581, 55.63268], [12.557569, 55.633809], [12.555428, 55.635264], [12.554036, 55.636393], [12.549783, 55.639978], [12.54818, 55.641238], [12.5469, 55.642381], [12.54488, 55.64413], [12.543439, 55.645602], [12.5425, 55.646995], [12.54145, 55.648923], [12.539792, 55.652046], [12.539205, 55.653466], [12.539001, 55.654209], [12.538935, 55.654705], [12.538917, 55.655209], [12.538924, 55.655461], [12.53929, 55.657411], [12.53992, 55.65875], [12.541042, 55.660597], [12.541383, 55.661028], [12.541662, 55.661298], [12.541988, 55.661559], [12.542544, 55.661902], [12.543144, 55.662209], [12.543836, 55.662477], [12.544377, 55.66265], [12.544539, 55.662681], [12.545389, 55.662764], [12.546065, 55.662844], [12.547051, 55.663022], [12.5477, 55.663165], [12.558024, 55.664394], [12.558608, 55.664512], [12.558984, 55.664627], [12.559329, 55.664752], [12.559909, 55.665005], [12.562396, 55.666291], [12.564835, 55.667568], [12.565208, 55.667818], [12.56569, 55.668218], [12.565939, 55.668507], [12.566157, 55.668807], [12.566406, 55.669267], [12.566529, 55.669749], [12.566541, 55.670225], [12.566441, 55.670705], [12.566311, 55.671023], [12.56592, 55.671619], [12.565448, 55.672199], [12.564894, 55.672755]]}, "properties": {"shape_id": "57", "route_id": "25658_2", "route_short_name": "803", "agency_id": "401"}}, {"type": "Feature", "geometry": {"type": "LineString", "coordinates": [[12.88, 55.56], [12.739214, 55.605676], [12.680068, 55.629822], [12.676787, 55.631108], [12.673518, 55.632015], [12.670417, 55.632504], [12.667683, 55.632675], [12.665118, 55.632617], [12.661693, 55.632198], [12.65897, 55.631461], [12.655715, 55.6303], [12.65171, 55.629628], [12.649338, 55.629581], [12.649344, 55.629581], [12.649338, 55.629581], [12.648971, 55.629565], [12.645256, 55.629784], [12.641718, 55.630195], [12.639121, 55.63047], [12.63534, 55.630663], [12.632811, 55.630639], [12.62249, 55.630243], [12.602097, 55.629711], [12.600027, 55.629664], [12.596495, 55.629453], [12.593769, 55.629192], [12.589527, 55.628687], [12.585733, 55.628393], [12.582231, 55.628333], [12.57878, 55.628479], [12.575612, 55.628599], [12.572525, 55.628905], [12.569784, 55.629344], [12.566871, 55.629995], [12.563977, 55.630862], [12.561733, 55.631701], [12.559581, 55.63268], [12.557569, 55.633809], [12.555428, 55.635264], [12.554036, 55.636393], [12.549783, 55.639978], [12.54818, 55.641238], [12.5469, 55.642381], [12.54488, 55.64413], [12.543439, 55.645602], [12.5425, 55.646995], [12.54145, 55.648923], [12.539792, 55.652046], [12.539205, 55.653466], [12.539001, 55.654209], [12.538935, 55.654705], [12.538917, 55.655209], [12.538924, 55.655461], [12.53929, 55.657411], [12.53992, 55.65875], [12.541042, 55.660597], [12.541383, 55.661028], [12.541662, 55.661298], [12.541988, 55.661559], [12.542544, 55.661902], [12.543144, 55.662209], [12.543836, 55.662477], [12.544377, 55.66265], [12.544539, 55.662681], [12.545389, 55.662764], [12.546065, 55.662844], [12.547051, 55.663022], [12.5477, 55.663165], [12.558024, 55.664394], [12.558608, 55.664512], [12.558984, 55.664627], [12.559329, 55.664752], [12.559909, 55.665005], [12.562396, 55.666291], [12.564835, 55.667568], [12.565208, 55.667818], [12.56569, 55.668218], [12.565939, 55.668507], [12.566157, 55.668807], [12.566406, 55.669267], [12.566529, 55.669749], [12.566541, 55.670225], [12.566441, 55.670705], [12.566311, 55.671023], [12.56592, 55.671619], [12.565448, 55.672199], [12.564894, 55.672755], [12.564471, 55.673001], [12.564082, 55.673273], [12.56358, 55.673701], [12.563177, 55.674172], [12.562952, 55.674493], [12.562775, 55.674822], [12.562662, 55.675158], [12.562582, 55.675502], [12.562566, 55.675673], [12.562567, 55.676033], [12.562595, 55.676347], [12.562686, 55.67665], [12.562887, 55.677102], [12.563088, 55.677393], [12.563321, 55.677674], [12.563616, 55.677945], [12.563926, 55.678205], [12.566925, 55.679862], [12.570342, 55.682425], [12.571245, 55.683073], [12.572231, 55.683772], [12.574645, 55.685275], [12.57656, 55.686559], [12.580036, 55.688535], [12.581921, 55.689478], [12.583845, 55.690501], [12.587131, 55.692482], [12.587571, 55.692766]]}, "properties": {"shape_id": "59", "route_id": "25658_2", "route_short_name": "803", "agency_id": "401"}}, {"type": "Feature", "geometry": {"type": "LineString", "coordinates": [[12.88, 55.56], [12.739214, 55.605676], [12.680068, 55.629822], [12.676787, 55.631108], [12.673518, 55.632015], [12.670417, 55.632504], [12.667683, 55.632675], [12.665118, 55.632617], [12.661693, 55.632198], [12.65897, 55.631461], [12.655715, 55.6303], [12.65171, 55.629628], [12.649338, 55.629581], [12.649344, 55.629581], [12.649338, 55.629581], [12.648971, 55.629565], [12.645256, 55.629784], [12.641718, 55.630195], [12.639121, 55.63047], [12.63534, 55.630663], [12.632811, 55.630639], [12.62249, 55.630243], [12.602097, 55.629711], [12.600027, 55.629664], [12.596495, 55.629453], [12.593769, 55.629192], [12.589527, 55.628687], [12.585733, 55.628393], [12.582231, 55.628333], [12.57878, 55.628479], [12.575612, 55.628599], [12.572525, 55.628905], [12.569784, 55.629344], [12.566871, 55.629995], [12.563977, 55.630862], [12.561733, 55.631701], [12.559581, 55.63268], [12.557569, 55.633809], [12.555428, 55.635264], [12.554036, 55.636393], [12.549783, 55.639978], [12.54818, 55.641238], [12.5469, 55.642381], [12.54488, 55.64413], [12.543439, 55.645602], [12.5425, 55.646995], [12.54145, 55.648923], [12.539792, 55.652046], [12.539205, 55.653466], [12.539001, 55.654209], [12.538935, 55.654705], [12.538917, 55.655209], [12.538924, 55.655461], [12.53929, 55.657411], [12.53992, 55.65875], [12.541042, 55.660597], [12.541383, 55.661028], [12.541662, 55.661298], [12.541988, 55.661559], [12.542544, 55.661902], [12.543144, 55.662209], [12.543836, 55.662477], [12.544377, 55.66265], [12.544539, 55.662681], [12.545389, 55.662764], [12.546065, 55.662844], [12.547051, 55.663022], [12.5477, 55.663165], [12.558024, 55.664394], [12.558608, 55.664512], [12.558984, 55.664627], [12.559329, 55.664752], [12.559909, 55.665005], [12.562396, 55.666291], [12.564835, 55.667568], [12.565208, 55.667818], [12.56569, 55.668218], [12.565939, 55.668507], [12.566157, 55.668807], [12.566406, 55.669267], [12.566529, 55.669749], [12.566541, 55.670225], [12.566441, 55.670705], [12.566311, 55.671023], [12.56592, 55.671619], [12.565448, 55.672199], [12.564894, 55.672755], [12.564471, 55.673001], [12.564082, 55.673273], [12.56358, 55.673701], [12.563177, 55.674172], [12.562952, 55.674493], [12.562775, 55.674822], [12.562662, 55.675158], [12.562582, 55.675502], [12.562566, 55.675673], [12.562567, 55.676033], [12.562595, 55.676347], [12.562686, 55.67665], [12.562887, 55.677102], [12.563088, 55.677393], [12.563321, 55.677674], [12.563616, 55.677945], [12.563926, 55.678205], [12.566925, 55.679862], [12.570342, 55.682425], [12.571245, 55.683073], [12.572231, 55.683772], [12.574645, 55.685275], [12.57656, 55.686559], [12.580036, 55.688535], [12.581921, 55.689478], [12.583845, 55.690501], [12.587131, 55.692482], [12.587571, 55.692766]]}, "properties": {"shape_id": "61", "route_id": "25658_2", "route_short_name": "803", "agency_id": "401"}}, {"type": "Feature", "geometry": {"type": "LineString", "coordinates": [[12.88, 55.56], [12.739214, 55.605676], [12.680068, 55.629822], [12.676787, 55.631108], [12.673518, 55.632015], [12.670417, 55.632504], [12.667683, 55.632675], [12.665118, 55.632617], [12.661693, 55.632198], [12.65897, 55.631461], [12.655715, 55.6303], [12.65171, 55.629628], [12.649338, 55.629581], [12.649344, 55.629581], [12.649338, 55.629581], [12.648971, 55.629565], [12.645256, 55.629784], [12.641718, 55.630195], [12.639121, 55.63047], [12.63534, 55.630663], [12.632811, 55.630639], [12.62249, 55.630243], [12.602097, 55.629711], [12.600027, 55.629664], [12.596495, 55.629453], [12.593769, 55.629192], [12.589527, 55.628687], [12.585733, 55.628393], [12.582231, 55.628333], [12.57878, 55.628479], [12.575612, 55.628599], [12.572525, 55.628905], [12.569784, 55.629344], [12.566871, 55.629995], [12.563977, 55.630862], [12.561733, 55.631701], [12.559581, 55.63268], [12.557569, 55.633809], [12.555428, 55.635264], [12.554036, 55.636393], [12.549783, 55.639978], [12.54818, 55.641238], [12.5469, 55.642381], [12.54488, 55.64413], [12.543439, 55.645602], [12.5425, 55.646995], [12.54145, 55.648923], [12.539792, 55.652046], [12.539205, 55.653466], [12.539001, 55.654209], [12.538935, 55.654705], [12.538917, 55.655209], [12.538924, 55.655461], [12.53929, 55.657411], [12.53992, 55.65875], [12.541042, 55.660597], [12.541383, 55.661028], [12.541662, 55.661298], [12.541988, 55.661559], [12.542544, 55.661902], [12.543144, 55.662209], [12.543836, 55.662477], [12.544377, 55.66265], [12.544539, 55.662681], [12.545389, 55.662764], [12.546065, 55.662844], [12.547051, 55.663022], [12.5477, 55.663165], [12.558024, 55.664394], [12.558608, 55.664512], [12.558984, 55.664627], [12.559329, 55.664752], [12.559909, 55.665005], [12.562396, 55.666291], [12.564835, 55.667568], [12.565208, 55.667818], [12.56569, 55.668218], [12.565939, 55.668507], [12.566157, 55.668807], [12.566406, 55.669267], [12.566529, 55.669749], [12.566541, 55.670225], [12.566441, 55.670705], [12.566311, 55.671023], [12.56592, 55.671619], [12.565448, 55.672199], [12.564894, 55.672755], [12.564471, 55.673001], [12.564082, 55.673273], [12.56358, 55.673701], [12.563177, 55.674172], [12.562952, 55.674493], [12.562775, 55.674822], [12.562662, 55.675158], [12.562582, 55.675502], [12.562566, 55.675673], [12.562567, 55.676033], [12.562595, 55.676347], [12.562686, 55.67665], [12.562887, 55.677102], [12.563088, 55.677393], [12.563321, 55.677674], [12.563616, 55.677945], [12.563926, 55.678205], [12.566925, 55.679862], [12.570342, 55.682425], [12.571245, 55.683073], [12.572231, 55.683772], [12.574645, 55.685275], [12.57656, 55.686559], [12.580036, 55.688535], [12.581921, 55.689478], [12.583845, 55.690501], [12.587131, 55.692482], [12.587571, 55.692766]]}, "properties": {"shape_id": "64", "route_id": "25658_2", "route_short_name": "803", "agency_id": "401"}}, {"type": "Feature", "geometry": {"type": "LineString", "coordinates": [[12.587571, 55.692766], [12.587131, 55.692482], [12.583845, 55.690501], [12.581921, 55.689478], [12.580036, 55.688535], [12.57656, 55.686559], [12.574645, 55.685275], [12.572231, 55.683772], [12.571245, 55.683073], [12.570342, 55.682425], [12.566925, 55.679862], [12.563926, 55.678205], [12.563616, 55.677945], [12.563321, 55.677674], [12.563088, 55.677393], [12.562887, 55.677102], [12.562686, 55.67665], [12.562595, 55.676347], [12.562567, 55.676033], [12.562566, 55.675673], [12.562582, 55.675502], [12.562662, 55.675158], [12.562775, 55.674822], [12.562952, 55.674493], [12.563177, 55.674172], [12.56358, 55.673701], [12.564082, 55.673273], [12.564471, 55.673001], [12.564894, 55.672755], [12.565448, 55.672199], [12.56592, 55.671619], [12.566311, 55.671023], [12.566441, 55.670705], [12.566541, 55.670225], [12.566529, 55.669749], [12.566406, 55.669267], [12.566157, 55.668807], [12.565939, 55.668507], [12.56569, 55.668218], [12.565208, 55.667818], [12.564835, 55.667568], [12.562396, 55.666291], [12.559909, 55.665005], [12.559329, 55.664752], [12.558984, 55.664627], [12.558608, 55.664512], [12.558024, 55.664394], [12.5477, 55.663165], [12.547051, 55.663022], [12.546065, 55.662844], [12.545389, 55.662764], [12.544539, 55.662681], [12.544377, 55.66265], [12.543836, 55.662477], [12.543144, 55.662209], [12.542544, 55.661902], [12.541988, 55.661559], [12.541662, 55.661298], [12.541383, 55.661028], [12.541042, 55.660597], [12.53992, 55.65875], [12.53929, 55.657411], [12.538924, 55.655461], [12.538917, 55.655209], [12.538935, 55.654705], [12.539001, 55.654209], [12.539205, 55.653466], [12.539792, 55.652046], [12.54145, 55.648923], [12.5425, 55.646995], [12.543439, 55.645602], [12.54488, 55.64413], [12.5469, 55.642381], [12.54818, 55.641238], [12.549783, 55.639978], [12.554036, 55.636393], [12.555428, 55.635264], [12.557569, 55.633809], [12.559581, 55.63268], [12.561733, 55.631701], [12.563977, 55.630862], [12.566871, 55.629995], [12.569784, 55.629344], [12.572525, 55.628905], [12.575612, 55.628599], [12.57878, 55.628479], [12.582231, 55.628333], [12.585733, 55.628393], [12.589527, 55.628687], [12.593769, 55.629192], [12.596495, 55.629453], [12.600027, 55.629664], [12.602097, 55.629711], [12.62249, 55.630243], [12.632811, 55.630639], [12.63534, 55.630663], [12.639121, 55.63047], [12.641718, 55.630195], [12.645256, 55.629784], [12.648971, 55.629565], [12.649338, 55.629581], [12.649344, 55.629581], [12.649338, 55.629581], [12.65171, 55.629628], [12.655715, 55.6303], [12.65897, 55.631461], [12.661693, 55.632198], [12.665118, 55.632617], [12.667683, 55.632675], [12.670417, 55.632504], [12.673518, 55.632015], [12.676787, 55.631108], [12.680068, 55.629822], [12.739214, 55.605676], [12.88, 55.56]]}, "properties": {"shape_id": "8", "route_id": "25658_2", "route_short_name": "803", "agency_id": "401"}}, {"type": "Feature", "geometry": {"type": "LineString", "coordinates": [[12.587571, 55.692766], [12.587131, 55.692482], [12.583845, 55.690501], [12.581921, 55.689478], [12.580036, 55.688535], [12.57656, 55.686559], [12.574645, 55.685275], [12.572231, 55.683772], [12.571245, 55.683073], [12.570342, 55.682425], [12.566925, 55.679862], [12.563926, 55.678205], [12.563616, 55.677945], [12.563321, 55.677674], [12.563088, 55.677393], [12.562887, 55.677102], [12.562686, 55.67665], [12.562595, 55.676347], [12.562567, 55.676033], [12.562566, 55.675673], [12.562582, 55.675502], [12.562662, 55.675158], [12.562775, 55.674822], [12.562952, 55.674493], [12.563177, 55.674172], [12.56358, 55.673701], [12.564082, 55.673273], [12.564471, 55.673001], [12.564894, 55.672755], [12.565448, 55.672199], [12.56592, 55.671619], [12.566311, 55.671023], [12.566441, 55.670705], [12.566541, 55.670225], [12.566529, 55.669749], [12.566406, 55.669267], [12.566157, 55.668807], [12.565939, 55.668507], [12.56569, 55.668218], [12.565208, 55.667818], [12.564835, 55.667568], [12.562396, 55.666291], [12.559909, 55.665005], [12.559329, 55.664752], [12.558984, 55.664627], [12.558608, 55.664512], [12.558024, 55.664394], [12.5477, 55.663165], [12.547051, 55.663022], [12.546065, 55.662844], [12.545389, 55.662764], [12.544539, 55.662681], [12.544377, 55.66265], [12.543836, 55.662477], [12.543144, 55.662209], [12.542544, 55.661902], [12.541988, 55.661559], [12.541662, 55.661298], [12.541383, 55.661028], [12.541042, 55.660597], [12.53992, 55.65875], [12.53929, 55.657411], [12.538924, 55.655461], [12.538917, 55.655209], [12.538935, 55.654705], [12.539001, 55.654209], [12.539205, 55.653466], [12.539792, 55.652046], [12.54145, 55.648923], [12.5425, 55.646995], [12.543439, 55.645602], [12.54488, 55.64413], [12.5469, 55.642381], [12.54818, 55.641238], [12.549783, 55.639978], [12.554036, 55.636393], [12.555428, 55.635264], [12.557569, 55.633809], [12.559581, 55.63268], [12.561733, 55.631701], [12.563977, 55.630862], [12.566871, 55.629995], [12.569784, 55.629344], [12.572525, 55.628905], [12.575612, 55.628599], [12.57878, 55.628479], [12.582231, 55.628333], [12.585733, 55.628393], [12.589527, 55.628687], [12.593769, 55.629192], [12.596495, 55.629453], [12.600027, 55.629664], [12.602097, 55.629711], [12.62249, 55.630243], [12.632811, 55.630639], [12.63534, 55.630663], [12.639121, 55.63047], [12.641718, 55.630195], [12.645256, 55.629784], [12.648971, 55.629565], [12.649338, 55.629581], [12.649344, 55.629581], [12.649338, 55.629581], [12.65171, 55.629628], [12.655715, 55.6303], [12.65897, 55.631461], [12.661693, 55.632198], [12.665118, 55.632617], [12.667683, 55.632675], [12.670417, 55.632504], [12.673518, 55.632015], [12.676787, 55.631108], [12.680068, 55.629822], [12.739214, 55.605676], [12.88, 55.56]]}, "properties": {"shape_id": "102", "route_id": "25659_2", "route_short_name": "804", "agency_id": "401"}}, {"type": "Feature", "geometry": {"type": "LineString", "coordinates": [[12.88, 55.56], [12.739214, 55.605676], [12.680068, 55.629822], [12.676787, 55.631108], [12.673518, 55.632015], [12.670417, 55.632504], [12.667683, 55.632675], [12.665118, 55.632617], [12.661693, 55.632198], [12.65897, 55.631461], [12.655715, 55.6303], [12.65171, 55.629628], [12.649338, 55.629581], [12.649344, 55.629581], [12.649338, 55.629581], [12.648971, 55.629565], [12.645256, 55.629784], [12.641718, 55.630195], [12.639121, 55.63047], [12.63534, 55.630663], [12.632811, 55.630639], [12.62249, 55.630243], [12.602097, 55.629711], [12.600027, 55.629664], [12.596495, 55.629453], [12.593769, 55.629192], [12.589527, 55.628687], [12.585733, 55.628393], [12.582231, 55.628333], [12.57878, 55.628479], [12.575612, 55.628599], [12.572525, 55.628905], [12.569784, 55.629344], [12.566871, 55.629995], [12.563977, 55.630862], [12.561733, 55.631701], [12.559581, 55.63268], [12.557569, 55.633809], [12.555428, 55.635264], [12.554036, 55.636393], [12.549783, 55.639978], [12.54818, 55.641238], [12.5469, 55.642381], [12.54488, 55.64413], [12.543439, 55.645602], [12.5425, 55.646995], [12.54145, 55.648923], [12.539792, 55.652046], [12.539205, 55.653466], [12.539001, 55.654209], [12.538935, 55.654705], [12.538917, 55.655209], [12.538924, 55.655461], [12.53929, 55.657411], [12.53992, 55.65875], [12.541042, 55.660597], [12.541383, 55.661028], [12.541662, 55.661298], [12.541988, 55.661559], [12.542544, 55.661902], [12.543144, 55.662209], [12.543836, 55.662477], [12.544377, 55.66265], [12.544539, 55.662681], [12.545389, 55.662764], [12.546065, 55.662844], [12.547051, 55.663022], [12.5477, 55.663165], [12.558024, 55.664394], [12.558608, 55.664512], [12.558984, 55.664627], [12.559329, 55.664752], [12.559909, 55.665005], [12.562396, 55.666291], [12.564835, 55.667568], [12.565208, 55.667818], [12.56569, 55.668218], [12.565939, 55.668507], [12.566157, 55.668807], [12.566406, 55.669267], [12.566529, 55.669749], [12.566541, 55.670225], [12.566441, 55.670705], [12.566311, 55.671023], [12.56592, 55.671619], [12.565448, 55.672199], [12.564894, 55.672755]]}, "properties": {"shape_id": "135", "route_id": "25659_2", "route_short_name": "804", "agency_id": "401"}}, {"type": "Feature", "geometry": {"type": "LineString", "coordinates": [[12.88, 55.56], [12.739214, 55.605676], [12.680068, 55.629822], [12.676787, 55.631108], [12.673518, 55.632015], [12.670417, 55.632504], [12.667683, 55.632675], [12.665118, 55.632617], [12.661693, 55.632198], [12.65897, 55.631461], [12.655715, 55.6303], [12.65171, 55.629628], [12.649338, 55.629581], [12.649344, 55.629581], [12.649338, 55.629581], [12.648971, 55.629565], [12.645256, 55.629784], [12.641718, 55.630195], [12.639121, 55.63047], [12.63534, 55.630663], [12.632811, 55.630639], [12.62249, 55.630243], [12.602097, 55.629711], [12.600027, 55.629664], [12.596495, 55.629453], [12.593769, 55.629192], [12.589527, 55.628687], [12.585733, 55.628393], [12.582231, 55.628333], [12.57878, 55.628479], [12.575612, 55.628599], [12.572525, 55.628905], [12.569784, 55.629344], [12.566871, 55.629995], [12.563977, 55.630862], [12.561733, 55.631701], [12.559581, 55.63268], [12.557569, 55.633809], [12.555428, 55.635264], [12.554036, 55.636393], [12.549783, 55.639978], [12.54818, 55.641238], [12.5469, 55.642381], [12.54488, 55.64413], [12.543439, 55.645602], [12.5425, 55.646995], [12.54145, 55.648923], [12.539792, 55.652046], [12.539205, 55.653466], [12.539001, 55.654209], [12.538935, 55.654705], [12.538917, 55.655209], [12.538924, 55.655461], [12.53929, 55.657411], [12.53992, 55.65875], [12.541042, 55.660597], [12.541383, 55.661028], [12.541662, 55.661298], [12.541988, 55.661559], [12.542544, 55.661902], [12.543144, 55.662209], [12.543836, 55.662477], [12.544377, 55.66265], [12.544539, 55.662681], [12.545389, 55.662764], [12.546065, 55.662844], [12.547051, 55.663022], [12.5477, 55.663165], [12.558024, 55.664394], [12.558608, 55.664512], [12.558984, 55.664627], [12.559329, 55.664752], [12.559909, 55.665005], [12.562396, 55.666291], [12.564835, 55.667568], [12.565208, 55.667818], [12.56569, 55.668218], [12.565939, 55.668507], [12.566157, 55.668807], [12.566406, 55.669267], [12.566529, 55.669749], [12.566541, 55.670225], [12.566441, 55.670705], [12.566311, 55.671023], [12.56592, 55.671619], [12.565448, 55.672199], [12.564894, 55.672755]]}, "properties": {"shape_id": "137", "route_id": "25659_2", "route_short_name": "804", "agency_id": "401"}}, {"type": "Feature", "geometry": {"type": "LineString", "coordinates": [[12.88, 55.56], [12.739214, 55.605676], [12.680068, 55.629822], [12.676787, 55.631108], [12.673518, 55.632015], [12.670417, 55.632504], [12.667683, 55.632675], [12.665118, 55.632617], [12.661693, 55.632198], [12.65897, 55.631461], [12.655715, 55.6303], [12.65171, 55.629628], [12.649338, 55.629581], [12.649344, 55.629581], [12.649338, 55.629581], [12.648971, 55.629565], [12.645256, 55.629784], [12.641718, 55.630195], [12.639121, 55.63047], [12.63534, 55.630663], [12.632811, 55.630639], [12.62249, 55.630243], [12.602097, 55.629711], [12.600027, 55.629664], [12.596495, 55.629453], [12.593769, 55.629192], [12.589527, 55.628687], [12.585733, 55.628393], [12.582231, 55.628333], [12.57878, 55.628479], [12.575612, 55.628599], [12.572525, 55.628905], [12.569784, 55.629344], [12.566871, 55.629995], [12.563977, 55.630862], [12.561733, 55.631701], [12.559581, 55.63268], [12.557569, 55.633809], [12.555428, 55.635264], [12.554036, 55.636393], [12.549783, 55.639978], [12.54818, 55.641238], [12.5469, 55.642381], [12.54488, 55.64413], [12.543439, 55.645602], [12.5425, 55.646995], [12.54145, 55.648923], [12.539792, 55.652046], [12.539205, 55.653466], [12.539001, 55.654209], [12.538935, 55.654705], [12.538917, 55.655209], [12.538924, 55.655461], [12.53929, 55.657411], [12.53992, 55.65875], [12.541042, 55.660597], [12.541383, 55.661028], [12.541662, 55.661298], [12.541988, 55.661559], [12.542544, 55.661902], [12.543144, 55.662209], [12.543836, 55.662477], [12.544377, 55.66265], [12.544539, 55.662681], [12.545389, 55.662764], [12.546065, 55.662844], [12.547051, 55.663022], [12.5477, 55.663165], [12.558024, 55.664394], [12.558608, 55.664512], [12.558984, 55.664627], [12.559329, 55.664752], [12.559909, 55.665005], [12.562396, 55.666291], [12.564835, 55.667568], [12.565208, 55.667818], [12.56569, 55.668218], [12.565939, 55.668507], [12.566157, 55.668807], [12.566406, 55.669267], [12.566529, 55.669749], [12.566541, 55.670225], [12.566441, 55.670705], [12.566311, 55.671023], [12.56592, 55.671619], [12.565448, 55.672199], [12.564894, 55.672755], [12.564471, 55.673001], [12.564082, 55.673273], [12.56358, 55.673701], [12.563177, 55.674172], [12.562952, 55.674493], [12.562775, 55.674822], [12.562662, 55.675158], [12.562582, 55.675502], [12.562566, 55.675673], [12.562567, 55.676033], [12.562595, 55.676347], [12.562686, 55.67665], [12.562887, 55.677102], [12.563088, 55.677393], [12.563321, 55.677674], [12.563616, 55.677945], [12.563926, 55.678205], [12.566925, 55.679862], [12.570342, 55.682425], [12.571245, 55.683073], [12.572231, 55.683772], [12.574645, 55.685275], [12.57656, 55.686559], [12.580036, 55.688535], [12.581921, 55.689478], [12.583845, 55.690501], [12.587131, 55.692482], [12.587571, 55.692766]]}, "properties": {"shape_id": "140", "route_id": "25659_2", "route_short_name": "804", "agency_id": "401"}}, {"type": "Feature", "geometry": {"type": "LineString", "coordinates": [[12.88, 55.56], [12.739214, 55.605676], [12.680068, 55.629822], [12.676787, 55.631108], [12.673518, 55.632015], [12.670417, 55.632504], [12.667683, 55.632675], [12.665118, 55.632617], [12.661693, 55.632198], [12.65897, 55.631461], [12.655715, 55.6303], [12.65171, 55.629628], [12.649338, 55.629581], [12.649344, 55.629581], [12.649338, 55.629581], [12.648971, 55.629565], [12.645256, 55.629784], [12.641718, 55.630195], [12.639121, 55.63047], [12.63534, 55.630663], [12.632811, 55.630639], [12.62249, 55.630243], [12.602097, 55.629711], [12.600027, 55.629664], [12.596495, 55.629453], [12.593769, 55.629192], [12.589527, 55.628687], [12.585733, 55.628393], [12.582231, 55.628333], [12.57878, 55.628479], [12.575612, 55.628599], [12.572525, 55.628905], [12.569784, 55.629344], [12.566871, 55.629995], [12.563977, 55.630862], [12.561733, 55.631701], [12.559581, 55.63268], [12.557569, 55.633809], [12.555428, 55.635264], [12.554036, 55.636393], [12.549783, 55.639978], [12.54818, 55.641238], [12.5469, 55.642381], [12.54488, 55.64413], [12.543439, 55.645602], [12.5425, 55.646995], [12.54145, 55.648923], [12.539792, 55.652046], [12.539205, 55.653466], [12.539001, 55.654209], [12.538935, 55.654705], [12.538917, 55.655209], [12.538924, 55.655461], [12.53929, 55.657411], [12.53992, 55.65875], [12.541042, 55.660597], [12.541383, 55.661028], [12.541662, 55.661298], [12.541988, 55.661559], [12.542544, 55.661902], [12.543144, 55.662209], [12.543836, 55.662477], [12.544377, 55.66265], [12.544539, 55.662681], [12.545389, 55.662764], [12.546065, 55.662844], [12.547051, 55.663022], [12.5477, 55.663165], [12.558024, 55.664394], [12.558608, 55.664512], [12.558984, 55.664627], [12.559329, 55.664752], [12.559909, 55.665005], [12.562396, 55.666291], [12.564835, 55.667568], [12.565208, 55.667818], [12.56569, 55.668218], [12.565939, 55.668507], [12.566157, 55.668807], [12.566406, 55.669267], [12.566529, 55.669749], [12.566541, 55.670225], [12.566441, 55.670705], [12.566311, 55.671023], [12.56592, 55.671619], [12.565448, 55.672199], [12.564894, 55.672755], [12.564471, 55.673001], [12.564082, 55.673273], [12.56358, 55.673701], [12.563177, 55.674172], [12.562952, 55.674493], [12.562775, 55.674822], [12.562662, 55.675158], [12.562582, 55.675502], [12.562566, 55.675673], [12.562567, 55.676033], [12.562595, 55.676347], [12.562686, 55.67665], [12.562887, 55.677102], [12.563088, 55.677393], [12.563321, 55.677674], [12.563616, 55.677945], [12.563926, 55.678205], [12.566925, 55.679862], [12.570342, 55.682425], [12.571245, 55.683073], [12.572231, 55.683772], [12.574645, 55.685275], [12.57656, 55.686559], [12.580036, 55.688535], [12.581921, 55.689478], [12.583845, 55.690501], [12.587131, 55.692482], [12.587571, 55.692766]]}, "properties": {"shape_id": "141", "route_id": "25659_2", "route_short_name": "804", "agency_id": "401"}}, {"type": "Feature", "geometry": {"type": "LineString", "coordinates": [[12.88, 55.56], [12.739214, 55.605676], [12.680068, 55.629822], [12.676787, 55.631108], [12.673518, 55.632015], [12.670417, 55.632504], [12.667683, 55.632675], [12.665118, 55.632617], [12.661693, 55.632198], [12.65897, 55.631461], [12.655715, 55.6303], [12.65171, 55.629628], [12.649338, 55.629581], [12.649344, 55.629581], [12.649338, 55.629581], [12.648971, 55.629565], [12.645256, 55.629784], [12.641718, 55.630195], [12.639121, 55.63047], [12.63534, 55.630663], [12.632811, 55.630639], [12.62249, 55.630243], [12.602097, 55.629711], [12.600027, 55.629664], [12.596495, 55.629453], [12.593769, 55.629192], [12.589527, 55.628687], [12.585733, 55.628393], [12.582231, 55.628333], [12.57878, 55.628479], [12.575612, 55.628599], [12.572525, 55.628905], [12.569784, 55.629344], [12.566871, 55.629995], [12.563977, 55.630862], [12.561733, 55.631701], [12.559581, 55.63268], [12.557569, 55.633809], [12.555428, 55.635264], [12.554036, 55.636393], [12.549783, 55.639978], [12.54818, 55.641238], [12.5469, 55.642381], [12.54488, 55.64413], [12.543439, 55.645602], [12.5425, 55.646995], [12.54145, 55.648923], [12.539792, 55.652046], [12.539205, 55.653466], [12.539001, 55.654209], [12.538935, 55.654705], [12.538917, 55.655209], [12.538924, 55.655461], [12.53929, 55.657411], [12.53992, 55.65875], [12.541042, 55.660597], [12.541383, 55.661028], [12.541662, 55.661298], [12.541988, 55.661559], [12.542544, 55.661902], [12.543144, 55.662209], [12.543836, 55.662477], [12.544377, 55.66265], [12.544539, 55.662681], [12.545389, 55.662764], [12.546065, 55.662844], [12.547051, 55.663022], [12.5477, 55.663165], [12.558024, 55.664394], [12.558608, 55.664512], [12.558984, 55.664627], [12.559329, 55.664752], [12.559909, 55.665005], [12.562396, 55.666291], [12.564835, 55.667568], [12.565208, 55.667818], [12.56569, 55.668218], [12.565939, 55.668507], [12.566157, 55.668807], [12.566406, 55.669267], [12.566529, 55.669749], [12.566541, 55.670225], [12.566441, 55.670705], [12.566311, 55.671023], [12.56592, 55.671619], [12.565448, 55.672199], [12.564894, 55.672755], [12.564471, 55.673001], [12.564082, 55.673273], [12.56358, 55.673701], [12.563177, 55.674172], [12.562952, 55.674493], [12.562775, 55.674822], [12.562662, 55.675158], [12.562582, 55.675502], [12.562566, 55.675673], [12.562567, 55.676033], [12.562595, 55.676347], [12.562686, 55.67665], [12.562887, 55.677102], [12.563088, 55.677393], [12.563321, 55.677674], [12.563616, 55.677945], [12.563926, 55.678205], [12.566925, 55.679862], [12.570342, 55.682425], [12.571245, 55.683073], [12.572231, 55.683772], [12.574645, 55.685275], [12.57656, 55.686559], [12.580036, 55.688535], [12.581921, 55.689478], [12.583845, 55.690501], [12.587131, 55.692482], [12.587571, 55.692766]]}, "properties": {"shape_id": "145", "route_id": "25659_2", "route_short_name": "804", "agency_id": "401"}}, {"type": "Feature", "geometry": {"type": "LineString", "coordinates": [[12.88, 55.56], [12.739214, 55.605676], [12.680068, 55.629822], [12.676787, 55.631108], [12.673518, 55.632015], [12.670417, 55.632504], [12.667683, 55.632675], [12.665118, 55.632617], [12.661693, 55.632198], [12.65897, 55.631461], [12.655715, 55.6303], [12.65171, 55.629628], [12.649338, 55.629581], [12.649344, 55.629581], [12.649338, 55.629581], [12.648971, 55.629565], [12.645256, 55.629784], [12.641718, 55.630195], [12.639121, 55.63047], [12.63534, 55.630663], [12.632811, 55.630639], [12.62249, 55.630243], [12.602097, 55.629711], [12.600027, 55.629664], [12.596495, 55.629453], [12.593769, 55.629192], [12.589527, 55.628687], [12.585733, 55.628393], [12.582231, 55.628333], [12.57878, 55.628479], [12.575612, 55.628599], [12.572525, 55.628905], [12.569784, 55.629344], [12.566871, 55.629995], [12.563977, 55.630862], [12.561733, 55.631701], [12.559581, 55.63268], [12.557569, 55.633809], [12.555428, 55.635264], [12.554036, 55.636393], [12.549783, 55.639978], [12.54818, 55.641238], [12.5469, 55.642381], [12.54488, 55.64413], [12.543439, 55.645602], [12.5425, 55.646995], [12.54145, 55.648923], [12.539792, 55.652046], [12.539205, 55.653466], [12.539001, 55.654209], [12.538935, 55.654705], [12.538917, 55.655209], [12.538924, 55.655461], [12.53929, 55.657411], [12.53992, 55.65875], [12.541042, 55.660597], [12.541383, 55.661028], [12.541662, 55.661298], [12.541988, 55.661559], [12.542544, 55.661902], [12.543144, 55.662209], [12.543836, 55.662477], [12.544377, 55.66265], [12.544539, 55.662681], [12.545389, 55.662764], [12.546065, 55.662844], [12.547051, 55.663022], [12.5477, 55.663165], [12.558024, 55.664394], [12.558608, 55.664512], [12.558984, 55.664627], [12.559329, 55.664752], [12.559909, 55.665005], [12.562396, 55.666291], [12.564835, 55.667568], [12.565208, 55.667818], [12.56569, 55.668218], [12.565939, 55.668507], [12.566157, 55.668807], [12.566406, 55.669267], [12.566529, 55.669749], [12.566541, 55.670225], [12.566441, 55.670705], [12.566311, 55.671023], [12.56592, 55.671619], [12.565448, 55.672199], [12.564894, 55.672755], [12.564471, 55.673001], [12.564082, 55.673273], [12.56358, 55.673701], [12.563177, 55.674172], [12.562952, 55.674493], [12.562775, 55.674822], [12.562662, 55.675158], [12.562582, 55.675502], [12.562566, 55.675673], [12.562567, 55.676033], [12.562595, 55.676347], [12.562686, 55.67665], [12.562887, 55.677102], [12.563088, 55.677393], [12.563321, 55.677674], [12.563616, 55.677945], [12.563926, 55.678205], [12.566925, 55.679862], [12.570342, 55.682425], [12.571245, 55.683073], [12.572231, 55.683772], [12.574645, 55.685275], [12.57656, 55.686559], [12.580036, 55.688535], [12.581921, 55.689478], [12.583845, 55.690501], [12.587131, 55.692482], [12.587571, 55.692766]]}, "properties": {"shape_id": "147", "route_id": "25659_2", "route_short_name": "804", "agency_id": "401"}}, {"type": "Feature", "geometry": {"type": "LineString", "coordinates": [[12.88, 55.56], [12.739214, 55.605676], [12.680068, 55.629822], [12.676787, 55.631108], [12.673518, 55.632015], [12.670417, 55.632504], [12.667683, 55.632675], [12.665118, 55.632617], [12.661693, 55.632198], [12.65897, 55.631461], [12.655715, 55.6303], [12.65171, 55.629628], [12.649338, 55.629581], [12.649344, 55.629581], [12.649338, 55.629581], [12.648971, 55.629565], [12.645256, 55.629784], [12.641718, 55.630195], [12.639121, 55.63047], [12.63534, 55.630663], [12.632811, 55.630639], [12.62249, 55.630243], [12.602097, 55.629711], [12.600027, 55.629664], [12.596495, 55.629453], [12.593769, 55.629192], [12.589527, 55.628687], [12.585733, 55.628393], [12.582231, 55.628333], [12.57878, 55.628479], [12.575612, 55.628599], [12.572525, 55.628905], [12.569784, 55.629344], [12.566871, 55.629995], [12.563977, 55.630862], [12.561733, 55.631701], [12.559581, 55.63268], [12.557569, 55.633809], [12.555428, 55.635264], [12.554036, 55.636393], [12.549783, 55.639978], [12.54818, 55.641238], [12.5469, 55.642381], [12.54488, 55.64413], [12.543439, 55.645602], [12.5425, 55.646995], [12.54145, 55.648923], [12.539792, 55.652046], [12.539205, 55.653466], [12.539001, 55.654209], [12.538935, 55.654705], [12.538917, 55.655209], [12.538924, 55.655461], [12.53929, 55.657411], [12.53992, 55.65875], [12.541042, 55.660597], [12.541383, 55.661028], [12.541662, 55.661298], [12.541988, 55.661559], [12.542544, 55.661902], [12.543144, 55.662209], [12.543836, 55.662477], [12.544377, 55.66265], [12.544539, 55.662681], [12.545389, 55.662764], [12.546065, 55.662844], [12.547051, 55.663022], [12.5477, 55.663165], [12.558024, 55.664394], [12.558608, 55.664512], [12.558984, 55.664627], [12.559329, 55.664752], [12.559909, 55.665005], [12.562396, 55.666291], [12.564835, 55.667568], [12.565208, 55.667818], [12.56569, 55.668218], [12.565939, 55.668507], [12.566157, 55.668807], [12.566406, 55.669267], [12.566529, 55.669749], [12.566541, 55.670225], [12.566441, 55.670705], [12.566311, 55.671023], [12.56592, 55.671619], [12.565448, 55.672199], [12.564894, 55.672755], [12.564471, 55.673001], [12.564082, 55.673273], [12.56358, 55.673701], [12.563177, 55.674172], [12.562952, 55.674493], [12.562775, 55.674822], [12.562662, 55.675158], [12.562582, 55.675502], [12.562566, 55.675673], [12.562567, 55.676033], [12.562595, 55.676347], [12.562686, 55.67665], [12.562887, 55.677102], [12.563088, 55.677393], [12.563321, 55.677674], [12.563616, 55.677945], [12.563926, 55.678205], [12.566925, 55.679862], [12.570342, 55.682425], [12.571245, 55.683073], [12.572231, 55.683772], [12.574645, 55.685275], [12.57656, 55.686559], [12.580036, 55.688535], [12.581921, 55.689478], [12.583845, 55.690501], [12.587131, 55.692482], [12.587571, 55.692766]]}, "properties": {"shape_id": "149", "route_id": "25659_2", "route_short_name": "804", "agency_id": "401"}}, {"type": "Feature", "geometry": {"type": "LineString", "coordinates": [[12.564894, 55.672755], [12.565448, 55.672199], [12.56592, 55.671619], [12.566311, 55.671023], [12.566441, 55.670705], [12.566541, 55.670225], [12.566529, 55.669749], [12.566406, 55.669267], [12.566157, 55.668807], [12.565939, 55.668507], [12.56569, 55.668218], [12.565208, 55.667818], [12.564835, 55.667568], [12.562396, 55.666291], [12.559909, 55.665005], [12.559329, 55.664752], [12.558984, 55.664627], [12.558608, 55.664512], [12.558024, 55.664394], [12.5477, 55.663165], [12.547051, 55.663022], [12.546065, 55.662844], [12.545389, 55.662764], [12.544539, 55.662681], [12.544377, 55.66265], [12.543836, 55.662477], [12.543144, 55.662209], [12.542544, 55.661902], [12.541988, 55.661559], [12.541662, 55.661298], [12.541383, 55.661028], [12.541042, 55.660597], [12.53992, 55.65875], [12.53929, 55.657411], [12.538924, 55.655461], [12.538917, 55.655209], [12.538935, 55.654705], [12.539001, 55.654209], [12.539205, 55.653466], [12.539792, 55.652046], [12.54145, 55.648923], [12.5425, 55.646995], [12.543439, 55.645602], [12.54488, 55.64413], [12.5469, 55.642381], [12.54818, 55.641238], [12.549783, 55.639978], [12.554036, 55.636393], [12.555428, 55.635264], [12.557569, 55.633809], [12.559581, 55.63268], [12.561733, 55.631701], [12.563977, 55.630862], [12.566871, 55.629995], [12.569784, 55.629344], [12.572525, 55.628905], [12.575612, 55.628599], [12.57878, 55.628479], [12.582231, 55.628333], [12.585733, 55.628393], [12.589527, 55.628687], [12.593769, 55.629192], [12.596495, 55.629453], [12.600027, 55.629664], [12.602097, 55.629711], [12.62249, 55.630243], [12.632811, 55.630639], [12.63534, 55.630663], [12.639121, 55.63047], [12.641718, 55.630195], [12.645256, 55.629784], [12.648971, 55.629565], [12.649338, 55.629581], [12.649344, 55.629581], [12.649338, 55.629581], [12.65171, 55.629628], [12.655715, 55.6303], [12.65897, 55.631461], [12.661693, 55.632198], [12.665118, 55.632617], [12.667683, 55.632675], [12.670417, 55.632504], [12.673518, 55.632015], [12.676787, 55.631108], [12.680068, 55.629822], [12.739214, 55.605676], [12.88, 55.56]]}, "properties": {"shape_id": "84", "route_id": "25659_2", "route_short_name": "804", "agency_id": "401"}}, {"type": "Feature", "geometry": {"type": "LineString", "coordinates": [[12.587571, 55.692766], [12.587131, 55.692482], [12.583845, 55.690501], [12.581921, 55.689478], [12.580036, 55.688535], [12.57656, 55.686559], [12.574645, 55.685275], [12.572231, 55.683772], [12.571245, 55.683073], [12.570342, 55.682425], [12.566925, 55.679862], [12.563926, 55.678205], [12.563616, 55.677945], [12.563321, 55.677674], [12.563088, 55.677393], [12.562887, 55.677102], [12.562686, 55.67665], [12.562595, 55.676347], [12.562567, 55.676033], [12.562566, 55.675673], [12.562582, 55.675502], [12.562662, 55.675158], [12.562775, 55.674822], [12.562952, 55.674493], [12.563177, 55.674172], [12.56358, 55.673701], [12.564082, 55.673273], [12.564471, 55.673001], [12.564894, 55.672755], [12.565448, 55.672199], [12.56592, 55.671619], [12.566311, 55.671023], [12.566441, 55.670705], [12.566541, 55.670225], [12.566529, 55.669749], [12.566406, 55.669267], [12.566157, 55.668807], [12.565939, 55.668507], [12.56569, 55.668218], [12.565208, 55.667818], [12.564835, 55.667568], [12.562396, 55.666291], [12.559909, 55.665005], [12.559329, 55.664752], [12.558984, 55.664627], [12.558608, 55.664512], [12.558024, 55.664394], [12.5477, 55.663165], [12.547051, 55.663022], [12.546065, 55.662844], [12.545389, 55.662764], [12.544539, 55.662681], [12.544377, 55.66265], [12.543836, 55.662477], [12.543144, 55.662209], [12.542544, 55.661902], [12.541988, 55.661559], [12.541662, 55.661298], [12.541383, 55.661028], [12.541042, 55.660597], [12.53992, 55.65875], [12.53929, 55.657411], [12.538924, 55.655461], [12.538917, 55.655209], [12.538935, 55.654705], [12.539001, 55.654209], [12.539205, 55.653466], [12.539792, 55.652046], [12.54145, 55.648923], [12.5425, 55.646995], [12.543439, 55.645602], [12.54488, 55.64413], [12.5469, 55.642381], [12.54818, 55.641238], [12.549783, 55.639978], [12.554036, 55.636393], [12.555428, 55.635264], [12.557569, 55.633809], [12.559581, 55.63268], [12.561733, 55.631701], [12.563977, 55.630862], [12.566871, 55.629995], [12.569784, 55.629344], [12.572525, 55.628905], [12.575612, 55.628599], [12.57878, 55.628479], [12.582231, 55.628333], [12.585733, 55.628393], [12.589527, 55.628687], [12.593769, 55.629192], [12.596495, 55.629453], [12.600027, 55.629664], [12.602097, 55.629711], [12.62249, 55.630243], [12.632811, 55.630639], [12.63534, 55.630663], [12.639121, 55.63047], [12.641718, 55.630195], [12.645256, 55.629784], [12.648971, 55.629565], [12.649338, 55.629581], [12.649344, 55.629581], [12.649338, 55.629581], [12.65171, 55.629628], [12.655715, 55.6303], [12.65897, 55.631461], [12.661693, 55.632198], [12.665118, 55.632617], [12.667683, 55.632675], [12.670417, 55.632504], [12.673518, 55.632015], [12.676787, 55.631108], [12.680068, 55.629822], [12.739214, 55.605676], [12.88, 55.56]]}, "properties": {"shape_id": "85", "route_id": "25659_2", "route_short_name": "804", "agency_id": "401"}}, {"type": "Feature", "geometry": {"type": "LineString", "coordinates": [[12.587571, 55.692766], [12.587131, 55.692482], [12.583845, 55.690501], [12.581921, 55.689478], [12.580036, 55.688535], [12.57656, 55.686559], [12.574645, 55.685275], [12.572231, 55.683772], [12.571245, 55.683073], [12.570342, 55.682425], [12.566925, 55.679862], [12.563926, 55.678205], [12.563616, 55.677945], [12.563321, 55.677674], [12.563088, 55.677393], [12.562887, 55.677102], [12.562686, 55.67665], [12.562595, 55.676347], [12.562567, 55.676033], [12.562566, 55.675673], [12.562582, 55.675502], [12.562662, 55.675158], [12.562775, 55.674822], [12.562952, 55.674493], [12.563177, 55.674172], [12.56358, 55.673701], [12.564082, 55.673273], [12.564471, 55.673001], [12.564894, 55.672755], [12.565448, 55.672199], [12.56592, 55.671619], [12.566311, 55.671023], [12.566441, 55.670705], [12.566541, 55.670225], [12.566529, 55.669749], [12.566406, 55.669267], [12.566157, 55.668807], [12.565939, 55.668507], [12.56569, 55.668218], [12.565208, 55.667818], [12.564835, 55.667568], [12.562396, 55.666291], [12.559909, 55.665005], [12.559329, 55.664752], [12.558984, 55.664627], [12.558608, 55.664512], [12.558024, 55.664394], [12.5477, 55.663165], [12.547051, 55.663022], [12.546065, 55.662844], [12.545389, 55.662764], [12.544539, 55.662681], [12.544377, 55.66265], [12.543836, 55.662477], [12.543144, 55.662209], [12.542544, 55.661902], [12.541988, 55.661559], [12.541662, 55.661298], [12.541383, 55.661028], [12.541042, 55.660597], [12.53992, 55.65875], [12.53929, 55.657411], [12.538924, 55.655461], [12.538917, 55.655209], [12.538935, 55.654705], [12.539001, 55.654209], [12.539205, 55.653466], [12.539792, 55.652046], [12.54145, 55.648923], [12.5425, 55.646995], [12.543439, 55.645602], [12.54488, 55.64413], [12.5469, 55.642381], [12.54818, 55.641238], [12.549783, 55.639978], [12.554036, 55.636393], [12.555428, 55.635264], [12.557569, 55.633809], [12.559581, 55.63268], [12.561733, 55.631701], [12.563977, 55.630862], [12.566871, 55.629995], [12.569784, 55.629344], [12.572525, 55.628905], [12.575612, 55.628599], [12.57878, 55.628479], [12.582231, 55.628333], [12.585733, 55.628393], [12.589527, 55.628687], [12.593769, 55.629192], [12.596495, 55.629453], [12.600027, 55.629664], [12.602097, 55.629711], [12.62249, 55.630243], [12.632811, 55.630639], [12.63534, 55.630663], [12.639121, 55.63047], [12.641718, 55.630195], [12.645256, 55.629784], [12.648971, 55.629565], [12.649338, 55.629581], [12.649344, 55.629581], [12.649338, 55.629581], [12.65171, 55.629628], [12.655715, 55.6303], [12.65897, 55.631461], [12.661693, 55.632198], [12.665118, 55.632617], [12.667683, 55.632675], [12.670417, 55.632504], [12.673518, 55.632015], [12.676787, 55.631108], [12.680068, 55.629822], [12.739214, 55.605676], [12.88, 55.56]]}, "properties": {"shape_id": "92", "route_id": "25659_2", "route_short_name": "804", "agency_id": "401"}}, {"type": "Feature", "geometry": {"type": "LineString", "coordinates": [[12.587571, 55.692766], [12.587131, 55.692482], [12.583845, 55.690501], [12.581921, 55.689478], [12.580036, 55.688535], [12.57656, 55.686559], [12.574645, 55.685275], [12.572231, 55.683772], [12.571245, 55.683073], [12.570342, 55.682425], [12.566925, 55.679862], [12.563926, 55.678205], [12.563616, 55.677945], [12.563321, 55.677674], [12.563088, 55.677393], [12.562887, 55.677102], [12.562686, 55.67665], [12.562595, 55.676347], [12.562567, 55.676033], [12.562566, 55.675673], [12.562582, 55.675502], [12.562662, 55.675158], [12.562775, 55.674822], [12.562952, 55.674493], [12.563177, 55.674172], [12.56358, 55.673701], [12.564082, 55.673273], [12.564471, 55.673001], [12.564894, 55.672755], [12.565448, 55.672199], [12.56592, 55.671619], [12.566311, 55.671023], [12.566441, 55.670705], [12.566541, 55.670225], [12.566529, 55.669749], [12.566406, 55.669267], [12.566157, 55.668807], [12.565939, 55.668507], [12.56569, 55.668218], [12.565208, 55.667818], [12.564835, 55.667568], [12.562396, 55.666291], [12.559909, 55.665005], [12.559329, 55.664752], [12.558984, 55.664627], [12.558608, 55.664512], [12.558024, 55.664394], [12.5477, 55.663165], [12.547051, 55.663022], [12.546065, 55.662844], [12.545389, 55.662764], [12.544539, 55.662681], [12.544377, 55.66265], [12.543836, 55.662477], [12.543144, 55.662209], [12.542544, 55.661902], [12.541988, 55.661559], [12.541662, 55.661298], [12.541383, 55.661028], [12.541042, 55.660597], [12.53992, 55.65875], [12.53929, 55.657411], [12.538924, 55.655461], [12.538917, 55.655209], [12.538935, 55.654705], [12.539001, 55.654209], [12.539205, 55.653466], [12.539792, 55.652046], [12.54145, 55.648923], [12.5425, 55.646995], [12.543439, 55.645602], [12.54488, 55.64413], [12.5469, 55.642381], [12.54818, 55.641238], [12.549783, 55.639978], [12.554036, 55.636393], [12.555428, 55.635264], [12.557569, 55.633809], [12.559581, 55.63268], [12.561733, 55.631701], [12.563977, 55.630862], [12.566871, 55.629995], [12.569784, 55.629344], [12.572525, 55.628905], [12.575612, 55.628599], [12.57878, 55.628479], [12.582231, 55.628333], [12.585733, 55.628393], [12.589527, 55.628687], [12.593769, 55.629192], [12.596495, 55.629453], [12.600027, 55.629664], [12.602097, 55.629711], [12.62249, 55.630243], [12.632811, 55.630639], [12.63534, 55.630663], [12.639121, 55.63047], [12.641718, 55.630195], [12.645256, 55.629784], [12.648971, 55.629565], [12.649338, 55.629581], [12.649344, 55.629581], [12.649338, 55.629581], [12.65171, 55.629628], [12.655715, 55.6303], [12.65897, 55.631461], [12.661693, 55.632198], [12.665118, 55.632617], [12.667683, 55.632675], [12.670417, 55.632504], [12.673518, 55.632015], [12.676787, 55.631108], [12.680068, 55.629822], [12.739214, 55.605676], [12.88, 55.56]]}, "properties": {"shape_id": "153", "route_id": "25670_2", "route_short_name": "806", "agency_id": "401"}}, {"type": "Feature", "geometry": {"type": "LineString", "coordinates": [[12.88, 55.56], [12.739214, 55.605676], [12.680068, 55.629822], [12.676787, 55.631108], [12.673518, 55.632015], [12.670417, 55.632504], [12.667683, 55.632675], [12.665118, 55.632617], [12.661693, 55.632198], [12.65897, 55.631461], [12.655715, 55.6303], [12.65171, 55.629628], [12.649338, 55.629581], [12.649344, 55.629581], [12.649338, 55.629581], [12.648971, 55.629565], [12.645256, 55.629784], [12.641718, 55.630195], [12.639121, 55.63047], [12.63534, 55.630663], [12.632811, 55.630639], [12.62249, 55.630243], [12.602097, 55.629711], [12.600027, 55.629664], [12.596495, 55.629453], [12.593769, 55.629192], [12.589527, 55.628687], [12.585733, 55.628393], [12.582231, 55.628333], [12.57878, 55.628479], [12.575612, 55.628599], [12.572525, 55.628905], [12.569784, 55.629344], [12.566871, 55.629995], [12.563977, 55.630862], [12.561733, 55.631701], [12.559581, 55.63268], [12.557569, 55.633809], [12.555428, 55.635264], [12.554036, 55.636393], [12.549783, 55.639978], [12.54818, 55.641238], [12.5469, 55.642381], [12.54488, 55.64413], [12.543439, 55.645602], [12.5425, 55.646995], [12.54145, 55.648923], [12.539792, 55.652046], [12.539205, 55.653466], [12.539001, 55.654209], [12.538935, 55.654705], [12.538917, 55.655209], [12.538924, 55.655461], [12.53929, 55.657411], [12.53992, 55.65875], [12.541042, 55.660597], [12.541383, 55.661028], [12.541662, 55.661298], [12.541988, 55.661559], [12.542544, 55.661902], [12.543144, 55.662209], [12.543836, 55.662477], [12.544377, 55.66265], [12.544539, 55.662681], [12.545389, 55.662764], [12.546065, 55.662844], [12.547051, 55.663022], [12.5477, 55.663165], [12.558024, 55.664394], [12.558608, 55.664512], [12.558984, 55.664627], [12.559329, 55.664752], [12.559909, 55.665005], [12.562396, 55.666291], [12.564835, 55.667568], [12.565208, 55.667818], [12.56569, 55.668218], [12.565939, 55.668507], [12.566157, 55.668807], [12.566406, 55.669267], [12.566529, 55.669749], [12.566541, 55.670225], [12.566441, 55.670705], [12.566311, 55.671023], [12.56592, 55.671619], [12.565448, 55.672199], [12.564894, 55.672755], [12.564471, 55.673001], [12.564082, 55.673273], [12.56358, 55.673701], [12.563177, 55.674172], [12.562952, 55.674493], [12.562775, 55.674822], [12.562662, 55.675158], [12.562582, 55.675502], [12.562566, 55.675673], [12.562567, 55.676033], [12.562595, 55.676347], [12.562686, 55.67665], [12.562887, 55.677102], [12.563088, 55.677393], [12.563321, 55.677674], [12.563616, 55.677945], [12.563926, 55.678205], [12.566925, 55.679862], [12.570342, 55.682425], [12.571245, 55.683073], [12.572231, 55.683772], [12.574645, 55.685275], [12.57656, 55.686559], [12.580036, 55.688535], [12.581921, 55.689478], [12.583845, 55.690501], [12.587131, 55.692482], [12.587571, 55.692766]]}, "properties": {"shape_id": "155", "route_id": "25670_2", "route_short_name": "806", "agency_id": "401"}}, {"type": "Feature", "geometry": {"type": "LineString", "coordinates": [[12.587571, 55.692766], [12.587131, 55.692482], [12.583845, 55.690501], [12.581921, 55.689478], [12.580036, 55.688535], [12.57656, 55.686559], [12.574645, 55.685275], [12.572231, 55.683772], [12.571245, 55.683073], [12.570342, 55.682425], [12.566925, 55.679862], [12.563926, 55.678205], [12.563616, 55.677945], [12.563321, 55.677674], [12.563088, 55.677393], [12.562887, 55.677102], [12.562686, 55.67665], [12.562595, 55.676347], [12.562567, 55.676033], [12.562566, 55.675673], [12.562582, 55.675502], [12.562662, 55.675158], [12.562775, 55.674822], [12.562952, 55.674493], [12.563177, 55.674172], [12.56358, 55.673701], [12.564082, 55.673273], [12.564471, 55.673001], [12.564894, 55.672755], [12.565448, 55.672199], [12.56592, 55.671619], [12.566311, 55.671023], [12.566441, 55.670705], [12.566541, 55.670225], [12.566529, 55.669749], [12.566406, 55.669267], [12.566157, 55.668807], [12.565939, 55.668507], [12.56569, 55.668218], [12.565208, 55.667818], [12.564835, 55.667568], [12.562396, 55.666291], [12.559909, 55.665005], [12.559329, 55.664752], [12.558984, 55.664627], [12.558608, 55.664512], [12.558024, 55.664394], [12.5477, 55.663165], [12.547051, 55.663022], [12.546065, 55.662844], [12.545389, 55.662764], [12.544539, 55.662681], [12.544377, 55.66265], [12.543836, 55.662477], [12.543144, 55.662209], [12.542544, 55.661902], [12.541988, 55.661559], [12.541662, 55.661298], [12.541383, 55.661028], [12.541042, 55.660597], [12.53992, 55.65875], [12.53929, 55.657411], [12.538924, 55.655461], [12.538917, 55.655209], [12.538935, 55.654705], [12.539001, 55.654209], [12.539205, 55.653466], [12.539792, 55.652046], [12.54145, 55.648923], [12.5425, 55.646995], [12.543439, 55.645602], [12.54488, 55.64413], [12.5469, 55.642381], [12.54818, 55.641238], [12.549783, 55.639978], [12.554036, 55.636393], [12.555428, 55.635264], [12.557569, 55.633809], [12.559581, 55.63268], [12.561733, 55.631701], [12.563977, 55.630862], [12.566871, 55.629995], [12.569784, 55.629344], [12.572525, 55.628905], [12.575612, 55.628599], [12.57878, 55.628479], [12.582231, 55.628333], [12.585733, 55.628393], [12.589527, 55.628687], [12.593769, 55.629192], [12.596495, 55.629453], [12.600027, 55.629664], [12.602097, 55.629711], [12.62249, 55.630243], [12.632811, 55.630639], [12.63534, 55.630663], [12.639121, 55.63047], [12.641718, 55.630195], [12.645256, 55.629784], [12.648971, 55.629565], [12.649338, 55.629581], [12.649344, 55.629581], [12.649338, 55.629581], [12.65171, 55.629628], [12.655715, 55.6303], [12.65897, 55.631461], [12.661693, 55.632198], [12.665118, 55.632617], [12.667683, 55.632675], [12.670417, 55.632504], [12.673518, 55.632015], [12.676787, 55.631108], [12.680068, 55.629822], [12.739214, 55.605676], [12.88, 55.56]]}, "properties": {"shape_id": "174", "route_id": "26169_2", "route_short_name": "805", "agency_id": "401"}}, {"type": "Feature", "geometry": {"type": "LineString", "coordinates": [[12.88, 55.56], [12.739214, 55.605676], [12.680068, 55.629822], [12.676787, 55.631108], [12.673518, 55.632015], [12.670417, 55.632504], [12.667683, 55.632675], [12.665118, 55.632617], [12.661693, 55.632198], [12.65897, 55.631461], [12.655715, 55.6303], [12.65171, 55.629628], [12.649338, 55.629581], [12.649344, 55.629581], [12.649338, 55.629581], [12.648971, 55.629565], [12.645256, 55.629784], [12.641718, 55.630195], [12.639121, 55.63047], [12.63534, 55.630663], [12.632811, 55.630639], [12.62249, 55.630243], [12.602097, 55.629711], [12.600027, 55.629664], [12.596495, 55.629453], [12.593769, 55.629192], [12.589527, 55.628687], [12.585733, 55.628393], [12.582231, 55.628333], [12.57878, 55.628479], [12.575612, 55.628599], [12.572525, 55.628905], [12.569784, 55.629344], [12.566871, 55.629995], [12.563977, 55.630862], [12.561733, 55.631701], [12.559581, 55.63268], [12.557569, 55.633809], [12.555428, 55.635264], [12.554036, 55.636393], [12.549783, 55.639978], [12.54818, 55.641238], [12.5469, 55.642381], [12.54488, 55.64413], [12.543439, 55.645602], [12.5425, 55.646995], [12.54145, 55.648923], [12.539792, 55.652046], [12.539205, 55.653466], [12.539001, 55.654209], [12.538935, 55.654705], [12.538917, 55.655209], [12.538924, 55.655461], [12.53929, 55.657411], [12.53992, 55.65875], [12.541042, 55.660597], [12.541383, 55.661028], [12.541662, 55.661298], [12.541988, 55.661559], [12.542544, 55.661902], [12.543144, 55.662209], [12.543836, 55.662477], [12.544377, 55.66265], [12.544539, 55.662681], [12.545389, 55.662764], [12.546065, 55.662844], [12.547051, 55.663022], [12.5477, 55.663165], [12.558024, 55.664394], [12.558608, 55.664512], [12.558984, 55.664627], [12.559329, 55.664752], [12.559909, 55.665005], [12.562396, 55.666291], [12.564835, 55.667568], [12.565208, 55.667818], [12.56569, 55.668218], [12.565939, 55.668507], [12.566157, 55.668807], [12.566406, 55.669267], [12.566529, 55.669749], [12.566541, 55.670225], [12.566441, 55.670705], [12.566311, 55.671023], [12.56592, 55.671619], [12.565448, 55.672199], [12.564894, 55.672755], [12.564471, 55.673001], [12.564082, 55.673273], [12.56358, 55.673701], [12.563177, 55.674172], [12.562952, 55.674493], [12.562775, 55.674822], [12.562662, 55.675158], [12.562582, 55.675502], [12.562566, 55.675673], [12.562567, 55.676033], [12.562595, 55.676347], [12.562686, 55.67665], [12.562887, 55.677102], [12.563088, 55.677393], [12.563321, 55.677674], [12.563616, 55.677945], [12.563926, 55.678205], [12.566925, 55.679862], [12.570342, 55.682425], [12.571245, 55.683073], [12.572231, 55.683772], [12.574645, 55.685275], [12.57656, 55.686559], [12.580036, 55.688535], [12.581921, 55.689478], [12.583845, 55.690501], [12.587131, 55.692482], [12.587571, 55.692766]]}, "properties": {"shape_id": "175", "route_id": "26169_2", "route_short_name": "805", "agency_id": "401"}}, {"type": "Feature", "geometry": {"type": "LineString", "coordinates": [[11.62, 55.43], [11.65, 55.44], [11.62, 55.43], [11.65, 55.44], [11.72, 55.44], [11.772993, 55.437404], [11.779543, 55.437686], [11.782992, 55.43794], [11.786405, 55.438132], [11.786564, 55.438138], [11.803201, 55.438845], [11.82172, 55.439777], [11.82566, 55.440252], [11.851376, 55.444033], [11.896449, 55.450732], [11.899611, 55.451349], [11.905638, 55.45287], [11.911838, 55.454565], [11.914293, 55.455253], [11.916896, 55.456009], [11.919629, 55.456609], [11.921365, 55.456972], [11.923721, 55.457383], [11.925547, 55.457681], [11.927867, 55.458039], [11.930449, 55.458292], [11.932853, 55.458504], [11.93476, 55.458611], [11.936964, 55.458675], [11.939626, 55.458737], [11.94252, 55.458721], [11.944667, 55.458652], [11.949444, 55.458429], [11.952548, 55.458264], [11.956065, 55.458116], [11.960384, 55.457894], [11.963444, 55.457775], [11.966063, 55.457676], [11.967674, 55.457646], [11.970129, 55.457685], [11.972507, 55.457744], [11.975686, 55.457946], [11.978344, 55.458151], [11.980585, 55.458294], [11.982268, 55.458361], [11.985834, 55.458454], [11.990211, 55.458589], [11.9931, 55.458707], [11.996746, 55.459014], [12.000622, 55.459422], [12.003607, 55.459771], [12.007008, 55.460182], [12.012213, 55.461214], [12.01899, 55.462521], [12.025706, 55.463641], [12.029857, 55.464122], [12.037066, 55.464861], [12.043958, 55.465588], [12.04885, 55.466231], [12.05135, 55.466636], [12.057855, 55.467876], [12.071511, 55.471112], [12.077276, 55.472783], [12.084762, 55.475624], [12.089334, 55.477199], [12.094073, 55.478293], [12.09912, 55.479271], [12.102656, 55.479739], [12.107662, 55.480196], [12.113767, 55.480319], [12.132309, 55.480574], [12.138995, 55.480646], [12.141852, 55.480734], [12.14386, 55.480898], [12.146497, 55.481208], [12.149177, 55.48167], [12.151595, 55.48221], [12.153616, 55.482733], [12.155974, 55.483517], [12.15861, 55.4846], [12.161555, 55.485989], [12.163656, 55.487302], [12.166076, 55.489244], [12.167483, 55.490601], [12.169244, 55.492803], [12.170768, 55.495416], [12.172743, 55.499887], [12.173575, 55.501753], [12.175371, 55.505573], [12.17671, 55.508235], [12.178043, 55.510224], [12.184833, 55.519937], [12.189842, 55.52681], [12.193331, 55.531727], [12.19674, 55.535045], [12.19889, 55.536733], [12.201827, 55.538733], [12.205124, 55.540472], [12.209208, 55.542532], [12.211374, 55.543815], [12.213771, 55.545397], [12.216937, 55.547849], [12.220645, 55.550926], [12.223323, 55.553409], [12.226584, 55.557971], [12.229512, 55.561957], [12.231142, 55.563641], [12.233907, 55.565815], [12.237689, 55.568593], [12.244842, 55.573357], [12.248332, 55.575458], [12.25406, 55.57928], [12.259592, 55.583602], [12.263079, 55.586017], [12.269339, 55.589905], [12.272843, 55.592518], [12.276417, 55.595398], [12.281743, 55.599652], [12.283152, 55.600747], [12.285384, 55.60218], [12.287077, 55.60324], [12.291806, 55.605658], [12.301476, 55.61054], [12.30937, 55.614499], [12.312119, 55.616196], [12.313519, 55.617165], [12.316405, 55.619542], [12.320607, 55.623771], [12.323377, 55.626645], [12.325071, 55.628253], [12.3275, 55.630093], [12.329648, 55.631626], [12.331084, 55.63263], [12.334149, 55.634471], [12.337315, 55.635994], [12.340635, 55.637468], [12.345088, 55.638983], [12.351123, 55.64041], [12.356682, 55.641282], [12.36325, 55.641687], [12.373892, 55.641952], [12.382046, 55.641925], [12.390735, 55.641298], [12.401242, 55.64], [12.404112, 55.639741], [12.413441, 55.639158], [12.415539, 55.639162], [12.418013, 55.639273], [12.420385, 55.639494], [12.424012, 55.640068], [12.42657, 55.640787], [12.430238, 55.642006], [12.434657, 55.644175], [12.436254, 55.644985], [12.440375, 55.64647], [12.444292, 55.647259], [12.449923, 55.648009], [12.454925, 55.648659], [12.458626, 55.649328], [12.469996, 55.651317], [12.474265, 55.651943], [12.479018, 55.652455], [12.481989, 55.652785], [12.483592, 55.653108], [12.484976, 55.653464], [12.486367, 55.65391], [12.487392, 55.654348], [12.493047, 55.657307], [12.494763, 55.658005], [12.496006, 55.658212], [12.49731, 55.658391], [12.499413, 55.65843], [12.501247, 55.658305], [12.503278, 55.657897], [12.506228, 55.656913], [12.508147, 55.656139], [12.509937, 55.65535], [12.512294, 55.65415], [12.515503, 55.652331], [12.515967, 55.652363], [12.516443, 55.652359], [12.516918, 55.652327], [12.517389, 55.652268], [12.517843, 55.652183], [12.52028, 55.65152], [12.52122, 55.651358], [12.521865, 55.651286], [12.522512, 55.651231], [12.523178, 55.651212], [12.523831, 55.65122], [12.527341, 55.651524], [12.528437, 55.65169], [12.529576, 55.651972], [12.535749, 55.653763], [12.536557, 55.654082], [12.537482, 55.654648], [12.537653, 55.654778], [12.538153, 55.655205], [12.538576, 55.65566], [12.538906, 55.656145], [12.53929, 55.657411], [12.53992, 55.65875], [12.541042, 55.660597], [12.541383, 55.661028], [12.541817, 55.661429], [12.542343, 55.661791], [12.542944, 55.662116], [12.54359, 55.662394], [12.544377, 55.66265], [12.544539, 55.662681], [12.545389, 55.662764], [12.546065, 55.662844], [12.547051, 55.663022], [12.5477, 55.663165], [12.557815, 55.664365], [12.558218, 55.664425], [12.558608, 55.664512], [12.559164, 55.664685], [12.559909, 55.665005], [12.562396, 55.666291], [12.564634, 55.667457], [12.565021, 55.667689], [12.565379, 55.667948], [12.56569, 55.668218], [12.565939, 55.668507], [12.566157, 55.668807], [12.566328, 55.669108], [12.566452, 55.669428], [12.566529, 55.669749], [12.566543, 55.670072], [12.566524, 55.670388], [12.566441, 55.670705], [12.566311, 55.671023], [12.566186, 55.671225], [12.56592, 55.671619], [12.565622, 55.672014], [12.565274, 55.672384], [12.564894, 55.672755]]}, "properties": {"shape_id": "2593", "route_id": "26549_2", "route_short_name": "ECE", "agency_id": "203"}}, {"type": "Feature", "geometry": {"type": "LineString", "coordinates": [[12.564894, 55.672755], [12.565274, 55.672384], [12.565622, 55.672014], [12.56592, 55.671619], [12.566186, 55.671225], [12.566311, 55.671023], [12.566441, 55.670705], [12.566524, 55.670388], [12.566543, 55.670072], [12.566529, 55.669749], [12.566452, 55.669428], [12.566328, 55.669108], [12.566157, 55.668807], [12.565939, 55.668507], [12.56569, 55.668218], [12.565379, 55.667948], [12.565021, 55.667689], [12.564634, 55.667457], [12.562396, 55.666291], [12.559909, 55.665005], [12.559164, 55.664685], [12.558608, 55.664512], [12.558218, 55.664425], [12.557815, 55.664365], [12.5477, 55.663165], [12.547051, 55.663022], [12.546065, 55.662844], [12.545389, 55.662764], [12.544539, 55.662681], [12.544377, 55.66265], [12.54359, 55.662394], [12.542944, 55.662116], [12.542343, 55.661791], [12.541817, 55.661429], [12.541383, 55.661028], [12.541042, 55.660597], [12.53992, 55.65875], [12.53929, 55.657411], [12.538906, 55.656145], [12.538576, 55.65566], [12.538153, 55.655205], [12.537653, 55.654778], [12.537482, 55.654648], [12.536557, 55.654082], [12.535749, 55.653763], [12.529576, 55.651972], [12.528437, 55.65169], [12.527341, 55.651524], [12.523831, 55.65122], [12.523178, 55.651212], [12.522512, 55.651231], [12.521865, 55.651286], [12.52122, 55.651358], [12.52028, 55.65152], [12.517843, 55.652183], [12.517389, 55.652268], [12.516918, 55.652327], [12.516443, 55.652359], [12.515967, 55.652363], [12.515503, 55.652331], [12.513475, 55.653487], [12.511108, 55.65475], [12.508895, 55.655794], [12.506228, 55.656913], [12.503278, 55.657897], [12.501247, 55.658305], [12.499413, 55.65843], [12.49731, 55.658391], [12.496006, 55.658212], [12.494763, 55.658005], [12.493047, 55.657307], [12.487392, 55.654348], [12.486367, 55.65391], [12.484976, 55.653464], [12.483592, 55.653108], [12.481989, 55.652785], [12.479018, 55.652455], [12.474265, 55.651943], [12.469996, 55.651317], [12.458626, 55.649328], [12.454925, 55.648659], [12.449923, 55.648009], [12.444292, 55.647259], [12.440375, 55.64647], [12.436254, 55.644985], [12.434657, 55.644175], [12.430238, 55.642006], [12.42657, 55.640787], [12.424012, 55.640068], [12.420385, 55.639494], [12.418013, 55.639273], [12.415539, 55.639162], [12.413441, 55.639158], [12.404112, 55.639741], [12.401242, 55.64], [12.390735, 55.641298], [12.382046, 55.641925], [12.373892, 55.641952], [12.36325, 55.641687], [12.356682, 55.641282], [12.351123, 55.64041], [12.345088, 55.638983], [12.340635, 55.637468], [12.337315, 55.635994], [12.334149, 55.634471], [12.331084, 55.63263], [12.329648, 55.631626], [12.3275, 55.630093], [12.325071, 55.628253], [12.323377, 55.626645], [12.320607, 55.623771], [12.316405, 55.619542], [12.313519, 55.617165], [12.312119, 55.616196], [12.30937, 55.614499], [12.301476, 55.61054], [12.291806, 55.605658], [12.287077, 55.60324], [12.285384, 55.60218], [12.283152, 55.600747], [12.281743, 55.599652], [12.276417, 55.595398], [12.272843, 55.592518], [12.269339, 55.589905], [12.263079, 55.586017], [12.259592, 55.583602], [12.25406, 55.57928], [12.248332, 55.575458], [12.244842, 55.573357], [12.237689, 55.568593], [12.233907, 55.565815], [12.231142, 55.563641], [12.229512, 55.561957], [12.226584, 55.557971], [12.223323, 55.553409], [12.220645, 55.550926], [12.216937, 55.547849], [12.213771, 55.545397], [12.211374, 55.543815], [12.209208, 55.542532], [12.205124, 55.540472], [12.201827, 55.538733], [12.19889, 55.536733], [12.19674, 55.535045], [12.193331, 55.531727], [12.189842, 55.52681], [12.184833, 55.519937], [12.178043, 55.510224], [12.17671, 55.508235], [12.175371, 55.505573], [12.173575, 55.501753], [12.172743, 55.499887], [12.170768, 55.495416], [12.169244, 55.492803], [12.167483, 55.490601], [12.166076, 55.489244], [12.163656, 55.487302], [12.161555, 55.485989], [12.15861, 55.4846], [12.155974, 55.483517], [12.153616, 55.482733], [12.151595, 55.48221], [12.149177, 55.48167], [12.146497, 55.481208], [12.14386, 55.480898], [12.141852, 55.480734], [12.138995, 55.480646], [12.132309, 55.480574], [12.113767, 55.480319], [12.107662, 55.480196], [12.102656, 55.479739], [12.09912, 55.479271], [12.094073, 55.478293], [12.089334, 55.477199], [12.084762, 55.475624], [12.077276, 55.472783], [12.071511, 55.471112], [12.057855, 55.467876], [12.05135, 55.466636], [12.04885, 55.466231], [12.043958, 55.465588], [12.037066, 55.464861], [12.029857, 55.464122], [12.025706, 55.463641], [12.01899, 55.462521], [12.012213, 55.461214], [12.007008, 55.460182], [12.003607, 55.459771], [12.000622, 55.459422], [11.996746, 55.459014], [11.9931, 55.458707], [11.990211, 55.458589], [11.985834, 55.458454], [11.982268, 55.458361], [11.980585, 55.458294], [11.978344, 55.458151], [11.975686, 55.457946], [11.972507, 55.457744], [11.970129, 55.457685], [11.967674, 55.457646], [11.966063, 55.457676], [11.963444, 55.457775], [11.960384, 55.457894], [11.956065, 55.458116], [11.952548, 55.458264], [11.949444, 55.458429], [11.944667, 55.458652], [11.94252, 55.458721], [11.939626, 55.458737], [11.936964, 55.458675], [11.93476, 55.458611], [11.932853, 55.458504], [11.930449, 55.458292], [11.927867, 55.458039], [11.925547, 55.457681], [11.923721, 55.457383], [11.921365, 55.456972], [11.919629, 55.456609], [11.916896, 55.456009], [11.914293, 55.455253], [11.911838, 55.454565], [11.905638, 55.45287], [11.899611, 55.451349], [11.896449, 55.450732], [11.89307, 55.450165], [11.829783, 55.440849], [11.824957, 55.440152], [11.82172, 55.439777], [11.819051, 55.439596], [11.798266, 55.438608], [11.795207, 55.438498], [11.791778, 55.438307], [11.789228, 55.438248], [11.786564, 55.438138], [11.786405, 55.438132], [11.782992, 55.43794], [11.779543, 55.437686], [11.772993, 55.437404], [11.72, 55.44], [11.65, 55.44], [11.62, 55.43], [11.65, 55.44], [11.62, 55.43]]}, "properties": {"shape_id": "2596", "route_id": "26549_2", "route_short_name": "ECE", "agency_id": "203"}}, {"type": "Feature", "geometry": {"type": "LineString", "coordinates": [[11.62, 55.43], [11.65, 55.44], [11.62, 55.43], [11.65, 55.44], [11.72, 55.44], [11.772993, 55.437404], [11.779543, 55.437686], [11.782992, 55.43794], [11.786405, 55.438132], [11.786564, 55.438138], [11.803201, 55.438845], [11.82172, 55.439777], [11.82566, 55.440252], [11.851376, 55.444033], [11.896449, 55.450732], [11.899611, 55.451349], [11.905638, 55.45287], [11.911838, 55.454565], [11.914293, 55.455253], [11.916896, 55.456009], [11.919629, 55.456609], [11.921365, 55.456972], [11.923721, 55.457383], [11.925547, 55.457681], [11.927867, 55.458039], [11.930449, 55.458292], [11.932853, 55.458504], [11.93476, 55.458611], [11.936964, 55.458675], [11.939626, 55.458737], [11.94252, 55.458721], [11.944667, 55.458652], [11.949444, 55.458429], [11.952548, 55.458264], [11.956065, 55.458116], [11.960384, 55.457894], [11.963444, 55.457775], [11.966063, 55.457676], [11.967674, 55.457646], [11.970129, 55.457685], [11.972507, 55.457744], [11.975686, 55.457946], [11.978344, 55.458151], [11.980585, 55.458294], [11.982268, 55.458361], [11.985834, 55.458454], [11.990211, 55.458589], [11.9931, 55.458707], [11.996746, 55.459014], [12.000622, 55.459422], [12.003607, 55.459771], [12.007008, 55.460182], [12.012213, 55.461214], [12.01899, 55.462521], [12.025706, 55.463641], [12.029857, 55.464122], [12.037066, 55.464861], [12.043958, 55.465588], [12.04885, 55.466231], [12.05135, 55.466636], [12.057855, 55.467876], [12.071511, 55.471112], [12.077276, 55.472783], [12.084762, 55.475624], [12.089334, 55.477199], [12.094073, 55.478293], [12.09912, 55.479271], [12.102656, 55.479739], [12.107662, 55.480196], [12.113767, 55.480319], [12.132309, 55.480574], [12.138995, 55.480646], [12.141852, 55.480734], [12.14386, 55.480898], [12.146497, 55.481208], [12.149177, 55.48167], [12.151595, 55.48221], [12.153616, 55.482733], [12.155974, 55.483517], [12.15861, 55.4846], [12.161555, 55.485989], [12.163656, 55.487302], [12.166076, 55.489244], [12.167483, 55.490601], [12.169244, 55.492803], [12.170768, 55.495416], [12.172743, 55.499887], [12.173575, 55.501753], [12.175371, 55.505573], [12.17671, 55.508235], [12.178043, 55.510224], [12.184833, 55.519937], [12.189842, 55.52681], [12.193331, 55.531727], [12.19674, 55.535045], [12.19889, 55.536733], [12.201827, 55.538733], [12.205124, 55.540472], [12.209208, 55.542532], [12.211374, 55.543815], [12.213771, 55.545397], [12.216937, 55.547849], [12.220645, 55.550926], [12.223323, 55.553409], [12.226584, 55.557971], [12.229512, 55.561957], [12.231142, 55.563641], [12.233907, 55.565815], [12.237689, 55.568593], [12.244842, 55.573357], [12.248332, 55.575458], [12.25406, 55.57928], [12.259592, 55.583602], [12.263079, 55.586017], [12.269339, 55.589905], [12.272843, 55.592518], [12.276417, 55.595398], [12.281743, 55.599652], [12.283152, 55.600747], [12.285384, 55.60218], [12.287077, 55.60324], [12.291806, 55.605658], [12.301476, 55.61054], [12.30937, 55.614499], [12.312119, 55.616196], [12.313519, 55.617165], [12.316405, 55.619542], [12.320607, 55.623771], [12.323377, 55.626645], [12.325071, 55.628253], [12.3275, 55.630093], [12.329648, 55.631626], [12.331084, 55.63263], [12.334149, 55.634471], [12.337315, 55.635994], [12.340635, 55.637468], [12.345088, 55.638983], [12.351123, 55.64041], [12.356682, 55.641282], [12.36325, 55.641687], [12.373892, 55.641952], [12.382046, 55.641925], [12.390735, 55.641298], [12.401242, 55.64], [12.404112, 55.639741], [12.413441, 55.639158], [12.415539, 55.639162], [12.418013, 55.639273], [12.420385, 55.639494], [12.424012, 55.640068], [12.42657, 55.640787], [12.430238, 55.642006], [12.434657, 55.644175], [12.436254, 55.644985], [12.440375, 55.64647], [12.444292, 55.647259], [12.449923, 55.648009], [12.454925, 55.648659], [12.458626, 55.649328], [12.469996, 55.651317], [12.474265, 55.651943], [12.479018, 55.652455], [12.481989, 55.652785], [12.483592, 55.653108], [12.484976, 55.653464], [12.486367, 55.65391], [12.487392, 55.654348], [12.493047, 55.657307], [12.494763, 55.658005], [12.496006, 55.658212], [12.49731, 55.658391], [12.499413, 55.65843], [12.501247, 55.658305], [12.503278, 55.657897], [12.506228, 55.656913], [12.508147, 55.656139], [12.509937, 55.65535], [12.512294, 55.65415], [12.515503, 55.652331], [12.515967, 55.652363], [12.516443, 55.652359], [12.516918, 55.652327], [12.517389, 55.652268], [12.517843, 55.652183], [12.52028, 55.65152], [12.52122, 55.651358], [12.521865, 55.651286], [12.522512, 55.651231], [12.523178, 55.651212], [12.523831, 55.65122], [12.527341, 55.651524], [12.528437, 55.65169], [12.529576, 55.651972], [12.535749, 55.653763], [12.536557, 55.654082], [12.537482, 55.654648], [12.537653, 55.654778], [12.538153, 55.655205], [12.538576, 55.65566], [12.538906, 55.656145], [12.53929, 55.657411], [12.53992, 55.65875], [12.541042, 55.660597], [12.541383, 55.661028], [12.541817, 55.661429], [12.542343, 55.661791], [12.542944, 55.662116], [12.54359, 55.662394], [12.544377, 55.66265], [12.544539, 55.662681], [12.545389, 55.662764], [12.546065, 55.662844], [12.547051, 55.663022], [12.5477, 55.663165], [12.557815, 55.664365], [12.558218, 55.664425], [12.558608, 55.664512], [12.559164, 55.664685], [12.559909, 55.665005], [12.562396, 55.666291], [12.564634, 55.667457], [12.565021, 55.667689], [12.565379, 55.667948], [12.56569, 55.668218], [12.565939, 55.668507], [12.566157, 55.668807], [12.566328, 55.669108], [12.566452, 55.669428], [12.566529, 55.669749], [12.566543, 55.670072], [12.566524, 55.670388], [12.566441, 55.670705], [12.566311, 55.671023], [12.566186, 55.671225], [12.56592, 55.671619], [12.565622, 55.672014], [12.565274, 55.672384], [12.564894, 55.672755]]}, "properties": {"shape_id": "2598", "route_id": "26550_2", "route_short_name": "RJ", "agency_id": "203"}}, {"type": "Feature", "geometry": {"type": "LineString", "coordinates": [[11.62, 55.43], [11.65, 55.44], [11.62, 55.43], [11.65, 55.44], [11.72, 55.44], [11.772993, 55.437404], [11.779543, 55.437686], [11.782992, 55.43794], [11.786405, 55.438132], [11.786564, 55.438138], [11.803201, 55.438845], [11.82172, 55.439777], [11.82566, 55.440252], [11.851376, 55.444033], [11.896449, 55.450732], [11.899611, 55.451349], [11.905638, 55.45287], [11.911838, 55.454565], [11.914293, 55.455253], [11.916896, 55.456009], [11.919629, 55.456609], [11.921365, 55.456972], [11.923721, 55.457383], [11.925547, 55.457681], [11.927867, 55.458039], [11.930449, 55.458292], [11.932853, 55.458504], [11.93476, 55.458611], [11.936964, 55.458675], [11.939626, 55.458737], [11.94252, 55.458721], [11.944667, 55.458652], [11.949444, 55.458429], [11.952548, 55.458264], [11.956065, 55.458116], [11.960384, 55.457894], [11.963444, 55.457775], [11.966063, 55.457676], [11.967674, 55.457646], [11.970129, 55.457685], [11.972507, 55.457744], [11.975686, 55.457946], [11.978344, 55.458151], [11.980585, 55.458294], [11.982268, 55.458361], [11.985834, 55.458454], [11.990211, 55.458589], [11.9931, 55.458707], [11.996746, 55.459014], [12.000622, 55.459422], [12.003607, 55.459771], [12.007008, 55.460182], [12.012213, 55.461214], [12.01899, 55.462521], [12.025706, 55.463641], [12.029857, 55.464122], [12.037066, 55.464861], [12.043958, 55.465588], [12.04885, 55.466231], [12.05135, 55.466636], [12.057855, 55.467876], [12.071511, 55.471112], [12.077276, 55.472783], [12.084762, 55.475624], [12.089334, 55.477199], [12.094073, 55.478293], [12.09912, 55.479271], [12.102656, 55.479739], [12.107662, 55.480196], [12.113767, 55.480319], [12.132309, 55.480574], [12.138995, 55.480646], [12.141852, 55.480734], [12.14386, 55.480898], [12.146497, 55.481208], [12.149177, 55.48167], [12.151595, 55.48221], [12.153616, 55.482733], [12.155974, 55.483517], [12.15861, 55.4846], [12.161555, 55.485989], [12.163656, 55.487302], [12.166076, 55.489244], [12.167483, 55.490601], [12.169244, 55.492803], [12.170768, 55.495416], [12.172743, 55.499887], [12.173575, 55.501753], [12.175371, 55.505573], [12.17671, 55.508235], [12.178043, 55.510224], [12.184833, 55.519937], [12.189842, 55.52681], [12.193331, 55.531727], [12.19674, 55.535045], [12.19889, 55.536733], [12.201827, 55.538733], [12.205124, 55.540472], [12.209208, 55.542532], [12.211374, 55.543815], [12.213771, 55.545397], [12.216937, 55.547849], [12.220645, 55.550926], [12.223323, 55.553409], [12.226584, 55.557971], [12.229512, 55.561957], [12.231142, 55.563641], [12.233907, 55.565815], [12.237689, 55.568593], [12.244842, 55.573357], [12.248332, 55.575458], [12.25406, 55.57928], [12.259592, 55.583602], [12.263079, 55.586017], [12.269339, 55.589905], [12.272843, 55.592518], [12.276417, 55.595398], [12.281743, 55.599652], [12.283152, 55.600747], [12.285384, 55.60218], [12.287077, 55.60324], [12.291806, 55.605658], [12.301476, 55.61054], [12.30937, 55.614499], [12.312119, 55.616196], [12.313519, 55.617165], [12.316405, 55.619542], [12.320607, 55.623771], [12.323377, 55.626645], [12.325071, 55.628253], [12.3275, 55.630093], [12.329648, 55.631626], [12.331084, 55.63263], [12.334149, 55.634471], [12.337315, 55.635994], [12.340635, 55.637468], [12.345088, 55.638983], [12.351123, 55.64041], [12.356682, 55.641282], [12.36325, 55.641687], [12.373892, 55.641952], [12.382046, 55.641925], [12.390735, 55.641298], [12.401242, 55.64], [12.404112, 55.639741], [12.413441, 55.639158], [12.415539, 55.639162], [12.418013, 55.639273], [12.420385, 55.639494], [12.424012, 55.640068], [12.42657, 55.640787], [12.430238, 55.642006], [12.434657, 55.644175], [12.436254, 55.644985], [12.440375, 55.64647], [12.444292, 55.647259], [12.449923, 55.648009], [12.454925, 55.648659], [12.458626, 55.649328], [12.469996, 55.651317], [12.474265, 55.651943], [12.479018, 55.652455], [12.481989, 55.652785], [12.483592, 55.653108], [12.484976, 55.653464], [12.486367, 55.65391], [12.487392, 55.654348], [12.493047, 55.657307], [12.494763, 55.658005], [12.496006, 55.658212], [12.49731, 55.658391], [12.499413, 55.65843], [12.501247, 55.658305], [12.503278, 55.657897], [12.506228, 55.656913], [12.508147, 55.656139], [12.509937, 55.65535], [12.512294, 55.65415], [12.515503, 55.652331], [12.515967, 55.652363], [12.516443, 55.652359], [12.516918, 55.652327], [12.517389, 55.652268], [12.517843, 55.652183], [12.52028, 55.65152], [12.52122, 55.651358], [12.521865, 55.651286], [12.522512, 55.651231], [12.523178, 55.651212], [12.523831, 55.65122], [12.527341, 55.651524], [12.528437, 55.65169], [12.529576, 55.651972], [12.535749, 55.653763], [12.536557, 55.654082], [12.537482, 55.654648], [12.537653, 55.654778], [12.538153, 55.655205], [12.538576, 55.65566], [12.538906, 55.656145], [12.53929, 55.657411], [12.53992, 55.65875], [12.541042, 55.660597], [12.541383, 55.661028], [12.541817, 55.661429], [12.542343, 55.661791], [12.542944, 55.662116], [12.54359, 55.662394], [12.544377, 55.66265], [12.544539, 55.662681], [12.545389, 55.662764], [12.546065, 55.662844], [12.547051, 55.663022], [12.5477, 55.663165], [12.557815, 55.664365], [12.558218, 55.664425], [12.558608, 55.664512], [12.559164, 55.664685], [12.559909, 55.665005], [12.562396, 55.666291], [12.564634, 55.667457], [12.565021, 55.667689], [12.565379, 55.667948], [12.56569, 55.668218], [12.565939, 55.668507], [12.566157, 55.668807], [12.566328, 55.669108], [12.566452, 55.669428], [12.566529, 55.669749], [12.566543, 55.670072], [12.566524, 55.670388], [12.566441, 55.670705], [12.566311, 55.671023], [12.566186, 55.671225], [12.56592, 55.671619], [12.565622, 55.672014], [12.565274, 55.672384], [12.564894, 55.672755]]}, "properties": {"shape_id": "2599", "route_id": "26550_2", "route_short_name": "RJ", "agency_id": "203"}}, {"type": "Feature", "geometry": {"type": "LineString", "coordinates": [[12.564894, 55.672755], [12.565274, 55.672384], [12.565622, 55.672014], [12.56592, 55.671619], [12.566186, 55.671225], [12.566311, 55.671023], [12.566441, 55.670705], [12.566524, 55.670388], [12.566543, 55.670072], [12.566529, 55.669749], [12.566452, 55.669428], [12.566328, 55.669108], [12.566157, 55.668807], [12.565939, 55.668507], [12.56569, 55.668218], [12.565379, 55.667948], [12.565021, 55.667689], [12.564634, 55.667457], [12.562396, 55.666291], [12.559909, 55.665005], [12.559164, 55.664685], [12.558608, 55.664512], [12.558218, 55.664425], [12.557815, 55.664365], [12.5477, 55.663165], [12.547051, 55.663022], [12.546065, 55.662844], [12.545389, 55.662764], [12.544539, 55.662681], [12.544377, 55.66265], [12.54359, 55.662394], [12.542944, 55.662116], [12.542343, 55.661791], [12.541817, 55.661429], [12.541383, 55.661028], [12.541042, 55.660597], [12.53992, 55.65875], [12.53929, 55.657411], [12.538906, 55.656145], [12.538576, 55.65566], [12.538153, 55.655205], [12.537653, 55.654778], [12.537482, 55.654648], [12.536557, 55.654082], [12.535749, 55.653763], [12.529576, 55.651972], [12.528437, 55.65169], [12.527341, 55.651524], [12.523831, 55.65122], [12.523178, 55.651212], [12.522512, 55.651231], [12.521865, 55.651286], [12.52122, 55.651358], [12.52028, 55.65152], [12.517843, 55.652183], [12.517389, 55.652268], [12.516918, 55.652327], [12.516443, 55.652359], [12.515967, 55.652363], [12.515503, 55.652331], [12.513475, 55.653487], [12.511108, 55.65475], [12.508895, 55.655794], [12.506228, 55.656913], [12.503278, 55.657897], [12.501247, 55.658305], [12.499413, 55.65843], [12.49731, 55.658391], [12.496006, 55.658212], [12.494763, 55.658005], [12.493047, 55.657307], [12.487392, 55.654348], [12.486367, 55.65391], [12.484976, 55.653464], [12.483592, 55.653108], [12.481989, 55.652785], [12.479018, 55.652455], [12.474265, 55.651943], [12.469996, 55.651317], [12.458626, 55.649328], [12.454925, 55.648659], [12.449923, 55.648009], [12.444292, 55.647259], [12.440375, 55.64647], [12.436254, 55.644985], [12.434657, 55.644175], [12.430238, 55.642006], [12.42657, 55.640787], [12.424012, 55.640068], [12.420385, 55.639494], [12.418013, 55.639273], [12.415539, 55.639162], [12.413441, 55.639158], [12.404112, 55.639741], [12.401242, 55.64], [12.390735, 55.641298], [12.382046, 55.641925], [12.373892, 55.641952], [12.36325, 55.641687], [12.356682, 55.641282], [12.351123, 55.64041], [12.345088, 55.638983], [12.340635, 55.637468], [12.337315, 55.635994], [12.334149, 55.634471], [12.331084, 55.63263], [12.329648, 55.631626], [12.3275, 55.630093], [12.325071, 55.628253], [12.323377, 55.626645], [12.320607, 55.623771], [12.316405, 55.619542], [12.313519, 55.617165], [12.312119, 55.616196], [12.30937, 55.614499], [12.301476, 55.61054], [12.291806, 55.605658], [12.287077, 55.60324], [12.285384, 55.60218], [12.283152, 55.600747], [12.281743, 55.599652], [12.276417, 55.595398], [12.272843, 55.592518], [12.269339, 55.589905], [12.263079, 55.586017], [12.259592, 55.583602], [12.25406, 55.57928], [12.248332, 55.575458], [12.244842, 55.573357], [12.237689, 55.568593], [12.233907, 55.565815], [12.231142, 55.563641], [12.229512, 55.561957], [12.226584, 55.557971], [12.223323, 55.553409], [12.220645, 55.550926], [12.216937, 55.547849], [12.213771, 55.545397], [12.211374, 55.543815], [12.209208, 55.542532], [12.205124, 55.540472], [12.201827, 55.538733], [12.19889, 55.536733], [12.19674, 55.535045], [12.193331, 55.531727], [12.189842, 55.52681], [12.184833, 55.519937], [12.178043, 55.510224], [12.17671, 55.508235], [12.175371, 55.505573], [12.173575, 55.501753], [12.172743, 55.499887], [12.170768, 55.495416], [12.169244, 55.492803], [12.167483, 55.490601], [12.166076, 55.489244], [12.163656, 55.487302], [12.161555, 55.485989], [12.15861, 55.4846], [12.155974, 55.483517], [12.153616, 55.482733], [12.151595, 55.48221], [12.149177, 55.48167], [12.146497, 55.481208], [12.14386, 55.480898], [12.141852, 55.480734], [12.138995, 55.480646], [12.132309, 55.480574], [12.113767, 55.480319], [12.107662, 55.480196], [12.102656, 55.479739], [12.09912, 55.479271], [12.094073, 55.478293], [12.089334, 55.477199], [12.084762, 55.475624], [12.077276, 55.472783], [12.071511, 55.471112], [12.057855, 55.467876], [12.05135, 55.466636], [12.04885, 55.466231], [12.043958, 55.465588], [12.037066, 55.464861], [12.029857, 55.464122], [12.025706, 55.463641], [12.01899, 55.462521], [12.012213, 55.461214], [12.007008, 55.460182], [12.003607, 55.459771], [12.000622, 55.459422], [11.996746, 55.459014], [11.9931, 55.458707], [11.990211, 55.458589], [11.985834, 55.458454], [11.982268, 55.458361], [11.980585, 55.458294], [11.978344, 55.458151], [11.975686, 55.457946], [11.972507, 55.457744], [11.970129, 55.457685], [11.967674, 55.457646], [11.966063, 55.457676], [11.963444, 55.457775], [11.960384, 55.457894], [11.956065, 55.458116], [11.952548, 55.458264], [11.949444, 55.458429], [11.944667, 55.458652], [11.94252, 55.458721], [11.939626, 55.458737], [11.936964, 55.458675], [11.93476, 55.458611], [11.932853, 55.458504], [11.930449, 55.458292], [11.927867, 55.458039], [11.925547, 55.457681], [11.923721, 55.457383], [11.921365, 55.456972], [11.919629, 55.456609], [11.916896, 55.456009], [11.914293, 55.455253], [11.911838, 55.454565], [11.905638, 55.45287], [11.899611, 55.451349], [11.896449, 55.450732], [11.89307, 55.450165], [11.829783, 55.440849], [11.824957, 55.440152], [11.82172, 55.439777], [11.819051, 55.439596], [11.798266, 55.438608], [11.795207, 55.438498], [11.791778, 55.438307], [11.789228, 55.438248], [11.786564, 55.438138], [11.786405, 55.438132], [11.782992, 55.43794], [11.779543, 55.437686], [11.772993, 55.437404], [11.72, 55.44], [11.65, 55.44], [11.62, 55.43], [11.65, 55.44], [11.62, 55.43]]}, "properties": {"shape_id": "2601", "route_id": "26550_2", "route_short_name": "RJ", "agency_id": "203"}}, {"type": "Feature", "geometry": {"type": "LineString", "coordinates": [[12.564894, 55.672755], [12.565274, 55.672384], [12.565622, 55.672014], [12.56592, 55.671619], [12.566186, 55.671225], [12.566311, 55.671023], [12.566441, 55.670705], [12.566524, 55.670388], [12.566543, 55.670072], [12.566529, 55.669749], [12.566452, 55.669428], [12.566328, 55.669108], [12.566157, 55.668807], [12.565939, 55.668507], [12.56569, 55.668218], [12.565379, 55.667948], [12.565021, 55.667689], [12.564634, 55.667457], [12.562396, 55.666291], [12.559909, 55.665005], [12.559164, 55.664685], [12.558608, 55.664512], [12.558218, 55.664425], [12.557815, 55.664365], [12.5477, 55.663165], [12.547051, 55.663022], [12.546065, 55.662844], [12.545389, 55.662764], [12.544539, 55.662681], [12.544377, 55.66265], [12.54359, 55.662394], [12.542944, 55.662116], [12.542343, 55.661791], [12.541817, 55.661429], [12.541383, 55.661028], [12.541042, 55.660597], [12.53992, 55.65875], [12.53929, 55.657411], [12.538906, 55.656145], [12.538576, 55.65566], [12.538153, 55.655205], [12.537653, 55.654778], [12.537482, 55.654648], [12.536557, 55.654082], [12.535749, 55.653763], [12.529576, 55.651972], [12.528437, 55.65169], [12.527341, 55.651524], [12.523831, 55.65122], [12.523178, 55.651212], [12.522512, 55.651231], [12.521865, 55.651286], [12.52122, 55.651358], [12.52028, 55.65152], [12.517843, 55.652183], [12.517389, 55.652268], [12.516918, 55.652327], [12.516443, 55.652359], [12.515967, 55.652363], [12.515503, 55.652331], [12.513475, 55.653487], [12.511108, 55.65475], [12.508895, 55.655794], [12.506228, 55.656913], [12.503278, 55.657897], [12.501247, 55.658305], [12.499413, 55.65843], [12.49731, 55.658391], [12.496006, 55.658212], [12.494763, 55.658005], [12.493047, 55.657307], [12.487392, 55.654348], [12.486367, 55.65391], [12.484976, 55.653464], [12.483592, 55.653108], [12.481989, 55.652785], [12.479018, 55.652455], [12.474265, 55.651943], [12.469996, 55.651317], [12.458626, 55.649328], [12.454925, 55.648659], [12.449923, 55.648009], [12.444292, 55.647259], [12.440375, 55.64647], [12.436254, 55.644985], [12.434657, 55.644175], [12.430238, 55.642006], [12.42657, 55.640787], [12.424012, 55.640068], [12.420385, 55.639494], [12.418013, 55.639273], [12.415539, 55.639162], [12.413441, 55.639158], [12.404112, 55.639741], [12.401242, 55.64], [12.390735, 55.641298], [12.382046, 55.641925], [12.373892, 55.641952], [12.36325, 55.641687], [12.356682, 55.641282], [12.351123, 55.64041], [12.345088, 55.638983], [12.340635, 55.637468], [12.337315, 55.635994], [12.334149, 55.634471], [12.331084, 55.63263], [12.329648, 55.631626], [12.3275, 55.630093], [12.325071, 55.628253], [12.323377, 55.626645], [12.320607, 55.623771], [12.316405, 55.619542], [12.313519, 55.617165], [12.312119, 55.616196], [12.30937, 55.614499], [12.301476, 55.61054], [12.291806, 55.605658], [12.287077, 55.60324], [12.285384, 55.60218], [12.283152, 55.600747], [12.281743, 55.599652], [12.276417, 55.595398], [12.272843, 55.592518], [12.269339, 55.589905], [12.263079, 55.586017], [12.259592, 55.583602], [12.25406, 55.57928], [12.248332, 55.575458], [12.244842, 55.573357], [12.237689, 55.568593], [12.233907, 55.565815], [12.231142, 55.563641], [12.229512, 55.561957], [12.226584, 55.557971], [12.223323, 55.553409], [12.220645, 55.550926], [12.216937, 55.547849], [12.213771, 55.545397], [12.211374, 55.543815], [12.209208, 55.542532], [12.205124, 55.540472], [12.201827, 55.538733], [12.19889, 55.536733], [12.19674, 55.535045], [12.193331, 55.531727], [12.189842, 55.52681], [12.184833, 55.519937], [12.178043, 55.510224], [12.17671, 55.508235], [12.175371, 55.505573], [12.173575, 55.501753], [12.172743, 55.499887], [12.170768, 55.495416], [12.169244, 55.492803], [12.167483, 55.490601], [12.166076, 55.489244], [12.163656, 55.487302], [12.161555, 55.485989], [12.15861, 55.4846], [12.155974, 55.483517], [12.153616, 55.482733], [12.151595, 55.48221], [12.149177, 55.48167], [12.146497, 55.481208], [12.14386, 55.480898], [12.141852, 55.480734], [12.138995, 55.480646], [12.132309, 55.480574], [12.113767, 55.480319], [12.107662, 55.480196], [12.102656, 55.479739], [12.09912, 55.479271], [12.094073, 55.478293], [12.089334, 55.477199], [12.084762, 55.475624], [12.077276, 55.472783], [12.071511, 55.471112], [12.057855, 55.467876], [12.05135, 55.466636], [12.04885, 55.466231], [12.043958, 55.465588], [12.037066, 55.464861], [12.029857, 55.464122], [12.025706, 55.463641], [12.01899, 55.462521], [12.012213, 55.461214], [12.007008, 55.460182], [12.003607, 55.459771], [12.000622, 55.459422], [11.996746, 55.459014], [11.9931, 55.458707], [11.990211, 55.458589], [11.985834, 55.458454], [11.982268, 55.458361], [11.980585, 55.458294], [11.978344, 55.458151], [11.975686, 55.457946], [11.972507, 55.457744], [11.970129, 55.457685], [11.967674, 55.457646], [11.966063, 55.457676], [11.963444, 55.457775], [11.960384, 55.457894], [11.956065, 55.458116], [11.952548, 55.458264], [11.949444, 55.458429], [11.944667, 55.458652], [11.94252, 55.458721], [11.939626, 55.458737], [11.936964, 55.458675], [11.93476, 55.458611], [11.932853, 55.458504], [11.930449, 55.458292], [11.927867, 55.458039], [11.925547, 55.457681], [11.923721, 55.457383], [11.921365, 55.456972], [11.919629, 55.456609], [11.916896, 55.456009], [11.914293, 55.455253], [11.911838, 55.454565], [11.905638, 55.45287], [11.899611, 55.451349], [11.896449, 55.450732], [11.89307, 55.450165], [11.829783, 55.440849], [11.824957, 55.440152], [11.82172, 55.439777], [11.819051, 55.439596], [11.798266, 55.438608], [11.795207, 55.438498], [11.791778, 55.438307], [11.789228, 55.438248], [11.786564, 55.438138], [11.786405, 55.438132], [11.782992, 55.43794], [11.779543, 55.437686], [11.772993, 55.437404], [11.72, 55.44], [11.65, 55.44], [11.62, 55.43], [11.65, 55.44], [11.62, 55.43]]}, "properties": {"shape_id": "2602", "route_id": "26550_2", "route_short_name": "RJ", "agency_id": "203"}}, {"type": "Feature", "geometry": {"type": "LineString", "coordinates": [[12.88, 55.56], [12.516849, 55.652626], [11.62, 55.43]]}, "properties": {"shape_id": "5915", "route_id": "26719_2", "route_short_name": "083", "agency_id": "451"}}, {"type": "Feature", "geometry": {"type": "LineString", "coordinates": [[12.88, 55.56], [12.516849, 55.652626], [11.62, 55.43]]}, "properties": {"shape_id": "5916", "route_id": "26719_2", "route_short_name": "083", "agency_id": "451"}}, {"type": "Feature", "geometry": {"type": "LineString", "coordinates": [[12.88, 55.56], [12.516849, 55.652626], [11.65, 55.44], [11.62, 55.43]]}, "properties": {"shape_id": "5917", "route_id": "26719_2", "route_short_name": "083", "agency_id": "451"}}, {"type": "Feature", "geometry": {"type": "LineString", "coordinates": [[11.62, 55.43], [12.516849, 55.652626], [12.88, 55.56]]}, "properties": {"shape_id": "5918", "route_id": "26719_2", "route_short_name": "083", "agency_id": "451"}}, {"type": "Feature", "geometry": {"type": "LineString", "coordinates": [[11.62, 55.43], [12.516849, 55.652626], [12.88, 55.56]]}, "properties": {"shape_id": "5921", "route_id": "26719_2", "route_short_name": "083", "agency_id": "451"}}, {"type": "Feature", "geometry": {"type": "LineString", "coordinates": [[11.62, 55.43], [11.65, 55.44], [12.516849, 55.652626], [12.88, 55.56]]}, "properties": {"shape_id": "5923", "route_id": "26719_2", "route_short_name": "083", "agency_id": "451"}}, {"type": "Feature", "geometry": {"type": "Point", "coordinates": [11.786376, 55.438394]}, "properties": {"stop_id": "000008600611", "stop_name": "Ringsted St.", "route_short_names": ["ECE", "IC", "ICL", "RE", "RJ"]}}, {"type": "Feature", "geometry": {"type": "Point", "coordinates": [11.972515, 55.494621]}, "properties": {"stop_id": "000008600614", "stop_name": "Borup St.", "route_short_names": ["IC", "RE"]}}, {"type": "Feature", "geometry": {"type": "Point", "coordinates": [12.024494, 55.549608]}, "properties": {"stop_id": "000008600615", "stop_name": "Viby Sj\u00e6lland St.", "route_short_names": ["IC", "RE"]}}, {"type": "Feature", "geometry": {"type": "Point", "coordinates": [12.088547, 55.639089]}, "properties": {"stop_id": "000008600617", "stop_name": "Roskilde St.", "route_short_names": ["IC", "RE"]}}, {"type": "Feature", "geometry": {"type": "Point", "coordinates": [12.197312, 55.648986]}, "properties": {"stop_id": "000008600619", "stop_name": "Hedehusene St.", "route_short_names": ["IC", "RE"]}}, {"type": "Feature", "geometry": {"type": "Point", "coordinates": [12.397827, 55.663148]}, "properties": {"stop_id": "000008600622", "stop_name": "Glostrup St.", "route_short_names": ["IC", "RE"]}}, {"type": "Feature", "geometry": {"type": "Point", "coordinates": [12.51445, 55.663997]}, "properties": {"stop_id": "000008600624", "stop_name": "Valby St.", "route_short_names": ["IC", "RE"]}}, {"type": "Feature", "geometry": {"type": "Point", "coordinates": [12.565558, 55.673059]}, "properties": {"stop_id": "000008600626", "stop_name": "K\u00f8benhavn H", "route_short_names": ["802", "803", "804", "805", "806", "ECE", "IC", "ICL", "RE", "RJ"]}}, {"type": "Feature", "geometry": {"type": "Point", "coordinates": [12.571804, 55.683452]}, "properties": {"stop_id": "000008600646", "stop_name": "N\u00f8rreport St.", "route_short_names": ["802", "803", "804", "805", "806", "IC", "RE"]}}, {"type": "Feature", "geometry": {"type": "Point", "coordinates": [12.587785, 55.692499]}, "properties": {"stop_id": "000008600650", "stop_name": "\u00d8sterport St.", "route_short_names": ["802", "803", "804", "805", "806", "IC", "RE"]}}, {"type": "Feature", "geometry": {"type": "Point", "coordinates": [12.567658, 55.731022]}, "properties": {"stop_id": "000008600655", "stop_name": "Hellerup St.", "route_short_names": ["RE"]}}, {"type": "Feature", "geometry": {"type": "Point", "coordinates": [12.58773, 55.777446]}, "properties": {"stop_id": "000008600659", "stop_name": "Klampenborg St.", "route_short_names": ["RE"]}}, {"type": "Feature", "geometry": {"type": "Point", "coordinates": [12.571291, 55.823531]}, "properties": {"stop_id": "000008600661", "stop_name": "Skodsborg St.", "route_short_names": ["RE"]}}, {"type": "Feature", "geometry": {"type": "Point", "coordinates": [12.563022, 55.852904]}, "properties": {"stop_id": "000008600662", "stop_name": "Vedb\u00e6k St.", "route_short_names": ["RE"]}}, {"type": "Feature", "geometry": {"type": "Point", "coordinates": [12.531477, 55.882227]}, "properties": {"stop_id": "000008600663", "stop_name": "Rungsted Kyst St.", "route_short_names": ["RE"]}}, {"type": "Feature", "geometry": {"type": "Point", "coordinates": [12.502057, 55.903488]}, "properties": {"stop_id": "000008600664", "stop_name": "Kokkedal St.", "route_short_names": ["RE"]}}, {"type": "Feature", "geometry": {"type": "Point", "coordinates": [12.506578, 55.933336]}, "properties": {"stop_id": "000008600665", "stop_name": "Niv\u00e5 St.", "route_short_names": ["RE"]}}, {"type": "Feature", "geometry": {"type": "Point", "coordinates": [12.533408, 55.963742]}, "properties": {"stop_id": "000008600666", "stop_name": "Humleb\u00e6k St.", "route_short_names": ["RE"]}}, {"type": "Feature", "geometry": {"type": "Point", "coordinates": [12.549379, 55.995804]}, "properties": {"stop_id": "000008600667", "stop_name": "Esperg\u00e6rde St.", "route_short_names": ["RE"]}}, {"type": "Feature", "geometry": {"type": "Point", "coordinates": [12.583883, 56.009237]}, "properties": {"stop_id": "000008600668", "stop_name": "Snekkersten St.", "route_short_names": ["RE"]}}, {"type": "Feature", "geometry": {"type": "Point", "coordinates": [12.614169, 56.033618]}, "properties": {"stop_id": "000008600669", "stop_name": "Helsing\u00f8r St.", "route_short_names": ["RE"]}}, {"type": "Feature", "geometry": {"type": "Point", "coordinates": [12.13228, 55.647932]}, "properties": {"stop_id": "000008600755", "stop_name": "Trekroner St.", "route_short_names": ["IC", "RE"]}}, {"type": "Feature", "geometry": {"type": "Point", "coordinates": [11.695302, 55.353526]}, "properties": {"stop_id": "000008600773", "stop_name": "Glums\u00f8 St.", "route_short_names": ["RE"]}}, {"type": "Feature", "geometry": {"type": "Point", "coordinates": [12.516849, 55.652626]}, "properties": {"stop_id": "000008600783", "stop_name": "K\u00f8benhavn Syd St.", "route_short_names": ["083", "ECE", "IC", "ICL", "RE", "RJ"]}}, {"type": "Feature", "geometry": {"type": "Point", "coordinates": [12.175762, 55.479751]}, "properties": {"stop_id": "000008600792", "stop_name": "\u00d8lby St.", "route_short_names": ["RE"]}}, {"type": "Feature", "geometry": {"type": "Point", "coordinates": [11.786463, 55.248323]}, "properties": {"stop_id": "000008600793", "stop_name": "N\u00e6stved Nord St.", "route_short_names": ["RE"]}}, {"type": "Feature", "geometry": {"type": "Point", "coordinates": [12.173986, 55.49919]}, "properties": {"stop_id": "000008600797", "stop_name": "K\u00f8ge Nord St.", "route_short_names": ["ECE", "IC", "ICL", "RE", "RJ"]}}, {"type": "Feature", "geometry": {"type": "Point", "coordinates": [12.269581, 55.648869]}, "properties": {"stop_id": "000008600798", "stop_name": "H\u00f8je Taastrup St.", "route_short_names": ["IC", "RE"]}}, {"type": "Feature", "geometry": {"type": "Point", "coordinates": [12.186333, 55.457547]}, "properties": {"stop_id": "000008600803", "stop_name": "K\u00f8ge St.", "route_short_names": ["RE"]}}, {"type": "Feature", "geometry": {"type": "Point", "coordinates": [12.137254, 55.417711]}, "properties": {"stop_id": "000008600805", "stop_name": "Herf\u00f8lge St.", "route_short_names": ["RE"]}}, {"type": "Feature", "geometry": {"type": "Point", "coordinates": [12.076073, 55.373227]}, "properties": {"stop_id": "000008600806", "stop_name": "Tureby St.", "route_short_names": ["RE"]}}, {"type": "Feature", "geometry": {"type": "Point", "coordinates": [11.961038, 55.329365]}, "properties": {"stop_id": "000008600807", "stop_name": "Haslev St.", "route_short_names": ["RE"]}}, {"type": "Feature", "geometry": {"type": "Point", "coordinates": [11.84874, 55.260954]}, "properties": {"stop_id": "000008600809", "stop_name": "Holme-Olstrup St.", "route_short_names": ["RE"]}}, {"type": "Feature", "geometry": {"type": "Point", "coordinates": [11.767053, 55.231244]}, "properties": {"stop_id": "000008600810", "stop_name": "N\u00e6stved St.", "route_short_names": ["RE"]}}, {"type": "Feature", "geometry": {"type": "Point", "coordinates": [12.578776, 55.628434]}, "properties": {"stop_id": "000008600856", "stop_name": "\u00d8restad St.", "route_short_names": ["802", "803", "804", "805", "806", "IC", "ICL", "RE"]}}, {"type": "Feature", "geometry": {"type": "Point", "coordinates": [12.602095, 55.629855]}, "properties": {"stop_id": "000008600857", "stop_name": "T\u00e5rnby St.", "route_short_names": ["802", "803", "804", "805", "806", "IC", "ICL", "RE"]}}, {"type": "Feature", "geometry": {"type": "Point", "coordinates": [12.649166, 55.629443]}, "properties": {"stop_id": "000008600858", "stop_name": "CPH Lufthavn", "route_short_names": ["802", "803", "804", "805", "806", "IC", "ICL", "RE"]}}, {"type": "Feature", "geometry": {"type": "Point", "coordinates": [11.62, 55.43]}, "properties": {"destination": "europa", "stop_ids": ["000005453179", "000005455659", "000005457076", "000005457256", "000008001279", "000008001289", "000008001301", "000008001305", "000008001311", "000008005784", "000008010100", "000008010101", "000008010102", "000008010133", "000008020400", "000008020402", "000008020403", "000008024313", "000008024643", "000008024738", "000008024790", "000008025670", "000008031922", "000008070006", "000008088761"], "stop_names": ["\u00dast\u00ed nad Labem hl.n.", "Dec\u00edn hl.n.", "Praha hl.n.", "Praha-Hole\u0161ovice", "Hamburg-Eidelstedt Bf", "Hamburg-Langenfelde Bf", "Dresden-Neustadt", "Dresden Hbf", "Bad Schandau", "S\u00fcderl\u00fcgum St.", "Berlin Hbf", "Berlin S\u00fcdkreuz", "Berlin Gesundbrunnen St.", "Berlin-Spandau", "Hamburg Hbf", "Hamburg Dammtor", "Hamburg-Altona", "Flensburg", "Neum\u00fcnster St.", "Rendsburg", "Schleswig", "Nieb\u00fcll St.", "Berlin Hbf", "Flensburg Weiche", "Uphusum St."], "route_short_names": ["030", "083", "ECE", "IC", "RJ"], "n_stops": 25, "marker-color": "#ff0000"}}, {"type": "Feature", "geometry": {"type": "Point", "coordinates": [12.88, 55.56]}, "properties": {"destination": "sverige", "stop_ids": ["000007400001", "000007400002", "000007400003", "000007400004", "000007400006", "000007400007", "000007400009", "000007400044", "000007400045", "000007400055", "000007400058", "000007400064", "000007400069", "000007400073", "000007400079", "000007400080", "000007400096", "000007400110", "000007400120", "000007400140", "000007400141", "000007400161", "000007400185", "000007400189", "000007400200", "000007400230", "000007400235", "000007400250", "000007400260", "000007400295", "000007400315", "000007400366", "000007400368", "000007400511", "000007400937", "000007400945", "000007401270", "000007401537", "000007401554", "000007401579", "000007401585", "000007401586", "000007401603", "000007401604", "000007415362"], "stop_names": ["Stockholm C", "G\u00f6teborg C", "Malm\u00f6 C", "Alvesta St.", "H\u00e4ssleholm C", "Norrk\u00f6ping C", "Link\u00f6ping C", "Helsingborg C", "\u00c4lmhult St.", "S\u00f6dert\u00e4lje Syd St.", "Laholm St.", "\u00c4ngelholm St.", "Ronneby St.", "Karlshamn St.", "S\u00f6lvesborg St.", "Halmstad C", "Emmaboda St.", "Varberg St.", "Lund C", "Nassj\u00f6 C", "Brom\u00f6lla St.", "Kungsbacka St.", "H\u00f6\u00f6r St.", "Nybro St.", "Kristiansstad C", "Karlskrona C", "Lessebo St.", "V\u00e4xj\u00f6 C", "Esl\u00f6v St.", "Osby St.", "M\u00f6lndal St.", "M\u00f6rrum St.", "Br\u00e4kne-Hoby St.", "Hovmantorp St.", "Burl\u00f6v St.", "K\u00e4vlinge St.", "Raml\u00f6sa St.", "Berg\u00e5sa St.", "Landskrona St.", "Falkenberg", "Hyllie St.", "Triangeln St.", "B\u00e5stad St.", "\u00c5sa St.", "Kalmar S St."], "route_short_names": ["083", "802", "803", "804", "805", "806"], "n_stops": 45, "marker-color": "#ff0000"}}, {"type": "Feature", "geometry": {"type": "Point", "coordinates": [11.65, 55.44]}, "properties": {"destination": "fyn_jylland", "stop_ids": ["000008600020", "000008600022", "000008600023", "000008600026", "000008600027", "000008600029", "000008600032", "000008600040", "000008600044", "000008600047", "000008600048", "000008600053", "000008600054", "000008600059", "000008600061", "000008600066", "000008600071", "000008600073", "000008600076", "000008600077", "000008600079", "000008600081", "000008600083", "000008600086", "000008600087", "000008600091", "000008600094", "000008600097", "000008600100", "000008600101", "000008600115", "000008600116", "000008600117", "000008600171", "000008600172", "000008600174", "000008600176", "000008600179", "000008600180", "000008600182", "000008600183", "000008600187", "000008600189", "000008600191", "000008600192", "000008600205", "000008600206", "000008600208", "000008600209", "000008600210", "000008600211", "000008600212", "000008600213", "000008600214", "000008600215", "000008600217", "000008600218", "000008600219", "000008600220", "000008600221", "000008600222", "000008600223", "000008600227", "000008600228", "000008600249", "000008600260", "000008600261", "000008600263", "000008600264", "000008600266", "000008600269", "000008600270", "000008600271", "000008600273", "000008600274", "000008600275", "000008600276", "000008600277", "000008600278", "000008600279", "000008600280", "000008600281", "000008600285", "000008600289", "000008600290", "000008600291", "000008600295", "000008600298", "000008600300", "000008600318", "000008600322", "000008600327", "000008600390", "000008600392", "000008600393", "000008600394", "000008600395", "000008600396", "000008600397", "000008600398", "000008600400", "000008600401", "000008600403", "000008600404", "000008600420", "000008600421", "000008600423", "000008600424", "000008600425", "000008600426", "000008600427", "000008600428", "000008600430", "000008600431", "000008600432", "000008600434", "000008600436", "000008600501", "000008600502", "000008600503", "000008600504", "000008600505", "000008600506", "000008600507", "000008600508", "000008600509", "000008600511", "000008600512", "000008600515", "000008600518", "000008600526", "000008600533", "000008600551", "000008600555", "000008600559", "000008600560", "000008600561", "000008600562", "000008600563", "000008600564", "000008600565", "000008600566", "000008600567", "000008604701", "000008604702", "000008604704", "000008604706", "000008604711", "000008604715", "000008604717", "000008604718", "000008604719", "000008604720", "000008604725", "000008604726", "000008604727", "000008604735", "000008604736", "000008604739"], "stop_names": ["Aalborg St.", "Skalborg St.", "Svenstrup St. (Jylland)", "St\u00f8vring St.", "Sk\u00f8rping St.", "Arden St.", "Hobro St.", "Randers St.", "Lang\u00e5 St.", "Hadsten St.", "Hinnerup St.", "Aarhus H", "Viby Jylland St.", "H\u00f8rning St.", "Skanderborg St.", "Horsens St.", "Hedensted St.", "Vejle St.", "Brejning St.", "B\u00f8rkop St.", "Fredericia St.", "Taulov St.", "Kolding St.", "Lunderskov St.", "Vamdrup St.", "Vojens St.", "R\u00f8dekro St.", "Tinglev St.", "Padborg St.", "Flensburg Gr\u00e6nse", "Aalborg Lufthavn St.", "Lindholm St.", "Aalborg Vestby St.", "Ulstrup St.", "Bjerringbro St.", "R\u00f8dk\u00e6rsbro St.", "Viborg St.", "Spark\u00e6r St.", "Stoholm St.", "H\u00f8jslev St.", "Skive St.", "Vinderup St.", "Struer St.", "Hjerm St.", "Holstebro St.", "Skjern St.", "Tarm St.", "\u00d8lgod St.", "G\u00e5rde St.", "Tistrup St.", "Sig St.", "Varde St.", "Varde Nord St.", "Guldager St.", "Esbjerg St.", "Jerne St.", "Tj\u00e6reborg St.", "Bramming St.", "G\u00f8rding St.", "Holsted St.", "Br\u00f8rup St.", "Vejen St.", "Spangsbjerg St.", "Gjesing St.", "Varde Kaserne St.", "Alken St.", "Ry St.", "Laven St.", "Svejb\u00e6k St.", "Silkeborg St.", "Birk Centerpark St.", "Engesvang St.", "Bording St.", "Ikast St.", "Hammerum St.", "Herning St.", "Herning Messecenter St.", "Studsg\u00e5rd St.", "Kib\u00e6k St.", "Troldhede St.", "Borris St.", "Vejle Sygehus St.", "Jelling St.", "Give St.", "Thyregod St.", "Brande St.", "G\u00f8dstrup St.", "Vildbjerg St.", "Aulum St.", "Kliplev St.", "Gr\u00e5sten St.", "S\u00f8nderborg St.", "Humlum St.", "Oddesund Nord St.", "Uglev St.", "Hvidbjerg St.", "Lyngs St.", "Ydby St.", "Hurup Thy St.", "Bedsted Thy St.", "H\u00f8rdum St.", "Snedsted St.", "Sj\u00f8rring St.", "Thisted St.", "Sejstrup St.", "Gredstedbro St.", "Ribe St.", "Hviding St.", "Rejsby St.", "Br\u00f8ns St.", "Sk\u00e6rb\u00e6k St.", "D\u00f8strup St. (S\u00f8nderjylland)", "Bredebro St.", "Visby St.", "T\u00f8nder St.", "T\u00f8nder Nord St.", "Ribe N\u00f8rremark St.", "Middelfart St.", "Kauslunde St.", "N\u00f8rre Aaby St.", "Ejby St.", "Gelsted St.", "Aarup St.", "Bred St.", "Skalbjerg St.", "Tommerup St.", "Holmstrup St.", "Odense St.", "Langeskov St.", "Nyborg St.", "Odense Sygehus St.", "Fruens B\u00f8ge St.", "Svendborg St.", "Svendborg Vest St.", "Hjallese St.", "H\u00f8jby Fyn St.", "\u00c5rslev St.", "Pederstrup St.", "Ringe", "Rudme St.", "Kv\u00e6rndrup St.", "Stenstrup St.", "Stenstrup Syd St.", "Billum St.", "Boulevarden St.", "Dyreby St.", "Frisvadvej St.", "Henne St.", "Hyllerslev St.", "Janderup St.", "Jegum St.", "Lunde J St.", "L\u00f8ftg\u00e5rd St.", "N\u00f8rre Nebel St.", "Oksb\u00f8l St.", "Outrup St.", "Varde Vest St.", "Baunh\u00f8j St.", "Vr\u00f8gum St."], "route_short_names": ["030", "031", "083", "ECE", "IC", "ICL", "RE", "RJ"], "n_stops": 159, "marker-color": "#ff0000"}}, {"type": "Feature", "geometry": {"type": "Point", "coordinates": [11.72, 55.44]}, "properties": {"destination": "korsor", "stop_ids": ["000008600601", "000008600605", "000008600608"], "stop_names": ["Kors\u00f8r St.", "Slagelse St.", "Sor\u00f8 St."], "route_short_names": ["ECE", "IC", "ICL", "RE", "RJ"], "n_stops": 3, "marker-color": "#ff0000"}}, {"type": "Feature", "geometry": {"type": "Point", "coordinates": [11.83, 55.63]}, "properties": {"destination": "kalundborg", "stop_ids": ["000008600715", "000008600716", "000008600717", "000008600718", "000008600719", "000008600720", "000008600721", "000008600722", "000008600723", "000008600724", "000008600727", "000008600728"], "stop_names": ["Lejre St.", "Hvals\u00f8 St.", "T\u00f8ll\u00f8se St.", "Vipper\u00f8d St.", "Holb\u00e6k St.", "Regstrup St.", "Knabstrup St.", "M\u00f8rk\u00f8v St.", "Jyderup St.", "Sveb\u00f8lle St.", "Kalundborg St.", "Kalundborg \u00d8st St."], "route_short_names": ["RE"], "n_stops": 12, "marker-color": "#ff0000"}}, {"type": "Feature", "geometry": {"type": "Point", "coordinates": [11.79, 55.22]}, "properties": {"destination": "nykobing", "stop_ids": ["000008600814", "000008600816", "000008600819", "000008600821", "000008600822", "000008600824"], "stop_names": ["Lundby St.", "Vordingborg St.", "Orehoved St.", "N\u00f8rre Alslev St.", "Eskilstrup St.", "Nyk\u00f8bing F St."], "route_short_names": ["RE"], "n_stops": 6, "marker-color": "#ff0000"}}]}